Workbook

Sheet 113年9月23日
A1: 項次
B3: 工程名稱 | C3: 預定完成日期 | F3: 實際完成日期 | G3: 113年9月23日當日動員機具 | L3: 承辦 工務所 | M3: =工程基本資料!D3 -> 任益芳 | N3: =M3 -> 任益芳 | O3: =L6 -> 南區工務所
B4: =工程基本資料!C3 -> H-113-03-113019 | C4: 項目 | D4: 日期 | G4: 項目 | H4: 數量 | J4: 今日施作內容 | K4: 明日預定施作內容 | N4: =N3 -> 任益芳 | O4: =O3 -> 南區工務所
A5: 1 | B5: =工程基本資料!B3 -> 113年度南區河濱公園路面暨災後復原預約維護工程 | C5: 機車便道 | D5: 年 月 日 | F5: 年 月 日 | G5: 人(含司機) | H5: 0 | I5: 人 | N5: =N4 -> 任益芳 | O5: =O4 -> 南區工務所
C6: 停車場 | D6: 年 月 日 | F6: 年 月 日 | G6: 怪手 | H6: 0 | I6: 輛 | L6: =工程基本資料!E3 -> 南區工務所 | M6: =工程基本資料!I3 -> 松瑩營造有限公司 | N6: =N5 -> 任益芳 | O6: =O5 -> 南區工務所
C7: 自行車道 | D7: 年 月 日 | F7: 年 月 日 | G7: 吊車 | H7: 0 | I7: 輛 | N7: =N6 -> 任益芳 | O7: =O6 -> 南區工務所
C8: 全面完成 | D8: 年 月 日 | F8: 年 月 日 | G8: 推土機 | H8: 0 | I8: 輛 | N8: =N7 -> 任益芳 | O8: =O7 -> 南區工務所
G9: 卡車 | H9: 0 | I9: 輛 | N9: =N8 -> 任益芳 | O9: =O8 -> 南區工務所
G10: 水車 | H10: 0 | I10: 輛 | N10: =N9 -> 任益芳 | O10: =O9 -> 南區工務所
G11: 夾子車 | H11: 0 | I11: 輛 | N11: =N10 -> 任益芳 | O11: =O10 -> 南區工務所
G12: 鏈鋸 | H12: 0 | I12: 台 | N12: =N11 -> 任益芳 | O12: =O11 -> 南區工務所
G13: 小山貓 | H13: 0 | I13: 輛 | N13: =N12 -> 任益芳 | O13: =O12 -> 南區工務所
B14: 工程名稱 | C14: 預定完成日期 | F14: 實際完成日期 | G14: =$G$3 -> 113年9月23日當日動員機具 | L14: 承辦 工務所 | M14: =工程基本資料!D4 -> 任益芳 | N14: =M14 -> 任益芳 | O14: =L17 -> 南區工務所
B15: =工程基本資料!C4 -> H-113-03-113022 | C15: 項目 | D15: 日期 | G15: 項目 | H15: 數量 | J15: 今日施作內容 | K15: 明日預定施作內容 | N15: =N14 -> 任益芳 | O15: =O14 -> 南區工務所
A16: 2 | B16: =工程基本資料!B4 -> 113年度南區水利建造物檢修改善及災後復原(新店溪永福橋至萬板大橋段)預約維護工程 | C16: 機車便道 | D16: 年 月 日 | F16: 年 月 日 | G16: 人(含司機) | H16: 0 | I16: 人 | N16: =N15 -> 任益芳 | O16: =O15 -> 南區工務所
C17: 停車場 | D17: 年 月 日 | F17: 年 月 日 | G17: 怪手 | H17: 0 | I17: 輛 | L17: =工程基本資料!E4 -> 南區工務所 | M17: =工程基本資料!I4 -> 鋐城營造有限公司 | N17: =N16 -> 任益芳 | O17: =O16 -> 南區工務所
C18: 自行車道 | D18: 年 月 日 | F18: 年 月 日 | G18: 吊車 | H18: 0 | I18: 輛 | N18: =N17 -> 任益芳 | O18: =O17 -> 南區工務所
C19: 全面完成 | D19: 年 月 日 | F19: 年 月 日 | G19: 推土機 | H19: 0 | I19: 輛 | N19: =N18 -> 任益芳 | O19: =O18 -> 南區工務所
G20: 卡車 | H20: 0 | I20: 輛 | N20: =N19 -> 任益芳 | O20: =O19 -> 南區工務所
G21: 水車 | H21: 0 | I21: 輛 | N21: =N20 -> 任益芳 | O21: =O20 -> 南區工務所
G22: 夾子車 | H22: 0 | I22: 輛 | N22: =N21 -> 任益芳 | O22: =O21 -> 南區工務所
G23: 鏈鋸 | H23: 0 | I23: 台 | N23: =N22 -> 任益芳 | O23: =O22 -> 南區工務所
G24: 小山貓 | H24: 0 | I24: 輛 | N24: =N22 -> 任益芳 | O24: =O23 -> 南區工務所
B25: 工程名稱 | C25: 預定完成日期 | F25: 實際完成日期 | G25: =$G$3 -> 113年9月23日當日動員機具 | L25: 承辦 工務所 | M25: =工程基本資料!D5 -> 王伯豪 | N25: =M25 -> 王伯豪 | O25: =L28 -> 南區工務所
B26: =工程基本資料!C5 -> H-113-03-113047 | C26: 項目 | D26: 日期 | G26: 項目 | H26: 數量 | J26: 今日施作內容 | K26: 明日預定施作內容 | N26: =N25 -> 王伯豪 | O26: =O25 -> 南區工務所
A27: 3 | B27: =工程基本資料!B5 -> 113年度南區河濱公園土木（含颱風豪雨設施撤離）暨災後復原預約維護工程 | C27: 機車便道 | D27: 年 月 日 | F27: 年 月 日 | G27: 人(含司機) | H27: 12 | I27: 人 | J27: 景美溪(北新橋至道南橋)自行車道清理 | K27: 景美溪(北新橋至道南橋)自行車道清理 | N27: =N26 -> 王伯豪 | O27: =O26 -> 南區工務所
C28: 停車場 | D28: 年 月 日 | F28: 年 月 日 | G28: 怪手 | H28: 1 | I28: 輛 | L28: =工程基本資料!E5 -> 南區工務所 | M28: =工程基本資料!I5 -> 泇溢營造有限公司 | N28: =N27 -> 王伯豪 | O28: =O27 -> 南區工務所
C29: 自行車道 | D29: 113年 9月 24日 | F29: 年 月 日 | G29: 吊車 | H29: 0 | I29: 輛 | N29: =N28 -> 王伯豪 | O29: =O28 -> 南區工務所
C30: 全面完成 | D30: 年 月 日 | F30: 年 月 日 | G30: 推土機 | H30: 1 | I30: 輛 | N30: =N29 -> 王伯豪 | O30: =O29 -> 南區工務所
G31: 卡車 | H31: 3 | I31: 輛 | N31: =N30 -> 王伯豪 | O31: =O30 -> 南區工務所
G32: 水車 | H32: 1 | I32: 輛 | N32: =N31 -> 王伯豪 | O32: =O31 -> 南區工務所
G33: 夾子車 | H33: 0 | I33: 輛 | N33: =N32 -> 王伯豪 | O33: =O32 -> 南區工務所
G34: 鏈鋸 | H34: 0 | I34: 台 | N34: =N33 -> 王伯豪 | O34: =O33 -> 南區工務所
G35: 小山貓 | H35: 1 | I35: 輛 | N35: =N34 -> 王伯豪 | O35: =O34 -> 南區工務所
B36: 工程名稱 | C36: 預定完成日期 | F36: 實際完成日期 | G36: =$G$3 -> 113年9月23日當日動員機具 | L36: 承辦 工務所 | M36: =工程基本資料!D6 -> 詹智為、張思漢 | N36: =M36 -> 詹智為、張思漢 | O36: =L39 -> 北區工務所
B37: =工程基本資料!C6 -> H-113-03-113021 | C37: 項目 | D37: 日期 | G37: 項目 | H37: 數量 | J37: 今日施作內容 | K37: 明日預定施作內容 | N37: =N36 -> 詹智為、張思漢 | O37: =O36 -> 北區工務所
A38: 4 | B38: =工程基本資料!B6 -> 113年度西區水利建造物檢修改善及災後復原(基隆河左岸高速公路內湖橋至洲美大橋段)預約維護工程 | C38: 機車便道 | D38: 113年9月23日 | F38: 年 月 日 | G38: 人(含司機) | H38: 9 | I38: 人 | J38: 機車便道淤泥清理 | K38: 停車場淤泥清理 | N38: =N37 -> 詹智為、張思漢 | O38: =O37 -> 北區工務所
C39: 停車場 | D39: 113年9月25日 | F39: 年 月 日 | G39: 怪手 | H39: 0 | I39: 輛 | L39: =工程基本資料!E6 -> 北區工務所 | M39: =工程基本資料!I6 -> 逸峰營造有限公司 | N39: =N38 -> 詹智為、張思漢 | O39: =O38 -> 北區工務所
C40: 自行車道 | D40: 113年9月30日 | F40: 年 月 日 | G40: 吊車 | H40: 1 | I40: 輛 | N40: =N39 -> 詹智為、張思漢 | O40: =O39 -> 北區工務所
C41: 全面完成 | D41: 113年10月7日 | F41: 年 月 日 | G41: 推土機 | H41: 1 | I41: 輛 | N41: =N40 -> 詹智為、張思漢 | O41: =O40 -> 北區工務所
G42: 卡車 | H42: 1 | I42: 輛 | N42: =N41 -> 詹智為、張思漢 | O42: =O41 -> 北區工務所
G43: 水車 | H43: 2 | I43: 輛 | N43: =N42 -> 詹智為、張思漢 | O43: =O42 -> 北區工務所
G44: 夾子車 | H44: 0 | I44: 輛 | N44: =N43 -> 詹智為、張思漢 | O44: =O43 -> 北區工務所
G45: 鏈鋸 | H45: 0 | I45: 台 | N45: =N44 -> 詹智為、張思漢 | O45: =O44 -> 北區工務所
G46: 小山貓 | H46: 0 | I46: 輛 | N46: =N45 -> 詹智為、張思漢 | O46: =O45 -> 北區工務所
B47: 工程名稱 | C47: 預定完成日期 | F47: 實際完成日期 | G47: =$G$3 -> 113年9月23日當日動員機具 | L47: 承辦 工務所 | M47: =工程基本資料!D7 -> 周根杉 | N47: =M47 -> 周根杉 | O47: =L50 -> 北區工務所
B48: =工程基本資料!C7 -> H-113-03-113025 | C48: 項目 | D48: 日期 | G48: 項目 | H48: 數量 | J48: 今日施作內容 | K48: 明日預定施作內容 | N48: =N47 -> 周根杉 | O48: =O47 -> 北區工務所
A49: 5 | B49: =工程基本資料!B7 -> 113年度北區河濱公園土木暨災後復原預約維護工程 | C49: 機車便道 | D49: 年 月 日 | F49: 年 月 日 | G49: 人(含司機) | I49: 人 | N49: =N48 -> 周根杉 | O49: =O48 -> 北區工務所
C50: 停車場 | D50: 年 月 日 | F50: 年 月 日 | G50: 怪手 | I50: 輛 | L50: =工程基本資料!E7 -> 北區工務所 | M50: =工程基本資料!I7 -> 冠錏營造有限公司 | N50: =N49 -> 周根杉 | O50: =O49 -> 北區工務所
C51: 自行車道 | D51: 年 月 日 | F51: 年 月 日 | G51: 吊車 | I51: 輛 | N51: =N50 -> 周根杉 | O51: =O50 -> 北區工務所
C52: 全面完成 | D52: 年 月 日 | F52: 年 月 日 | G52: 推土機 | I52: 輛 | N52: =N51 -> 周根杉 | O52: =O51 -> 北區工務所
G53: 卡車 | I53: 輛 | N53: =N52 -> 周根杉 | O53: =O52 -> 北區工務所
G54: 水車 | I54: 輛 | N54: =N53 -> 周根杉 | O54: =O53 -> 北區工務所
G55: 夾子車 | I55: 輛 | N55: =N54 -> 周根杉 | O55: =O54 -> 北區工務所
G56: 鏈鋸 | I56: 台 | N56: =N55 -> 周根杉 | O56: =O55 -> 北區工務所
G57: 小山貓 | I57: 輛 | N57: =N55 -> 周根杉 | O57: =O56 -> 北區工務所
B58: 工程名稱 | C58: 預定完成日期 | F58: 實際完成日期 | G58: =$G$3 -> 113年9月23日當日動員機具 | L58: 承辦 工務所 | M58: =工程基本資料!D8 -> 陳政誠 | N58: =M58 -> 陳政誠 | O58: =L61 -> 南內工務所
B59: =工程基本資料!C8 -> H-113-03-113020 | C59: 項目 | D59: 日期 | G59: 項目 | H59: 數量 | J59: 今日施作內容 | K59: 明日預定施作內容 | N59: =N58 -> 陳政誠 | O59: =O58 -> 南內工務所
A60: 6 | B60: =工程基本資料!B8 -> 113年度東區水利建造物檢修改善及災後復原(基隆河左岸高速公路內湖橋上游段，含四分溪及大坑溪)預約維護工程 | C60: 低水護岸 | D60: 113年9月30日 | F60: 年 月 日 | G60: 人(含司機) | H60: 18 | I60: 人 | J60: 1.基隆河左岸高速公路內湖橋上游段至經貿疏散門自行車道清洗 2.基六疏散門低水護岸枯枝清除、垃圾清除 3.錫口碼頭低水護岸枯枝清除、垃圾清除 4.彩虹橋下低水護岸枯枝清除、垃圾清除 | N60: =N59 -> 陳政誠 | O60: =O59 -> 南內工務所
C61: 球場 | D61: 113年9月25日 | F61: 年 月 日 | G61: 怪手 | H61: 0 | I61: 輛 | L61: =工程基本資料!E8 -> 南內工務所 | M61: =工程基本資料!I8 -> 淞源營造有限公司 | N61: =N60 -> 陳政誠 | O61: =O60 -> 南內工務所
C62: 自行車道 | D62: 113年9月23日 | F62: 113年9月23日 | G62: 吊車 | H62: 0 | I62: 輛 | N62: =N61 -> 陳政誠 | O62: =O61 -> 南內工務所
C63: 廣場鋪面 | D63: 113年9月25日 | G63: 推土機 | H63: 0 | I63: 輛 | N63: =N62 -> 陳政誠 | O63: =O62 -> 南內工務所
G64: 卡車 | H64: 3 | I64: 輛 | N64: =N63 -> 陳政誠 | O64: =O63 -> 南內工務所
G65: 水車 | H65: 4 | I65: 輛 | N65: =N64 -> 陳政誠 | O65: =O64 -> 南內工務所
G66: 夾子車 | H66: 0 | I66: 輛 | N66: =N65 -> 陳政誠 | O66: =O65 -> 南內工務所
G67: 鏈鋸 | H67: 0 | I67: 台 | N67: =N66 -> 陳政誠 | O67: =O66 -> 南內工務所
G68: 小山貓 | H68: 0 | I68: 輛 | N68: =N66 -> 陳政誠 | O68: =O67 -> 南內工務所
B69: 工程名稱 | C69: 預定完成日期 | F69: 實際完成日期 | G69: =$G$3 -> 113年9月23日當日動員機具 | L69: 承辦 工務所 | M69: =工程基本資料!D9 -> 陳政誠 | N69: =M69 -> 陳政誠 | O69: =L72 -> 南內工務所
B70: =工程基本資料!C9 -> H-113-03-113018 | C70: 項目 | D70: 日期 | G70: 項目 | H70: 數量 | J70: 今日施作內容 | K70: 明日預定施作內容 | N70: =N69 -> 陳政誠 | O70: =O69 -> 南內工務所
A71: 7 | B71: =工程基本資料!B9 -> 113年度東區河濱公園路面暨災後復原預約維護工程 | C71: 自行車道 | D71: 113年9月23日 | F71: 113年9月23日 | G71: 人(含司機) | H71: 6 | I71: 人 | J71: 1.南湖橋下至13號水門自行車道枯枝清除、自行車道清洗、淤泥清淤 2.民權橋下至彩虹橋下自行車道淤泥清除，路面清洗，枯枝移除 | N71: =N70 -> 陳政誠 | O71: =O70 -> 南內工務所
C72: 河濱路面 | D72: 113年9月23日 | F72: 113年9月23日 | G72: 怪手 | H72: 0 | I72: 輛 | L72: =工程基本資料!E9 -> 南內工務所 | M72: =工程基本資料!I9 -> 松瑩營造有限公司 | N72: =N71 -> 陳政誠 | O72: =O71 -> 南內工務所
C73: 低水護岸 | D73: 113年9月30日 | G73: 吊車 | H73: 0 | I73: 輛 | N73: =N72 -> 陳政誠 | O73: =O72 -> 南內工務所
C74: 全面完成 | D74: 年 月 日 | F74: 年 月 日 | G74: 推土機 | H74: 0 | I74: 輛 | N74: =N73 -> 陳政誠 | O74: =O73 -> 南內工務所
G75: 卡車 | H75: 2 | I75: 輛 | N75: =N74 -> 陳政誠 | O75: =O74 -> 南內工務所
G76: 水車 | H76: 2 | I76: 輛 | N76: =N75 -> 陳政誠 | O76: =O75 -> 南內工務所
G77: 夾子車 | H77: 0 | I77: 輛 | N77: =N76 -> 陳政誠 | O77: =O76 -> 南內工務所
G78: 鏈鋸 | H78: 0 | I78: 台 | N78: =N77 -> 陳政誠 | O78: =O77 -> 南內工務所
G79: 小山貓 | H79: 0 | I79: 輛 | N79: =N77 -> 陳政誠 | O79: =O78 -> 南內工務所
B80: 工程名稱 | C80: 預定完成日期 | F80: 實際完成日期 | G80: =$G$3 -> 113年9月23日當日動員機具 | L80: 承辦 工務所 | M80: =工程基本資料!D10 -> 江志偉 | N80: =M80 -> 江志偉 | O80: =L83 -> 南內工務所
B81: =工程基本資料!C10 -> H-113-03-113045 | C81: 項目 | D81: 日期 | G81: 項目 | H81: 數量 | J81: 今日施作內容 | K81: 明日預定施作內容 | N81: =N80 -> 江志偉 | O81: =O80 -> 南內工務所
A82: 8 | B82: =工程基本資料!B10 -> 113年度東區河濱公園土木暨災後復原預約維護工程 | C82: 自行車道 | D82: 113年9月23日 | F82: 113年9月23日 | G82: 人(含司機) | H82: 14 | I82: 人 | J82: 1.雙溪文昌橋～福林橋自行車道枯枝清除、自行車道清洗 2.美堤河濱公園右岸(大直抽水站-大直2抽水站)自行車道枯枝清除、自行車道清洗 3.美堤河濱公園廣場鋪面及人行步道 體育場枯枝清除、自行車道清洗 3.沿線低水護岸區枯枝清除、垃圾清除 | N82: =N81 -> 江志偉 | O82: =O81 -> 南內工務所
C83: 廣場鋪面 | D83: 113年9月25日 | F83: 年 月 日 | G83: 怪手 | H83: 1 | I83: 輛 | L83: =工程基本資料!E10 -> 南內工務所 | M83: =工程基本資料!I10 -> 和遠營造有限公司 | N83: =N82 -> 江志偉 | O83: =O82 -> 南內工務所
C84: 人行步道 | D84: 113年9月23日 | F84: 113年9月23日 | G84: 吊車 | H84: 0 | I84: 輛 | N84: =N83 -> 江志偉 | O84: =O83 -> 南內工務所
C85: 體育場 | D85: 113年9月25日 | F85: 年 月 日 | G85: 推土機 | H85: 0 | I85: 輛 | N85: =N84 -> 江志偉 | O85: =O84 -> 南內工務所
C86: 低水護岸 | D86: 113年9月30日 | F86: 年 月 日 | G86: 卡車 | H86: 4 | I86: 輛 | N86: =N85 -> 江志偉 | O86: =O85 -> 南內工務所
C87: 停車場 | D87: 113年9月25日 | F87: 年 月 日 | G87: 水車 | H87: 4 | I87: 輛 | N87: =N86 -> 江志偉 | O87: =O86 -> 南內工務所
C88: 美堤低水護岸 | D88: 113年9月25日 | G88: 夾子車 | H88: 0 | I88: 輛 | N88: =N87 -> 江志偉 | O88: =O87 -> 南內工務所
G89: 鏈鋸 | H89: 0 | I89: 台 | N89: =N88 -> 江志偉 | O89: =O88 -> 南內工務所
G90: 小山貓 | H90: 1 | I90: 輛 | N90: =N88 -> 江志偉 | O90: =O89 -> 南內工務所
B91: 工程名稱 | C91: 預定完成日期 | F91: 實際完成日期 | G91: =$G$3 -> 113年9月23日當日動員機具 | L91: 承辦 工務所 | M91: =工程基本資料!D11 -> 沈明勳 | N91: =M91 -> 沈明勳 | O91: =L94 -> 北投工務所
B92: =工程基本資料!C11 -> H-113-03-113023 | C92: 項目 | D92: 日期 | G92: 項目 | H92: 數量 | J92: 今日施作內容 | K92: 明日預定施作內容 | N92: =N91 -> 沈明勳 | O92: =O91 -> 北投工務所
A93: 9 | B93: =工程基本資料!B11 -> 113年度北區水利建造物檢修改善及災後復原(雙溪右岸至關渡水岸公園段)預約維護工程 | C93: 機車便道 | D93: 113年09月24日 | F93: 年 月 日 | G93: 人(含司機) | H93: 8 | I93: 人 | J93: 1.雙溪段自行車道路面清洗 2.雙溪越堤道路面清洗 3.雜草雜木移除集中堆置 | N93: =N92 -> 沈明勳 | O93: =O92 -> 北投工務所
C94: 停車場 | D94: 113年09月25日 | F94: 年 月 日 | G94: 怪手 | I94: 輛 | L94: =工程基本資料!E11 -> 北投工務所 | M94: =工程基本資料!I11 -> 久勝營造有限公司 | N94: =N93 -> 沈明勳 | O94: =O93 -> 北投工務所
C95: 自行車道 | D95: 113年09月24日 | F95: 年 月 日 | G95: 吊車 | H95: 1 | I95: 輛 | N95: =N94 -> 沈明勳 | O95: =O94 -> 北投工務所
C96: 全面完成 | D96: 113年09月26日 | F96: 年 月 日 | G96: 推土機 | I96: 輛 | N96: =N95 -> 沈明勳 | O96: =O95 -> 北投工務所
G97: 卡車 | I97: 輛 | N97: =N96 -> 沈明勳 | O97: =O96 -> 北投工務所
G98: 水車 | H98: 2 | I98: 輛 | N98: =N97 -> 沈明勳 | O98: =O97 -> 北投工務所
G99: 夾子車 | I99: 輛 | N99: =N98 -> 沈明勳 | O99: =O98 -> 北投工務所
G100: 鏈鋸 | H100: 2 | I100: 台 | N100: =N99 -> 沈明勳 | O100: =O99 -> 北投工務所
G101: 小山貓 | I101: 輛 | N101: =N99 -> 沈明勳 | O101: =O100 -> 北投工務所
...

Sheet 113年9月24日
A1: 項次
B3: 工程名稱 | C3: 預定完成日期 | F3: 實際完成日期 | G3: 113年9月24日當日動員機具 | L3: 承辦 工務所 | M3: =工程基本資料!D3 -> 任益芳 | N3: =M3 -> 任益芳 | O3: =L6 -> 南區工務所
B4: =工程基本資料!C3 -> H-113-03-113019 | C4: 項目 | D4: 日期 | G4: 項目 | H4: 數量 | J4: 今日施作內容 | K4: 明日預定施作內容 | N4: =N3 -> 任益芳 | O4: =O3 -> 南區工務所
A5: 1 | B5: =工程基本資料!B3 -> 113年度南區河濱公園路面暨災後復原預約維護工程 | C5: 機車便道 | D5: 年 月 日 | F5: 年 月 日 | G5: 人(含司機) | H5: 0 | I5: 人 | N5: =N4 -> 任益芳 | O5: =O4 -> 南區工務所
C6: 停車場 | D6: 年 月 日 | F6: 年 月 日 | G6: 怪手 | H6: 0 | I6: 輛 | L6: =工程基本資料!E3 -> 南區工務所 | M6: =工程基本資料!I3 -> 松瑩營造有限公司 | N6: =N5 -> 任益芳 | O6: =O5 -> 南區工務所
C7: 自行車道 | D7: 年 月 日 | F7: 年 月 日 | G7: 吊車 | H7: 0 | I7: 輛 | N7: =N6 -> 任益芳 | O7: =O6 -> 南區工務所
C8: 全面完成 | D8: 年 月 日 | F8: 年 月 日 | G8: 推土機 | H8: 0 | I8: 輛 | N8: =N7 -> 任益芳 | O8: =O7 -> 南區工務所
G9: 卡車 | H9: 0 | I9: 輛 | N9: =N8 -> 任益芳 | O9: =O8 -> 南區工務所
G10: 水車 | H10: 0 | I10: 輛 | N10: =N9 -> 任益芳 | O10: =O9 -> 南區工務所
G11: 夾子車 | H11: 0 | I11: 輛 | N11: =N10 -> 任益芳 | O11: =O10 -> 南區工務所
G12: 鏈鋸 | H12: 0 | I12: 台 | N12: =N11 -> 任益芳 | O12: =O11 -> 南區工務所
G13: 小山貓 | H13: 0 | I13: 輛 | N13: =N12 -> 任益芳 | O13: =O12 -> 南區工務所
B14: 工程名稱 | C14: 預定完成日期 | F14: 實際完成日期 | G14: =$G$3 -> 113年9月24日當日動員機具 | L14: 承辦 工務所 | M14: =工程基本資料!D4 -> 任益芳 | N14: =M14 -> 任益芳 | O14: =L17 -> 南區工務所
B15: =工程基本資料!C4 -> H-113-03-113022 | C15: 項目 | D15: 日期 | G15: 項目 | H15: 數量 | J15: 今日施作內容 | K15: 明日預定施作內容 | N15: =N14 -> 任益芳 | O15: =O14 -> 南區工務所
A16: 2 | B16: =工程基本資料!B4 -> 113年度南區水利建造物檢修改善及災後復原(新店溪永福橋至萬板大橋段)預約維護工程 | C16: 機車便道 | D16: 年 月 日 | F16: 年 月 日 | G16: 人(含司機) | H16: 0 | I16: 人 | N16: =N15 -> 任益芳 | O16: =O15 -> 南區工務所
C17: 停車場 | D17: 年 月 日 | F17: 年 月 日 | G17: 怪手 | H17: 0 | I17: 輛 | L17: =工程基本資料!E4 -> 南區工務所 | M17: =工程基本資料!I4 -> 鋐城營造有限公司 | N17: =N16 -> 任益芳 | O17: =O16 -> 南區工務所
C18: 自行車道 | D18: 年 月 日 | F18: 年 月 日 | G18: 吊車 | H18: 0 | I18: 輛 | N18: =N17 -> 任益芳 | O18: =O17 -> 南區工務所
C19: 全面完成 | D19: 年 月 日 | F19: 年 月 日 | G19: 推土機 | H19: 0 | I19: 輛 | N19: =N18 -> 任益芳 | O19: =O18 -> 南區工務所
G20: 卡車 | H20: 0 | I20: 輛 | N20: =N19 -> 任益芳 | O20: =O19 -> 南區工務所
G21: 水車 | H21: 0 | I21: 輛 | N21: =N20 -> 任益芳 | O21: =O20 -> 南區工務所
G22: 夾子車 | H22: 0 | I22: 輛 | N22: =N21 -> 任益芳 | O22: =O21 -> 南區工務所
G23: 鏈鋸 | H23: 0 | I23: 台 | N23: =N22 -> 任益芳 | O23: =O22 -> 南區工務所
G24: 小山貓 | H24: 0 | I24: 輛 | N24: =N22 -> 任益芳 | O24: =O23 -> 南區工務所
B25: 工程名稱 | C25: 預定完成日期 | F25: 實際完成日期 | G25: =$G$3 -> 113年9月24日當日動員機具 | L25: 承辦 工務所 | M25: =工程基本資料!D5 -> 王伯豪 | N25: =M25 -> 王伯豪 | O25: =L28 -> 南區工務所
B26: =工程基本資料!C5 -> H-113-03-113047 | C26: 項目 | D26: 日期 | G26: 項目 | H26: 數量 | J26: 今日施作內容 | K26: 明日預定施作內容 | N26: =N25 -> 王伯豪 | O26: =O25 -> 南區工務所
A27: 3 | B27: =工程基本資料!B5 -> 113年度南區河濱公園土木（含颱風豪雨設施撤離）暨災後復原預約維護工程 | C27: 機車便道 | D27: 年 月 日 | F27: 年 月 日 | G27: 人(含司機) | H27: 8 | I27: 人 | J27: 景美溪（一壽橋至恆光橋自行車道清理） | K27: 景美溪沿岸石墩、路燈、欄杆等設施物上雜草清除 | N27: =N26 -> 王伯豪 | O27: =O26 -> 南區工務所
C28: 停車場 | D28: 年 月 日 | F28: 年 月 日 | G28: 怪手 | H28: 1 | I28: 輛 | L28: =工程基本資料!E5 -> 南區工務所 | M28: =工程基本資料!I5 -> 泇溢營造有限公司 | N28: =N27 -> 王伯豪 | O28: =O27 -> 南區工務所
C29: 自行車道 | D29: 113年 9月 24日 | F29: 113年9月 24日 | G29: 吊車 | H29: 1 | I29: 輛 | N29: =N28 -> 王伯豪 | O29: =O28 -> 南區工務所
C30: 全面完成 | D30: 113年 9月 29日 | F30: 年 月 日 | G30: 推土機 | H30: 1 | I30: 輛 | N30: =N29 -> 王伯豪 | O30: =O29 -> 南區工務所
G31: 卡車 | H31: 3 | I31: 輛 | N31: =N30 -> 王伯豪 | O31: =O30 -> 南區工務所
G32: 水車 | H32: 1 | I32: 輛 | N32: =N31 -> 王伯豪 | O32: =O31 -> 南區工務所
G33: 夾子車 | H33: 0 | I33: 輛 | N33: =N32 -> 王伯豪 | O33: =O32 -> 南區工務所
G34: 鏈鋸 | H34: 0 | I34: 台 | N34: =N33 -> 王伯豪 | O34: =O33 -> 南區工務所
G35: 小山貓 | H35: 1 | I35: 輛 | N35: =N34 -> 王伯豪 | O35: =O34 -> 南區工務所
B36: 工程名稱 | C36: 預定完成日期 | F36: 實際完成日期 | G36: =$G$3 -> 113年9月24日當日動員機具 | L36: 承辦 工務所 | M36: =工程基本資料!D6 -> 詹智為、張思漢 | N36: =M36 -> 詹智為、張思漢 | O36: =L39 -> 北區工務所
B37: =工程基本資料!C6 -> H-113-03-113021 | C37: 項目 | D37: 日期 | G37: 項目 | H37: 數量 | J37: 今日施作內容 | K37: 明日預定施作內容 | N37: =N36 -> 詹智為、張思漢 | O37: =O36 -> 北區工務所
A38: 4 | B38: =工程基本資料!B6 -> 113年度西區水利建造物檢修改善及災後復原(基隆河左岸高速公路內湖橋至洲美大橋段)預約維護工程 | C38: 機車便道 | D38: 113年9月23日 | F38: 113年9月23日 | G38: 人(含司機) | H38: 9 | I38: 人 | J38: 大直橋下低水護岸步道沖洗社子橋下籃球場沖洗 | K38: 大直橋下低水護岸步道沖洗 | N38: =N37 -> 詹智為、張思漢 | O38: =O37 -> 北區工務所
C39: 停車場 | D39: 113年9月25日 | F39: 113年9月23日 | G39: 怪手 | H39: 0 | I39: 輛 | L39: =工程基本資料!E6 -> 北區工務所 | M39: =工程基本資料!I6 -> 逸峰營造有限公司 | N39: =N38 -> 詹智為、張思漢 | O39: =O38 -> 北區工務所
C40: 自行車道 | D40: 113年9月30日 | F40: 年 月 日 | G40: 吊車 | H40: 0 | I40: 輛 | N40: =N39 -> 詹智為、張思漢 | O40: =O39 -> 北區工務所
C41: 全面完成 | D41: 113年10月7日 | F41: 年 月 日 | G41: 推土機 | H41: 2 | I41: 輛 | N41: =N40 -> 詹智為、張思漢 | O41: =O40 -> 北區工務所
G42: 卡車 | H42: 3 | I42: 輛 | N42: =N41 -> 詹智為、張思漢 | O42: =O41 -> 北區工務所
G43: 水車 | H43: 3 | I43: 輛 | N43: =N42 -> 詹智為、張思漢 | O43: =O42 -> 北區工務所
G44: 夾子車 | H44: 0 | I44: 輛 | N44: =N43 -> 詹智為、張思漢 | O44: =O43 -> 北區工務所
G45: 鏈鋸 | H45: 0 | I45: 台 | N45: =N44 -> 詹智為、張思漢 | O45: =O44 -> 北區工務所
G46: 小山貓 | H46: 0 | I46: 輛 | N46: =N45 -> 詹智為、張思漢 | O46: =O45 -> 北區工務所
B47: 工程名稱 | C47: 預定完成日期 | F47: 實際完成日期 | G47: =$G$3 -> 113年9月24日當日動員機具 | L47: 承辦 工務所 | M47: =工程基本資料!D7 -> 周根杉 | N47: =M47 -> 周根杉 | O47: =L50 -> 北區工務所
B48: =工程基本資料!C7 -> H-113-03-113025 | C48: 項目 | D48: 日期 | G48: 項目 | H48: 數量 | J48: 今日施作內容 | K48: 明日預定施作內容 | N48: =N47 -> 周根杉 | O48: =O47 -> 北區工務所
A49: 5 | B49: =工程基本資料!B7 -> 113年度北區河濱公園土木暨災後復原預約維護工程 | C49: 機車便道 | D49: 年 月 日 | F49: 年 月 日 | G49: 人(含司機) | I49: 人 | N49: =N48 -> 周根杉 | O49: =O48 -> 北區工務所
C50: 停車場 | D50: 年 月 日 | F50: 年 月 日 | G50: 怪手 | I50: 輛 | L50: =工程基本資料!E7 -> 北區工務所 | M50: =工程基本資料!I7 -> 冠錏營造有限公司 | N50: =N49 -> 周根杉 | O50: =O49 -> 北區工務所
C51: 自行車道 | D51: 年 月 日 | F51: 年 月 日 | G51: 吊車 | I51: 輛 | N51: =N50 -> 周根杉 | O51: =O50 -> 北區工務所
C52: 全面完成 | D52: 年 月 日 | F52: 年 月 日 | G52: 推土機 | I52: 輛 | N52: =N51 -> 周根杉 | O52: =O51 -> 北區工務所
G53: 卡車 | I53: 輛 | N53: =N52 -> 周根杉 | O53: =O52 -> 北區工務所
G54: 水車 | I54: 輛 | N54: =N53 -> 周根杉 | O54: =O53 -> 北區工務所
G55: 夾子車 | I55: 輛 | N55: =N54 -> 周根杉 | O55: =O54 -> 北區工務所
G56: 鏈鋸 | I56: 台 | N56: =N55 -> 周根杉 | O56: =O55 -> 北區工務所
G57: 小山貓 | I57: 輛 | N57: =N55 -> 周根杉 | O57: =O56 -> 北區工務所
B58: 工程名稱 | C58: 預定完成日期 | F58: 實際完成日期 | G58: =$G$3 -> 113年9月24日當日動員機具 | L58: 承辦 工務所 | M58: =工程基本資料!D8 -> 陳政誠 | N58: =M58 -> 陳政誠 | O58: =L61 -> 南內工務所
B59: =工程基本資料!C8 -> H-113-03-113020 | C59: 項目 | D59: 日期 | G59: 項目 | H59: 數量 | J59: 今日施作內容 | K59: 明日預定施作內容 | N59: =N58 -> 陳政誠 | O59: =O58 -> 南內工務所
A60: 6 | B60: =工程基本資料!B8 -> 113年度東區水利建造物檢修改善及災後復原(基隆河左岸高速公路內湖橋上游段，含四分溪及大坑溪)預約維護工程 | C60: 低水護岸 | D60: 113年9月30日 | F60: 年 月 日 | G60: 人(含司機) | H60: 18 | I60: 人 | J60: 1.基隆河左岸高速公路內湖橋上游段至經貿疏散門自行車道清洗 2.基六疏散門低水護岸枯枝清除、垃圾清除 3.錫口碼頭低水護岸枯枝清除、垃圾清除 4.彩虹橋下低水護岸枯枝清除、垃圾清除 | K60: 俟清運連單核准後再行清理低水護岸 | N60: =N59 -> 陳政誠 | O60: =O59 -> 南內工務所
C61: 球場 | D61: 113年9月25日 | F61: 113年9月24日 | G61: 怪手 | H61: 0 | I61: 輛 | L61: =工程基本資料!E8 -> 南內工務所 | M61: =工程基本資料!I8 -> 淞源營造有限公司 | N61: =N60 -> 陳政誠 | O61: =O60 -> 南內工務所
C62: 自行車道 | D62: 113年9月23日 | F62: 113年9月23日 | G62: 吊車 | H62: 0 | I62: 輛 | N62: =N61 -> 陳政誠 | O62: =O61 -> 南內工務所
C63: 廣場鋪面 | D63: 113年9月25日 | F63: 113年9月24日 | G63: 推土機 | H63: 0 | I63: 輛 | N63: =N62 -> 陳政誠 | O63: =O62 -> 南內工務所
G64: 卡車 | H64: 3 | I64: 輛 | N64: =N63 -> 陳政誠 | O64: =O63 -> 南內工務所
G65: 水車 | H65: 5 | I65: 輛 | N65: =N64 -> 陳政誠 | O65: =O64 -> 南內工務所
G66: 夾子車 | H66: 0 | I66: 輛 | N66: =N65 -> 陳政誠 | O66: =O65 -> 南內工務所
G67: 鏈鋸 | H67: 0 | I67: 台 | N67: =N66 -> 陳政誠 | O67: =O66 -> 南內工務所
G68: 小山貓 | H68: 0 | I68: 輛 | N68: =N66 -> 陳政誠 | O68: =O67 -> 南內工務所
B69: 工程名稱 | C69: 預定完成日期 | F69: 實際完成日期 | G69: =$G$3 -> 113年9月24日當日動員機具 | L69: 承辦 工務所 | M69: =工程基本資料!D9 -> 陳政誠 | N69: =M69 -> 陳政誠 | O69: =L72 -> 南內工務所
B70: =工程基本資料!C9 -> H-113-03-113018 | C70: 項目 | D70: 日期 | G70: 項目 | H70: 數量 | J70: 今日施作內容 | K70: 明日預定施作內容 | N70: =N69 -> 陳政誠 | O70: =O69 -> 南內工務所
A71: 7 | B71: =工程基本資料!B9 -> 113年度東區河濱公園路面暨災後復原預約維護工程 | C71: 自行車道 | D71: 113年9月23日 | F71: 113年9月23日 | G71: 人(含司機) | H71: 8 | I71: 人 | J71: 麥帥一橋至民權大橋垃圾清除、淤泥移除 | K71: 南湖河濱草坪枯枝及垃圾清除 | N71: =N70 -> 陳政誠 | O71: =O70 -> 南內工務所
C72: 河濱路面 | D72: 113年9月23日 | F72: 113年9月23日 | G72: 怪手 | H72: 0 | I72: 輛 | L72: =工程基本資料!E9 -> 南內工務所 | M72: =工程基本資料!I9 -> 松瑩營造有限公司 | N72: =N71 -> 陳政誠 | O72: =O71 -> 南內工務所
C73: 低水護岸 | D73: 113年9月30日 | G73: 吊車 | H73: 0 | I73: 輛 | N73: =N72 -> 陳政誠 | O73: =O72 -> 南內工務所
C74: 全面完成 | D74: 年 月 日 | F74: 年 月 日 | G74: 推土機 | H74: 0 | I74: 輛 | N74: =N73 -> 陳政誠 | O74: =O73 -> 南內工務所
G75: 卡車 | H75: 1 | I75: 輛 | N75: =N74 -> 陳政誠 | O75: =O74 -> 南內工務所
G76: 水車 | H76: 1 | I76: 輛 | N76: =N75 -> 陳政誠 | O76: =O75 -> 南內工務所
G77: 夾子車 | H77: 0 | I77: 輛 | N77: =N76 -> 陳政誠 | O77: =O76 -> 南內工務所
G78: 鏈鋸 | H78: 0 | I78: 台 | N78: =N77 -> 陳政誠 | O78: =O77 -> 南內工務所
G79: 小山貓 | H79: 1 | I79: 輛 | N79: =N77 -> 陳政誠 | O79: =O78 -> 南內工務所
B80: 工程名稱 | C80: 預定完成日期 | F80: 實際完成日期 | G80: =$G$3 -> 113年9月24日當日動員機具 | L80: 承辦 工務所 | M80: =工程基本資料!D10 -> 江志偉 | N80: =M80 -> 江志偉 | O80: =L83 -> 南內工務所
B81: =工程基本資料!C10 -> H-113-03-113045 | C81: 項目 | D81: 日期 | G81: 項目 | H81: 數量 | J81: 今日施作內容 | K81: 明日預定施作內容 | N81: =N80 -> 江志偉 | O81: =O80 -> 南內工務所
A82: 8 | B82: =工程基本資料!B10 -> 113年度東區河濱公園土木暨災後復原預約維護工程 | C82: 自行車道 | D82: 113年9月23日 | F82: 113年9月23日 | G82: 人(含司機) | H82: 23 | I82: 人 | J82: 1.雙溪河濱（復興橋到文昌橋 ）自行車道枯枝清除、自行車道清洗 2.美堤右岸河濱公園(中山橋下)至圓山河濱公園 自行車道枯枝清除、自行車道清洗 3.美堤河濱公園廣場鋪面及人行步道 體育場枯枝清除、自行車道清洗 4.沿線低水護岸區枯枝清除、垃圾清除 | K82: 1.圓山溜冰場清理 2.三腳渡籃球場清理 3.俟清運連單核准後再行清理枯枝及廢棄物 | N82: =N81 -> 江志偉 | O82: =O81 -> 南內工務所
C83: 廣場鋪面 | D83: 113年9月25日 | F83: 113年9月24日 | G83: 怪手 | H83: 3 | I83: 輛 | L83: =工程基本資料!E10 -> 南內工務所 | M83: =工程基本資料!I10 -> 和遠營造有限公司 | N83: =N82 -> 江志偉 | O83: =O82 -> 南內工務所
C84: 人行步道 | D84: 113年9月23日 | F84: 113年9月23日 | G84: 吊車 | H84: 0 | I84: 輛 | N84: =N83 -> 江志偉 | O84: =O83 -> 南內工務所
C85: 體育場 | D85: 113年9月25日 | F85: 年 月 日 | G85: 推土機 | H85: 0 | I85: 輛 | N85: =N84 -> 江志偉 | O85: =O84 -> 南內工務所
C86: 低水護岸 | D86: 113年9月30日 | F86: 年 月 日 | G86: 卡車 | H86: 7 | I86: 輛 | N86: =N85 -> 江志偉 | O86: =O85 -> 南內工務所
C87: 停車場 | D87: 113年9月25日 | F87: 113年9月23日 | G87: 水車 | H87: 8 | I87: 輛 | N87: =N86 -> 江志偉 | O87: =O86 -> 南內工務所
C88: 美堤低水護岸 | D88: 113年9月25日 | F88: 113年9月24日 | G88: 夾子車 | H88: 0 | I88: 輛 | N88: =N87 -> 江志偉 | O88: =O87 -> 南內工務所
G89: 鏈鋸 | H89: 0 | I89: 台 | N89: =N88 -> 江志偉 | O89: =O88 -> 南內工務所
G90: 小山貓 | H90: 3 | I90: 輛 | N90: =N88 -> 江志偉 | O90: =O89 -> 南內工務所
B91: 工程名稱 | C91: 預定完成日期 | F91: 實際完成日期 | G91: =$G$3 -> 113年9月24日當日動員機具 | L91: 承辦 工務所 | M91: =工程基本資料!D11 -> 沈明勳 | N91: =M91 -> 沈明勳 | O91: =L94 -> 北投工務所
B92: =工程基本資料!C11 -> H-113-03-113023 | C92: 項目 | D92: 日期 | G92: 項目 | H92: 數量 | J92: 今日施作內容 | K92: 明日預定施作內容 | N92: =N91 -> 沈明勳 | O92: =O91 -> 北投工務所
A93: 9 | B93: =工程基本資料!B11 -> 113年度北區水利建造物檢修改善及災後復原(雙溪右岸至關渡水岸公園段)預約維護工程 | C93: 機車便道 | D93: 113年09月24日 | F93: 年 月 日 | G93: 人(含司機) | H93: 7 | I93: 人 | J93: 1.雙溪段自行車道路面清洗 2.雙溪越堤道路面清洗 3.雜草雜木移除集中堆置 | K93: 1.雙溪段自行車道路面清洗 2.雙溪越堤道路面清洗 3.雜草雜木載運出場 | N93: =N92 -> 沈明勳 | O93: =O92 -> 北投工務所
C94: 停車場 | D94: 113年09月25日 | F94: 年 月 日 | G94: 怪手 | H94: 0 | I94: 輛 | L94: =工程基本資料!E11 -> 北投工務所 | M94: =工程基本資料!I11 -> 久勝營造有限公司 | N94: =N93 -> 沈明勳 | O94: =O93 -> 北投工務所
C95: 自行車道 | D95: 113年09月24日 | F95: 年 月 日 | G95: 吊車 | H95: 0 | I95: 輛 | N95: =N94 -> 沈明勳 | O95: =O94 -> 北投工務所
C96: 全面完成 | D96: 113年09月26日 | F96: 年 月 日 | G96: 推土機 | H96: 1 | I96: 輛 | N96: =N95 -> 沈明勳 | O96: =O95 -> 北投工務所
G97: 卡車 | H97: 1 | I97: 輛 | N97: =N96 -> 沈明勳 | O97: =O96 -> 北投工務所
G98: 水車 | H98: 2 | I98: 輛 | N98: =N97 -> 沈明勳 | O98: =O97 -> 北投工務所
G99: 夾子車 | H99: 0 | I99: 輛 | N99: =N98 -> 沈明勳 | O99: =O98 -> 北投工務所
G100: 鏈鋸 | H100: 0 | I100: 台 | N100: =N99 -> 沈明勳 | O100: =O99 -> 北投工務所
G101: 小山貓 | H101: 1 | I101: 輛 | N101: =N99 -> 沈明勳 | O101: =O100 -> 北投工務所
...

Sheet 113年9月25日
A1: 項次
B3: 工程名稱 | C3: 預定完成日期 | F3: 實際完成日期 | G3: 113年9月25日當日動員機具 | N3: 承辦 工務所 | O3: =工程基本資料!D3 -> 任益芳 | P3: =O3 -> 任益芳 | Q3: =N6 -> 南區工務所
B4: =工程基本資料!C3 -> H-113-03-113019 | C4: 項目 | D4: 日期 | G4: 項目 | H4: 數量 | J4: 已完成項目 | K4: 未完成項目 | L4: 今日施作內容 | M4: 明日預定施作內容 | P4: =P3 -> 任益芳 | Q4: =Q3 -> 南區工務所
A5: 1 | B5: =工程基本資料!B3 -> 113年度南區河濱公園路面暨災後復原預約維護工程 | C5: 機車便道 | D5: 年 月 日 | F5: 年 月 日 | G5: 人(含司機) | H5: 0 | I5: 人 | P5: =P4 -> 任益芳 | Q5: =Q4 -> 南區工務所
C6: 停車場 | D6: 年 月 日 | F6: 年 月 日 | G6: 怪手 | H6: 0 | I6: 輛 | N6: =工程基本資料!E3 -> 南區工務所 | O6: =工程基本資料!I3 -> 松瑩營造有限公司 | P6: =P5 -> 任益芳 | Q6: =Q5 -> 南區工務所
C7: 自行車道 | D7: 年 月 日 | F7: 年 月 日 | G7: 吊車 | H7: 0 | I7: 輛 | P7: =P6 -> 任益芳 | Q7: =Q6 -> 南區工務所
C8: 全面完成 | D8: 年 月 日 | F8: 年 月 日 | G8: 推土機 | H8: 0 | I8: 輛 | P8: =P7 -> 任益芳 | Q8: =Q7 -> 南區工務所
G9: 卡車 | H9: 0 | I9: 輛 | P9: =P8 -> 任益芳 | Q9: =Q8 -> 南區工務所
G10: 水車 | H10: 0 | I10: 輛 | P10: =P9 -> 任益芳 | Q10: =Q9 -> 南區工務所
G11: 夾子車 | H11: 0 | I11: 輛 | P11: =P10 -> 任益芳 | Q11: =Q10 -> 南區工務所
G12: 鏈鋸 | H12: 0 | I12: 台 | P12: =P11 -> 任益芳 | Q12: =Q11 -> 南區工務所
G13: 小山貓 | H13: 0 | I13: 輛 | P13: =P12 -> 任益芳 | Q13: =Q12 -> 南區工務所
B14: 工程名稱 | C14: 預定完成日期 | F14: 實際完成日期 | G14: =$G$3 -> 113年9月25日當日動員機具 | N14: 承辦 工務所 | O14: =工程基本資料!D4 -> 任益芳 | P14: =O14 -> 任益芳 | Q14: =N17 -> 南區工務所
B15: =工程基本資料!C4 -> H-113-03-113022 | C15: 項目 | D15: 日期 | G15: 項目 | H15: 數量 | J15: 已完成項目 | K15: 未完成項目 | L15: 今日施作內容 | M15: 明日預定施作內容 | P15: =P14 -> 任益芳 | Q15: =Q14 -> 南區工務所
A16: 2 | B16: =工程基本資料!B4 -> 113年度南區水利建造物檢修改善及災後復原(新店溪永福橋至萬板大橋段)預約維護工程 | C16: 機車便道 | D16: 年 月 日 | F16: 年 月 日 | G16: 人(含司機) | H16: 0 | I16: 人 | P16: =P15 -> 任益芳 | Q16: =Q15 -> 南區工務所
C17: 停車場 | D17: 年 月 日 | F17: 年 月 日 | G17: 怪手 | H17: 0 | I17: 輛 | N17: =工程基本資料!E4 -> 南區工務所 | O17: =工程基本資料!I4 -> 鋐城營造有限公司 | P17: =P16 -> 任益芳 | Q17: =Q16 -> 南區工務所
C18: 自行車道 | D18: 年 月 日 | F18: 年 月 日 | G18: 吊車 | H18: 0 | I18: 輛 | P18: =P17 -> 任益芳 | Q18: =Q17 -> 南區工務所
C19: 全面完成 | D19: 年 月 日 | F19: 年 月 日 | G19: 推土機 | H19: 0 | I19: 輛 | P19: =P18 -> 任益芳 | Q19: =Q18 -> 南區工務所
G20: 卡車 | H20: 0 | I20: 輛 | P20: =P19 -> 任益芳 | Q20: =Q19 -> 南區工務所
G21: 水車 | H21: 0 | I21: 輛 | P21: =P20 -> 任益芳 | Q21: =Q20 -> 南區工務所
G22: 夾子車 | H22: 0 | I22: 輛 | P22: =P21 -> 任益芳 | Q22: =Q21 -> 南區工務所
G23: 鏈鋸 | H23: 0 | I23: 台 | P23: =P22 -> 任益芳 | Q23: =Q22 -> 南區工務所
G24: 小山貓 | H24: 0 | I24: 輛 | P24: =P22 -> 任益芳 | Q24: =Q23 -> 南區工務所
B25: 工程名稱 | C25: 預定完成日期 | F25: 實際完成日期 | G25: =$G$3 -> 113年9月25日當日動員機具 | N25: 承辦 工務所 | O25: =工程基本資料!D5 -> 王伯豪 | P25: =O25 -> 王伯豪 | Q25: =N28 -> 南區工務所
B26: =工程基本資料!C5 -> H-113-03-113047 | C26: 項目 | D26: 日期 | G26: 項目 | H26: 數量 | J26: 已完成項目 | K26: 未完成項目 | L26: 今日施作內容 | M26: 明日預定施作內容 | P26: =P25 -> 王伯豪 | Q26: =Q25 -> 南區工務所
A27: 3 | B27: =工程基本資料!B5 -> 113年度南區河濱公園土木（含颱風豪雨設施撤離）暨災後復原預約維護工程 | C27: 機車便道 | D27: 年 月 日 | F27: 年 月 日 | G27: 人(含司機) | H27: 10 | I27: 人 | L27: 景美溪沿岸石墩、路燈、欄杆等設施物上雜草清除 | M27: 景美溪沿岸石墩、路燈、欄杆等設施物上雜草清除 | P27: =P26 -> 王伯豪 | Q27: =Q26 -> 南區工務所
C28: 停車場 | D28: 年 月 日 | F28: 年 月 日 | G28: 怪手 | H28: 1 | I28: 輛 | N28: =工程基本資料!E5 -> 南區工務所 | O28: =工程基本資料!I5 -> 泇溢營造有限公司 | P28: =P27 -> 王伯豪 | Q28: =Q27 -> 南區工務所
C29: 自行車道 | D29: 113年 9月 24日 | F29: 113年9月 24日 | G29: 吊車 | H29: 1 | I29: 輛 | P29: =P28 -> 王伯豪 | Q29: =Q28 -> 南區工務所
C30: 全面完成 | D30: 113年 9月 29日 | F30: 年 月 日 | G30: 推土機 | H30: 1 | I30: 輛 | P30: =P29 -> 王伯豪 | Q30: =Q29 -> 南區工務所
G31: 卡車 | H31: 3 | I31: 輛 | P31: =P30 -> 王伯豪 | Q31: =Q30 -> 南區工務所
G32: 水車 | H32: 1 | I32: 輛 | P32: =P31 -> 王伯豪 | Q32: =Q31 -> 南區工務所
G33: 夾子車 | H33: 0 | I33: 輛 | P33: =P32 -> 王伯豪 | Q33: =Q32 -> 南區工務所
G34: 鏈鋸 | H34: 0 | I34: 台 | P34: =P33 -> 王伯豪 | Q34: =Q33 -> 南區工務所
G35: 小山貓 | H35: 0 | I35: 輛 | P35: =P34 -> 王伯豪 | Q35: =Q34 -> 南區工務所
B36: 工程名稱 | C36: 預定完成日期 | F36: 實際完成日期 | G36: =$G$3 -> 113年9月25日當日動員機具 | N36: 承辦 工務所 | O36: =工程基本資料!D6 -> 詹智為、張思漢 | P36: =O36 -> 詹智為、張思漢 | Q36: =N39 -> 北區工務所
B37: =工程基本資料!C6 -> H-113-03-113021 | C37: 項目 | D37: 日期 | G37: 項目 | H37: 數量 | J37: 已完成項目 | K37: 未完成項目 | L37: 今日施作內容 | M37: 明日預定施作內容 | P37: =P36 -> 詹智為、張思漢 | Q37: =Q36 -> 北區工務所
A38: 4 | B38: =工程基本資料!B6 -> 113年度西區水利建造物檢修改善及災後復原(基隆河左岸高速公路內湖橋至洲美大橋段)預約維護工程 | C38: 機車便道 | D38: 113年9月23日 | F38: 113年9月23日 | G38: 人(含司機) | H38: 7 | I38: 人 | L38: 大直橋下低水護岸步道沖洗 | M38: 大直橋下低水護岸步道沖洗 | P38: =P37 -> 詹智為、張思漢 | Q38: =Q37 -> 北區工務所
C39: 停車場 | D39: 113年9月25日 | F39: 113年9月23日 | G39: 怪手 | H39: 0 | I39: 輛 | N39: =工程基本資料!E6 -> 北區工務所 | O39: =工程基本資料!I6 -> 逸峰營造有限公司 | P39: =P38 -> 詹智為、張思漢 | Q39: =Q38 -> 北區工務所
C40: 自行車道 | D40: 113年9月30日 | F40: 113年9月24日 | G40: 吊車 | H40: 0 | I40: 輛 | P40: =P39 -> 詹智為、張思漢 | Q40: =Q39 -> 北區工務所
C41: 全面完成 | D41: 113年10月7日 | F41: 年 月 日 | G41: 推土機 | H41: 0 | I41: 輛 | P41: =P40 -> 詹智為、張思漢 | Q41: =Q40 -> 北區工務所
G42: 卡車 | H42: 1 | I42: 輛 | P42: =P41 -> 詹智為、張思漢 | Q42: =Q41 -> 北區工務所
G43: 水車 | H43: 3 | I43: 輛 | P43: =P42 -> 詹智為、張思漢 | Q43: =Q42 -> 北區工務所
G44: 夾子車 | H44: 0 | I44: 輛 | P44: =P43 -> 詹智為、張思漢 | Q44: =Q43 -> 北區工務所
G45: 鏈鋸 | H45: 0 | I45: 台 | P45: =P44 -> 詹智為、張思漢 | Q45: =Q44 -> 北區工務所
G46: 小山貓 | H46: 1 | I46: 輛 | P46: =P45 -> 詹智為、張思漢 | Q46: =Q45 -> 北區工務所
B47: 工程名稱 | C47: 預定完成日期 | F47: 實際完成日期 | G47: =$G$3 -> 113年9月25日當日動員機具 | N47: 承辦 工務所 | O47: =工程基本資料!D7 -> 周根杉 | P47: =O47 -> 周根杉 | Q47: =N50 -> 北區工務所
B48: =工程基本資料!C7 -> H-113-03-113025 | C48: 項目 | D48: 日期 | G48: 項目 | H48: 數量 | J48: 已完成項目 | K48: 未完成項目 | L48: 今日施作內容 | M48: 明日預定施作內容 | P48: =P47 -> 周根杉 | Q48: =Q47 -> 北區工務所
A49: 5 | B49: =工程基本資料!B7 -> 113年度北區河濱公園土木暨災後復原預約維護工程 | C49: 機車便道 | D49: 年 月 日 | F49: 年 月 日 | G49: 人(含司機) | I49: 人 | P49: =P48 -> 周根杉 | Q49: =Q48 -> 北區工務所
C50: 停車場 | D50: 年 月 日 | F50: 年 月 日 | G50: 怪手 | I50: 輛 | N50: =工程基本資料!E7 -> 北區工務所 | O50: =工程基本資料!I7 -> 冠錏營造有限公司 | P50: =P49 -> 周根杉 | Q50: =Q49 -> 北區工務所
C51: 自行車道 | D51: 年 月 日 | F51: 年 月 日 | G51: 吊車 | I51: 輛 | P51: =P50 -> 周根杉 | Q51: =Q50 -> 北區工務所
C52: 全面完成 | D52: 年 月 日 | F52: 年 月 日 | G52: 推土機 | I52: 輛 | P52: =P51 -> 周根杉 | Q52: =Q51 -> 北區工務所
G53: 卡車 | I53: 輛 | P53: =P52 -> 周根杉 | Q53: =Q52 -> 北區工務所
G54: 水車 | I54: 輛 | P54: =P53 -> 周根杉 | Q54: =Q53 -> 北區工務所
G55: 夾子車 | I55: 輛 | P55: =P54 -> 周根杉 | Q55: =Q54 -> 北區工務所
G56: 鏈鋸 | I56: 台 | P56: =P55 -> 周根杉 | Q56: =Q55 -> 北區工務所
G57: 小山貓 | I57: 輛 | P57: =P55 -> 周根杉 | Q57: =Q56 -> 北區工務所
B58: 工程名稱 | C58: 預定完成日期 | F58: 實際完成日期 | G58: =$G$3 -> 113年9月25日當日動員機具 | N58: 承辦 工務所 | O58: =工程基本資料!D8 -> 陳政誠 | P58: =O58 -> 陳政誠 | Q58: =N61 -> 南內工務所
B59: =工程基本資料!C8 -> H-113-03-113020 | C59: 項目 | D59: 日期 | G59: 項目 | H59: 數量 | J59: 已完成項目 | K59: 未完成項目 | L59: 今日施作內容 | M59: 明日預定施作內容 | P59: =P58 -> 陳政誠 | Q59: =Q58 -> 南內工務所
A60: 6 | B60: =工程基本資料!B8 -> 113年度東區水利建造物檢修改善及災後復原(基隆河左岸高速公路內湖橋上游段，含四分溪及大坑溪)預約維護工程 | C60: 低水護岸 | D60: 113年9月30日 | F60: 年 月 日 | G60: 人(含司機) | H60: 3 | I60: 人 | L60: 1.基隆河左岸高速公路內湖橋上游段至經貿疏散門自行車道清洗 2.基六疏散門低水護岸枯枝清除、垃圾清除 3.錫口碼頭低水護岸枯枝清除、垃圾清除 4.彩虹橋下低水護岸枯枝清除、垃圾清除 | M60: 俟清運連單核准後再行清理低水護岸 | P60: =P59 -> 陳政誠 | Q60: =Q59 -> 南內工務所
C61: 球場 | D61: 113年9月25日 | F61: 113年9月24日 | G61: 怪手 | H61: 0 | I61: 輛 | N61: =工程基本資料!E8 -> 南內工務所 | O61: =工程基本資料!I8 -> 淞源營造有限公司 | P61: =P60 -> 陳政誠 | Q61: =Q60 -> 南內工務所
C62: 自行車道 | D62: 113年9月23日 | F62: 113年9月23日 | G62: 吊車 | H62: 0 | I62: 輛 | P62: =P61 -> 陳政誠 | Q62: =Q61 -> 南內工務所
C63: 廣場鋪面 | D63: 113年9月25日 | F63: 113年9月24日 | G63: 推土機 | H63: 0 | I63: 輛 | P63: =P62 -> 陳政誠 | Q63: =Q62 -> 南內工務所
C64: 全面完成 | D64: 113年10月15日 | G64: 卡車 | H64: 1 | I64: 輛 | P64: =P63 -> 陳政誠 | Q64: =Q63 -> 南內工務所
G65: 水車 | H65: 0 | I65: 輛 | P65: =P64 -> 陳政誠 | Q65: =Q64 -> 南內工務所
G66: 夾子車 | H66: 0 | I66: 輛 | P66: =P65 -> 陳政誠 | Q66: =Q65 -> 南內工務所
G67: 鏈鋸 | H67: 0 | I67: 台 | P67: =P66 -> 陳政誠 | Q67: =Q66 -> 南內工務所
G68: 小山貓 | H68: 0 | I68: 輛 | P68: =P66 -> 陳政誠 | Q68: =Q67 -> 南內工務所
B69: 工程名稱 | C69: 預定完成日期 | F69: 實際完成日期 | G69: =$G$3 -> 113年9月25日當日動員機具 | N69: 承辦 工務所 | O69: =工程基本資料!D9 -> 陳政誠 | P69: =O69 -> 陳政誠 | Q69: =N72 -> 南內工務所
B70: =工程基本資料!C9 -> H-113-03-113018 | C70: 項目 | D70: 日期 | G70: 項目 | H70: 數量 | J70: 已完成項目 | K70: 未完成項目 | L70: 今日施作內容 | M70: 明日預定施作內容 | P70: =P69 -> 陳政誠 | Q70: =Q69 -> 南內工務所
A71: 7 | B71: =工程基本資料!B9 -> 113年度東區河濱公園路面暨災後復原預約維護工程 | C71: 自行車道 | D71: 113年9月23日 | F71: 113年9月23日 | G71: 人(含司機) | H71: 6 | I71: 人 | L71: 南湖河濱草坪枯枝及垃圾清除 | M71: 1.南湖河濱草坪枯枝及垃圾清除 2.金瑞治水園區斜坡淤泥清除、地面清洗 | P71: =P70 -> 陳政誠 | Q71: =Q70 -> 南內工務所
C72: 河濱路面 | D72: 113年9月23日 | F72: 113年9月23日 | G72: 怪手 | H72: 0 | I72: 輛 | N72: =工程基本資料!E9 -> 南內工務所 | O72: =工程基本資料!I9 -> 松瑩營造有限公司 | P72: =P71 -> 陳政誠 | Q72: =Q71 -> 南內工務所
C73: 低水護岸 | D73: 113年9月30日 | F73: 年 月 日 | G73: 吊車 | H73: 0 | I73: 輛 | P73: =P72 -> 陳政誠 | Q73: =Q72 -> 南內工務所
C74: 枯枝及垃圾清除 | D74: 113年9月25日 | F74: 113年9月26日 | G74: 推土機 | H74: 0 | I74: 輛 | P74: =P73 -> 陳政誠 | Q74: =Q73 -> 南內工務所
C75: 全面完成 | D75: 113年10月15日 | G75: 卡車 | H75: 1 | I75: 輛 | P75: =P74 -> 陳政誠 | Q75: =Q74 -> 南內工務所
G76: 水車 | H76: 0 | I76: 輛 | P76: =P75 -> 陳政誠 | Q76: =Q75 -> 南內工務所
G77: 夾子車 | H77: 0 | I77: 輛 | P77: =P76 -> 陳政誠 | Q77: =Q76 -> 南內工務所
G78: 鏈鋸 | H78: 0 | I78: 台 | P78: =P77 -> 陳政誠 | Q78: =Q77 -> 南內工務所
G79: 小山貓 | H79: 0 | I79: 輛 | P79: =P77 -> 陳政誠 | Q79: =Q78 -> 南內工務所
B80: 工程名稱 | C80: 預定完成日期 | F80: 實際完成日期 | G80: =$G$3 -> 113年9月25日當日動員機具 | N80: 承辦 工務所 | O80: =工程基本資料!D10 -> 江志偉 | P80: =O80 -> 江志偉 | Q80: =N83 -> 南內工務所
B81: =工程基本資料!C10 -> H-113-03-113045 | C81: 項目 | D81: 日期 | G81: 項目 | H81: 數量 | J81: 已完成項目 | K81: 未完成項目 | L81: 今日施作內容 | M81: 明日預定施作內容 | P81: =P80 -> 江志偉 | Q81: =Q80 -> 南內工務所
A82: 8 | B82: =工程基本資料!B10 -> 113年度東區河濱公園土木暨災後復原預約維護工程 | C82: 自行車道 | D82: 113年9月23日 | F82: 113年9月23日 | G82: 人(含司機) | H82: 17 | I82: 人 | L82: 1.雙溪河濱至三腳渡(含溜冰場、體健區、籃球場)沿線自行車道及人行步道淤土、枯枝、垃圾清理。 | M82: 1.圓山溜冰場清理 2.三腳渡籃球場清理 3.俟清運連單核准後再行清理枯枝及廢棄物 | P82: =P81 -> 江志偉 | Q82: =Q81 -> 南內工務所
C83: 廣場鋪面 | D83: 113年9月25日 | F83: 113年9月24日 | G83: 怪手 | H83: 2 | I83: 輛 | N83: =工程基本資料!E10 -> 南內工務所 | O83: =工程基本資料!I10 -> 和遠營造有限公司 | P83: =P82 -> 江志偉 | Q83: =Q82 -> 南內工務所
C84: 人行步道 | D84: 113年9月23日 | F84: 113年9月23日 | G84: 吊車 | H84: 0 | I84: 輛 | P84: =P83 -> 江志偉 | Q84: =Q83 -> 南內工務所
C85: 體育場 | D85: 113年9月25日 | F85: 年 月 日 | G85: 推土機 | H85: 0 | I85: 輛 | P85: =P84 -> 江志偉 | Q85: =Q84 -> 南內工務所
C86: 低水護岸 | D86: 113年9月30日 | F86: 年 月 日 | G86: 卡車 | H86: 5 | I86: 輛 | P86: =P85 -> 江志偉 | Q86: =Q85 -> 南內工務所
C87: 停車場 | D87: 113年9月25日 | F87: 113年9月23日 | G87: 水車 | H87: 3 | I87: 輛 | P87: =P86 -> 江志偉 | Q87: =Q86 -> 南內工務所
C88: 美堤低水護岸 | D88: 113年9月25日 | F88: 113年9月24日 | G88: 夾子車 | H88: 0 | I88: 輛 | P88: =P87 -> 江志偉 | Q88: =Q87 -> 南內工務所
C89: 全面完成 | D89: 113年10月15日 | G89: 鏈鋸 | H89: 0 | I89: 台 | P89: =P88 -> 江志偉 | Q89: =Q88 -> 南內工務所
G90: 小山貓 | H90: 2 | I90: 輛 | P90: =P88 -> 江志偉 | Q90: =Q89 -> 南內工務所
B91: 工程名稱 | C91: 預定完成日期 | F91: 實際完成日期 | G91: =$G$3 -> 113年9月25日當日動員機具 | N91: 承辦 工務所 | O91: =工程基本資料!D11 -> 沈明勳 | P91: =O91 -> 沈明勳 | Q91: =N94 -> 北投工務所
B92: =工程基本資料!C11 -> H-113-03-113023 | C92: 項目 | D92: 日期 | G92: 項目 | H92: 數量 | J92: 已完成項目 | K92: 未完成項目 | L92: 今日施作內容 | M92: 明日預定施作內容 | P92: =P91 -> 沈明勳 | Q92: =Q91 -> 北投工務所
A93: 9 | B93: =工程基本資料!B11 -> 113年度北區水利建造物檢修改善及災後復原(雙溪右岸至關渡水岸公園段)預約維護工程 | C93: 自行車道 | D93: 113年09月25日 | F93: 年 月 日 | G93: 人(含司機) | H93: 8 | I93: 人 | J93: 1.雙溪段自行車道路面清洗 2.雙溪越堤道路面清洗 3.雜草雜木移除集中堆置 | K93: 1.雜草雜木移除集中堆置 2.樹木扶正 | L93: 1.雜草雜木移除集中堆置 2.樹木扶正 | M93: 1.雜草雜木移除集中堆置 2.樹木扶正 | P93: =P92 -> 沈明勳 | Q93: =Q92 -> 北投工務所
C94: 全面完成 | D94: 113年09月26日 | F94: 年 月 日 | G94: 怪手 | I94: 輛 | N94: =工程基本資料!E11 -> 北投工務所 | O94: =工程基本資料!I11 -> 久勝營造有限公司 | P94: =P93 -> 沈明勳 | Q94: =Q93 -> 北投工務所
F95: 年 月 日 | G95: 吊車 | H95: 1 | I95: 輛 | P95: =P94 -> 沈明勳 | Q95: =Q94 -> 北投工務所
F96: 年 月 日 | G96: 推土機 | I96: 輛 | P96: =P95 -> 沈明勳 | Q96: =Q95 -> 北投工務所
G97: 卡車 | H97: 1 | I97: 輛 | P97: =P96 -> 沈明勳 | Q97: =Q96 -> 北投工務所
G98: 水車 | I98: 輛 | P98: =P97 -> 沈明勳 | Q98: =Q97 -> 北投工務所
G99: 夾子車 | I99: 輛 | P99: =P98 -> 沈明勳 | Q99: =Q98 -> 北投工務所
G100: 鏈鋸 | H100: 2 | I100: 台 | P100: =P99 -> 沈明勳 | Q100: =Q99 -> 北投工務所
G101: 小山貓 | I101: 輛 | P101: =P99 -> 沈明勳 | Q101: =Q100 -> 北投工務所
...

Sheet 113年9月26日
A1: 項次
B3: 工程名稱 | C3: 預定完成日期 | F3: 實際完成日期 | G3: 113年9月26日當日動員機具 | N3: 承辦 工務所 | O3: =工程基本資料!D3 -> 任益芳 | P3: =O3 -> 任益芳 | Q3: =N6 -> 南區工務所
B4: =工程基本資料!C3 -> H-113-03-113019 | C4: 項目 | D4: 日期 | G4: 項目 | H4: 數量 | J4: 已完成項目 | K4: 未完成項目 | L4: 今日施作內容 | M4: 明日預定施作內容 | P4: =P3 -> 任益芳 | Q4: =Q3 -> 南區工務所
A5: 1 | B5: =工程基本資料!B3 -> 113年度南區河濱公園路面暨災後復原預約維護工程 | C5: 機車便道 | D5: 年 月 日 | F5: 年 月 日 | G5: 人(含司機) | H5: 0 | I5: 人 | P5: =P4 -> 任益芳 | Q5: =Q4 -> 南區工務所
C6: 停車場 | D6: 年 月 日 | F6: 年 月 日 | G6: 怪手 | H6: 0 | I6: 輛 | N6: =工程基本資料!E3 -> 南區工務所 | O6: =工程基本資料!I3 -> 松瑩營造有限公司 | P6: =P5 -> 任益芳 | Q6: =Q5 -> 南區工務所
C7: 自行車道 | D7: 年 月 日 | F7: 年 月 日 | G7: 吊車 | H7: 0 | I7: 輛 | P7: =P6 -> 任益芳 | Q7: =Q6 -> 南區工務所
C8: 全面完成 | D8: 年 月 日 | F8: 年 月 日 | G8: 推土機 | H8: 0 | I8: 輛 | P8: =P7 -> 任益芳 | Q8: =Q7 -> 南區工務所
G9: 卡車 | H9: 0 | I9: 輛 | P9: =P8 -> 任益芳 | Q9: =Q8 -> 南區工務所
G10: 水車 | H10: 0 | I10: 輛 | P10: =P9 -> 任益芳 | Q10: =Q9 -> 南區工務所
G11: 夾子車 | H11: 0 | I11: 輛 | P11: =P10 -> 任益芳 | Q11: =Q10 -> 南區工務所
G12: 鏈鋸 | H12: 0 | I12: 台 | P12: =P11 -> 任益芳 | Q12: =Q11 -> 南區工務所
G13: 小山貓 | H13: 0 | I13: 輛 | P13: =P12 -> 任益芳 | Q13: =Q12 -> 南區工務所
B14: 工程名稱 | C14: 預定完成日期 | F14: 實際完成日期 | G14: =$G$3 -> 113年9月26日當日動員機具 | N14: 承辦 工務所 | O14: =工程基本資料!D4 -> 任益芳 | P14: =O14 -> 任益芳 | Q14: =N17 -> 南區工務所
B15: =工程基本資料!C4 -> H-113-03-113022 | C15: 項目 | D15: 日期 | G15: 項目 | H15: 數量 | J15: 已完成項目 | K15: 未完成項目 | L15: 今日施作內容 | M15: 明日預定施作內容 | P15: =P14 -> 任益芳 | Q15: =Q14 -> 南區工務所
A16: 2 | B16: =工程基本資料!B4 -> 113年度南區水利建造物檢修改善及災後復原(新店溪永福橋至萬板大橋段)預約維護工程 | C16: 機車便道 | D16: 年 月 日 | F16: 年 月 日 | G16: 人(含司機) | H16: 0 | I16: 人 | P16: =P15 -> 任益芳 | Q16: =Q15 -> 南區工務所
C17: 停車場 | D17: 年 月 日 | F17: 年 月 日 | G17: 怪手 | H17: 0 | I17: 輛 | N17: =工程基本資料!E4 -> 南區工務所 | O17: =工程基本資料!I4 -> 鋐城營造有限公司 | P17: =P16 -> 任益芳 | Q17: =Q16 -> 南區工務所
C18: 自行車道 | D18: 年 月 日 | F18: 年 月 日 | G18: 吊車 | H18: 0 | I18: 輛 | P18: =P17 -> 任益芳 | Q18: =Q17 -> 南區工務所
C19: 全面完成 | D19: 年 月 日 | F19: 年 月 日 | G19: 推土機 | H19: 0 | I19: 輛 | P19: =P18 -> 任益芳 | Q19: =Q18 -> 南區工務所
G20: 卡車 | H20: 0 | I20: 輛 | P20: =P19 -> 任益芳 | Q20: =Q19 -> 南區工務所
G21: 水車 | H21: 0 | I21: 輛 | P21: =P20 -> 任益芳 | Q21: =Q20 -> 南區工務所
G22: 夾子車 | H22: 0 | I22: 輛 | P22: =P21 -> 任益芳 | Q22: =Q21 -> 南區工務所
G23: 鏈鋸 | H23: 0 | I23: 台 | P23: =P22 -> 任益芳 | Q23: =Q22 -> 南區工務所
G24: 小山貓 | H24: 0 | I24: 輛 | P24: =P22 -> 任益芳 | Q24: =Q23 -> 南區工務所
B25: 工程名稱 | C25: 預定完成日期 | F25: 實際完成日期 | G25: =$G$3 -> 113年9月26日當日動員機具 | N25: 承辦 工務所 | O25: =工程基本資料!D5 -> 王伯豪 | P25: =O25 -> 王伯豪 | Q25: =N28 -> 南區工務所
B26: =工程基本資料!C5 -> H-113-03-113047 | C26: 項目 | D26: 日期 | G26: 項目 | H26: 數量 | J26: 已完成項目 | K26: 未完成項目 | L26: 今日施作內容 | M26: 明日預定施作內容 | P26: =P25 -> 王伯豪 | Q26: =Q25 -> 南區工務所
A27: 3 | B27: =工程基本資料!B5 -> 113年度南區河濱公園土木（含颱風豪雨設施撤離）暨災後復原預約維護工程 | C27: 機車便道 | D27: 年 月 日 | F27: 年 月 日 | G27: 人(含司機) | I27: 人 | P27: =P26 -> 王伯豪 | Q27: =Q26 -> 南區工務所
C28: 停車場 | D28: 年 月 日 | F28: 年 月 日 | G28: 怪手 | I28: 輛 | N28: =工程基本資料!E5 -> 南區工務所 | O28: =工程基本資料!I5 -> 泇溢營造有限公司 | P28: =P27 -> 王伯豪 | Q28: =Q27 -> 南區工務所
C29: 自行車道 | D29: 113年 9月 24日 | F29: 113年9月 24日 | G29: 吊車 | I29: 輛 | P29: =P28 -> 王伯豪 | Q29: =Q28 -> 南區工務所
C30: 全面完成 | D30: 113年 9月 29日 | F30: 年 月 日 | G30: 推土機 | I30: 輛 | P30: =P29 -> 王伯豪 | Q30: =Q29 -> 南區工務所
G31: 卡車 | I31: 輛 | P31: =P30 -> 王伯豪 | Q31: =Q30 -> 南區工務所
G32: 水車 | I32: 輛 | P32: =P31 -> 王伯豪 | Q32: =Q31 -> 南區工務所
G33: 夾子車 | I33: 輛 | P33: =P32 -> 王伯豪 | Q33: =Q32 -> 南區工務所
G34: 鏈鋸 | I34: 台 | P34: =P33 -> 王伯豪 | Q34: =Q33 -> 南區工務所
G35: 小山貓 | I35: 輛 | P35: =P34 -> 王伯豪 | Q35: =Q34 -> 南區工務所
B36: 工程名稱 | C36: 預定完成日期 | F36: 實際完成日期 | G36: =$G$3 -> 113年9月26日當日動員機具 | N36: 承辦 工務所 | O36: =工程基本資料!D6 -> 詹智為、張思漢 | P36: =O36 -> 詹智為、張思漢 | Q36: =N39 -> 北區工務所
B37: =工程基本資料!C6 -> H-113-03-113021 | C37: 項目 | D37: 日期 | G37: 項目 | H37: 數量 | J37: 已完成項目 | K37: 未完成項目 | L37: 今日施作內容 | M37: 明日預定施作內容 | P37: =P36 -> 詹智為、張思漢 | Q37: =Q36 -> 北區工務所
A38: 4 | B38: =工程基本資料!B6 -> 113年度西區水利建造物檢修改善及災後復原(基隆河左岸高速公路內湖橋至洲美大橋段)預約維護工程 | C38: 機車便道 | D38: 113年9月23日 | F38: 113年9月23日 | G38: 人(含司機) | I38: 人 | P38: =P37 -> 詹智為、張思漢 | Q38: =Q37 -> 北區工務所
C39: 停車場 | D39: 113年9月25日 | F39: 113年9月23日 | G39: 怪手 | I39: 輛 | N39: =工程基本資料!E6 -> 北區工務所 | O39: =工程基本資料!I6 -> 逸峰營造有限公司 | P39: =P38 -> 詹智為、張思漢 | Q39: =Q38 -> 北區工務所
C40: 自行車道 | D40: 113年9月30日 | F40: 113年9月24日 | G40: 吊車 | I40: 輛 | P40: =P39 -> 詹智為、張思漢 | Q40: =Q39 -> 北區工務所
C41: 全面完成 | D41: 113年10月7日 | F41: 年 月 日 | G41: 推土機 | I41: 輛 | P41: =P40 -> 詹智為、張思漢 | Q41: =Q40 -> 北區工務所
G42: 卡車 | I42: 輛 | P42: =P41 -> 詹智為、張思漢 | Q42: =Q41 -> 北區工務所
G43: 水車 | I43: 輛 | P43: =P42 -> 詹智為、張思漢 | Q43: =Q42 -> 北區工務所
G44: 夾子車 | I44: 輛 | P44: =P43 -> 詹智為、張思漢 | Q44: =Q43 -> 北區工務所
G45: 鏈鋸 | I45: 台 | P45: =P44 -> 詹智為、張思漢 | Q45: =Q44 -> 北區工務所
G46: 小山貓 | I46: 輛 | P46: =P45 -> 詹智為、張思漢 | Q46: =Q45 -> 北區工務所
B47: 工程名稱 | C47: 預定完成日期 | F47: 實際完成日期 | G47: =$G$3 -> 113年9月26日當日動員機具 | N47: 承辦 工務所 | O47: =工程基本資料!D7 -> 周根杉 | P47: =O47 -> 周根杉 | Q47: =N50 -> 北區工務所
B48: =工程基本資料!C7 -> H-113-03-113025 | C48: 項目 | D48: 日期 | G48: 項目 | H48: 數量 | J48: 已完成項目 | K48: 未完成項目 | L48: 今日施作內容 | M48: 明日預定施作內容 | P48: =P47 -> 周根杉 | Q48: =Q47 -> 北區工務所
A49: 5 | B49: =工程基本資料!B7 -> 113年度北區河濱公園土木暨災後復原預約維護工程 | C49: 機車便道 | D49: 年 月 日 | F49: 年 月 日 | G49: 人(含司機) | I49: 人 | P49: =P48 -> 周根杉 | Q49: =Q48 -> 北區工務所
C50: 停車場 | D50: 年 月 日 | F50: 年 月 日 | G50: 怪手 | I50: 輛 | N50: =工程基本資料!E7 -> 北區工務所 | O50: =工程基本資料!I7 -> 冠錏營造有限公司 | P50: =P49 -> 周根杉 | Q50: =Q49 -> 北區工務所
C51: 自行車道 | D51: 年 月 日 | F51: 年 月 日 | G51: 吊車 | I51: 輛 | P51: =P50 -> 周根杉 | Q51: =Q50 -> 北區工務所
C52: 全面完成 | D52: 年 月 日 | F52: 年 月 日 | G52: 推土機 | I52: 輛 | P52: =P51 -> 周根杉 | Q52: =Q51 -> 北區工務所
G53: 卡車 | I53: 輛 | P53: =P52 -> 周根杉 | Q53: =Q52 -> 北區工務所
G54: 水車 | I54: 輛 | P54: =P53 -> 周根杉 | Q54: =Q53 -> 北區工務所
G55: 夾子車 | I55: 輛 | P55: =P54 -> 周根杉 | Q55: =Q54 -> 北區工務所
G56: 鏈鋸 | I56: 台 | P56: =P55 -> 周根杉 | Q56: =Q55 -> 北區工務所
G57: 小山貓 | I57: 輛 | P57: =P55 -> 周根杉 | Q57: =Q56 -> 北區工務所
B58: 工程名稱 | C58: 預定完成日期 | F58: 實際完成日期 | G58: =$G$3 -> 113年9月26日當日動員機具 | N58: 承辦 工務所 | O58: =工程基本資料!D8 -> 陳政誠 | P58: =O58 -> 陳政誠 | Q58: =N61 -> 南內工務所
B59: =工程基本資料!C8 -> H-113-03-113020 | C59: 項目 | D59: 日期 | G59: 項目 | H59: 數量 | J59: 已完成項目 | K59: 未完成項目 | L59: 今日施作內容 | M59: 明日預定施作內容 | P59: =P58 -> 陳政誠 | Q59: =Q58 -> 南內工務所
A60: 6 | B60: =工程基本資料!B8 -> 113年度東區水利建造物檢修改善及災後復原(基隆河左岸高速公路內湖橋上游段，含四分溪及大坑溪)預約維護工程 | C60: 低水護岸 | D60: 113年9月30日 | F60: 年 月 日 | G60: 人(含司機) | I60: 人 | P60: =P59 -> 陳政誠 | Q60: =Q59 -> 南內工務所
C61: 球場 | D61: 113年9月25日 | F61: 113年9月24日 | G61: 怪手 | I61: 輛 | N61: =工程基本資料!E8 -> 南內工務所 | O61: =工程基本資料!I8 -> 淞源營造有限公司 | P61: =P60 -> 陳政誠 | Q61: =Q60 -> 南內工務所
C62: 自行車道 | D62: 113年9月23日 | F62: 113年9月23日 | G62: 吊車 | I62: 輛 | P62: =P61 -> 陳政誠 | Q62: =Q61 -> 南內工務所
C63: 廣場鋪面 | D63: 113年9月25日 | F63: 113年9月24日 | G63: 推土機 | I63: 輛 | P63: =P62 -> 陳政誠 | Q63: =Q62 -> 南內工務所
C64: 全面完成 | D64: 113年10月15日 | G64: 卡車 | I64: 輛 | P64: =P63 -> 陳政誠 | Q64: =Q63 -> 南內工務所
G65: 水車 | I65: 輛 | P65: =P64 -> 陳政誠 | Q65: =Q64 -> 南內工務所
G66: 夾子車 | I66: 輛 | P66: =P65 -> 陳政誠 | Q66: =Q65 -> 南內工務所
G67: 鏈鋸 | I67: 台 | P67: =P66 -> 陳政誠 | Q67: =Q66 -> 南內工務所
G68: 小山貓 | I68: 輛 | P68: =P66 -> 陳政誠 | Q68: =Q67 -> 南內工務所
B69: 工程名稱 | C69: 預定完成日期 | F69: 實際完成日期 | G69: =$G$3 -> 113年9月26日當日動員機具 | N69: 承辦 工務所 | O69: =工程基本資料!D9 -> 陳政誠 | P69: =O69 -> 陳政誠 | Q69: =N72 -> 南內工務所
B70: =工程基本資料!C9 -> H-113-03-113018 | C70: 項目 | D70: 日期 | G70: 項目 | H70: 數量 | J70: 已完成項目 | K70: 未完成項目 | L70: 今日施作內容 | M70: 明日預定施作內容 | P70: =P69 -> 陳政誠 | Q70: =Q69 -> 南內工務所
A71: 7 | B71: =工程基本資料!B9 -> 113年度東區河濱公園路面暨災後復原預約維護工程 | C71: 自行車道 | D71: 113年9月23日 | F71: 113年9月23日 | G71: 人(含司機) | I71: 人 | P71: =P70 -> 陳政誠 | Q71: =Q70 -> 南內工務所
C72: 河濱路面 | D72: 113年9月23日 | F72: 113年9月23日 | G72: 怪手 | I72: 輛 | N72: =工程基本資料!E9 -> 南內工務所 | O72: =工程基本資料!I9 -> 松瑩營造有限公司 | P72: =P71 -> 陳政誠 | Q72: =Q71 -> 南內工務所
C73: 低水護岸 | D73: 113年9月30日 | F73: 年 月 日 | G73: 吊車 | I73: 輛 | P73: =P72 -> 陳政誠 | Q73: =Q72 -> 南內工務所
C74: 枯枝及垃圾清除 | D74: 113年9月25日 | F74: 113年9月26日 | G74: 推土機 | I74: 輛 | P74: =P73 -> 陳政誠 | Q74: =Q73 -> 南內工務所
C75: 全面完成 | D75: 113年10月15日 | G75: 卡車 | I75: 輛 | P75: =P74 -> 陳政誠 | Q75: =Q74 -> 南內工務所
G76: 水車 | I76: 輛 | P76: =P75 -> 陳政誠 | Q76: =Q75 -> 南內工務所
G77: 夾子車 | I77: 輛 | P77: =P76 -> 陳政誠 | Q77: =Q76 -> 南內工務所
G78: 鏈鋸 | I78: 台 | P78: =P77 -> 陳政誠 | Q78: =Q77 -> 南內工務所
G79: 小山貓 | I79: 輛 | P79: =P77 -> 陳政誠 | Q79: =Q78 -> 南內工務所
B80: 工程名稱 | C80: 預定完成日期 | F80: 實際完成日期 | G80: =$G$3 -> 113年9月26日當日動員機具 | N80: 承辦 工務所 | O80: =工程基本資料!D10 -> 江志偉 | P80: =O80 -> 江志偉 | Q80: =N83 -> 南內工務所
B81: =工程基本資料!C10 -> H-113-03-113045 | C81: 項目 | D81: 日期 | G81: 項目 | H81: 數量 | J81: 已完成項目 | K81: 未完成項目 | L81: 今日施作內容 | M81: 明日預定施作內容 | P81: =P80 -> 江志偉 | Q81: =Q80 -> 南內工務所
A82: 8 | B82: =工程基本資料!B10 -> 113年度東區河濱公園土木暨災後復原預約維護工程 | C82: 自行車道 | D82: 113年9月23日 | F82: 113年9月23日 | G82: 人(含司機) | I82: 人 | P82: =P81 -> 江志偉 | Q82: =Q81 -> 南內工務所
C83: 廣場鋪面 | D83: 113年9月25日 | F83: 113年9月24日 | G83: 怪手 | I83: 輛 | N83: =工程基本資料!E10 -> 南內工務所 | O83: =工程基本資料!I10 -> 和遠營造有限公司 | P83: =P82 -> 江志偉 | Q83: =Q82 -> 南內工務所
C84: 人行步道 | D84: 113年9月23日 | F84: 113年9月23日 | G84: 吊車 | I84: 輛 | P84: =P83 -> 江志偉 | Q84: =Q83 -> 南內工務所
C85: 體育場 | D85: 113年9月25日 | F85: 年 月 日 | G85: 推土機 | I85: 輛 | P85: =P84 -> 江志偉 | Q85: =Q84 -> 南內工務所
C86: 低水護岸 | D86: 113年9月30日 | F86: 年 月 日 | G86: 卡車 | I86: 輛 | P86: =P85 -> 江志偉 | Q86: =Q85 -> 南內工務所
C87: 停車場 | D87: 113年9月25日 | F87: 113年9月23日 | G87: 水車 | I87: 輛 | P87: =P86 -> 江志偉 | Q87: =Q86 -> 南內工務所
C88: 美堤低水護岸 | D88: 113年9月25日 | F88: 113年9月24日 | G88: 夾子車 | I88: 輛 | P88: =P87 -> 江志偉 | Q88: =Q87 -> 南內工務所
C89: 全面完成 | D89: 113年10月15日 | G89: 鏈鋸 | I89: 台 | P89: =P88 -> 江志偉 | Q89: =Q88 -> 南內工務所
G90: 小山貓 | I90: 輛 | P90: =P88 -> 江志偉 | Q90: =Q89 -> 南內工務所
B91: 工程名稱 | C91: 預定完成日期 | F91: 實際完成日期 | G91: =$G$3 -> 113年9月26日當日動員機具 | N91: 承辦 工務所 | O91: =工程基本資料!D11 -> 沈明勳 | P91: =O91 -> 沈明勳 | Q91: =N94 -> 北投工務所
B92: =工程基本資料!C11 -> H-113-03-113023 | C92: 項目 | D92: 日期 | G92: 項目 | H92: 數量 | J92: 已完成項目 | K92: 未完成項目 | L92: 今日施作內容 | M92: 明日預定施作內容 | P92: =P91 -> 沈明勳 | Q92: =Q91 -> 北投工務所
A93: 9 | B93: =工程基本資料!B11 -> 113年度北區水利建造物檢修改善及災後復原(雙溪右岸至關渡水岸公園段)預約維護工程 | C93: 自行車道 | D93: 113年09月26日 | F93: 年 月 日 | G93: 人(含司機) | H93: 8 | I93: 人 | J93: 1.雙溪段自行車道路面清洗 2.雙溪越堤道路面清洗 3.雜草雜木移除集中堆置 | K93: 1.雜草雜木移除集中堆置 2.樹木扶正 | L93: 1.雜草雜木移除集中堆置 2.樹木扶正 | P93: =P92 -> 沈明勳 | Q93: =Q92 -> 北投工務所
C94: 全面完成 | D94: 113年09月26日 | F94: 年 月 日 | G94: 怪手 | I94: 輛 | N94: =工程基本資料!E11 -> 北投工務所 | O94: =工程基本資料!I11 -> 久勝營造有限公司 | P94: =P93 -> 沈明勳 | Q94: =Q93 -> 北投工務所
F95: 年 月 日 | G95: 吊車 | H95: 1 | I95: 輛 | P95: =P94 -> 沈明勳 | Q95: =Q94 -> 北投工務所
F96: 年 月 日 | G96: 推土機 | I96: 輛 | P96: =P95 -> 沈明勳 | Q96: =Q95 -> 北投工務所
G97: 卡車 | H97: 1 | I97: 輛 | P97: =P96 -> 沈明勳 | Q97: =Q96 -> 北投工務所
G98: 水車 | I98: 輛 | P98: =P97 -> 沈明勳 | Q98: =Q97 -> 北投工務所
G99: 夾子車 | I99: 輛 | P99: =P98 -> 沈明勳 | Q99: =Q98 -> 北投工務所
G100: 鏈鋸 | H100: 2 | I100: 台 | P100: =P99 -> 沈明勳 | Q100: =Q99 -> 北投工務所
G101: 小山貓 | I101: 輛 | P101: =P99 -> 沈明勳 | Q101: =Q100 -> 北投工務所
...

Sheet 工程基本資料
B1: 工程名稱 | C1: 契約編號 | D1: 監造人員 | E1: 工務所 | F1: 主要 行政區別 | G1: 規劃設計 單位 | H1: 原契約上限金額 | I1: 廠商名稱 | J1: 廠商地址 | K1: 廠商負責人 | N1: 卡車 | P1: 項次 | Q1: 自有救災能量 | R1: 民間廠商支 | S1: 總計
R2: 援救災能量
A3: 1 | B3: 113年度南區河濱公園路面暨災後復原預約維護工程 | C3: H-113-03-113019 | D3: 任益芳 | E3: 南區工務所 | I3: 松瑩營造有限公司 | P3: 動員救災人力(人) | Q3: 19(新工處) +121(公園處) +9(大地處) | R3: 197(水利處)+4(建管處) | S3: 350 | U3: =6+6+5+15+10 -> 42
A4: 2 | B4: 113年度南區水利建造物檢修改善及災後復原(新店溪永福橋至萬板大橋段)預約維護工程 | C4: H-113-03-113022 | D4: 任益芳 | E4: 南區工務所 | I4: 鋐城營造有限公司 | P4: 大型工程車(輛) | Q4: 1(新工處) | R4: 22(水利處)+2(建管處) | S4: 25 | U4: =2+2+1+4+1 -> 10
A5: 3 | B5: 113年度南區河濱公園土木（含颱風豪雨設施撤離）暨災後復原預約維護工程 | C5: H-113-03-113047 | D5: 王伯豪 | E5: 南區工務所 | I5: 泇溢營造有限公司 | P5: 小型工程車(輛) | Q5: 5(新工處) +26(公園處) +4(大地處) | R5: 19(水利處)+2(建管處) | S5: 56 | U5: =2+2+1+2+1+2 -> 10
A6: 4 | B6: 113年度西區水利建造物檢修改善及災後復原(基隆河左岸高速公路內湖橋至洲美大橋段)預約維護工程 | C6: H-113-03-113021 | D6: 詹智為、張思漢 | E6: 北區工務所 | I6: 逸峰營造有限公司 | P6: 發電機(臺) | Q6: - | R6: 13(水利處) | S6: 13
A7: 5 | B7: 113年度北區河濱公園土木暨災後復原預約維護工程 | C7: H-113-03-113025 | D7: 周根杉 | E7: 北區工務所 | I7: 冠錏營造有限公司 | P7: 抽水機(臺) | Q7: - | R7: 143(水利處) | S7: 143
A8: 6 | B8: 113年度東區水利建造物檢修改善及災後復原(基隆河左岸高速公路內湖橋上游段，含四分溪及大坑溪)預約維護工程 | C8: H-113-03-113020 | D8: 陳政誠 | E8: 南內工務所 | I8: 淞源營造有限公司 | P8: 其他機具(臺) | Q8: 3(新工處) +52(公園處) +1(大地處) | R8: 43(水利處) | S8: 99
A9: 7 | B9: 113年度東區河濱公園路面暨災後復原預約維護工程 | C9: H-113-03-113018 | D9: 陳政誠 | E9: 南內工務所 | I9: 松瑩營造有限公司 | P9: 太空包(包) | Q9: - | R9: - | S9: -
A10: 8 | B10: 113年度東區河濱公園土木暨災後復原預約維護工程 | C10: H-113-03-113045 | D10: 江志偉 | E10: 南內工務所 | I10: 和遠營造有限公司 | P10: 砂包(包) | Q10: - | R10: - | S10: -
A11: 9 | B11: 113年度北區水利建造物檢修改善及災後復原(雙溪右岸至關渡水岸公園段)預約維護工程 | C11: H-113-03-113023 | D11: 沈明勳 | E11: 北投工務所 | I11: 久勝營造有限公司 | P11: 鏈鋸(臺) | Q11: - | R11: - | S11: - | U11: 2
A12: 10 | B12: 113年度北區河濱公園路面暨災後復原預約維護工程 | C12: H-113-03-113017 | D12: 余成偉 | E12: 北投工務所 | I12: 冠錏營造有限公司
A13: 11
A14: 12
A15: 13
A16: 14
A17: 15 | L17: 無
A18: 16 | L18: 無
