Workbook

Sheet 5-3.鋼筋
A1: 臺北市政府工務局水利工程處
A2: 材料設備檢（試）驗管制總表
A3: ="工程名稱:"&'1.計畫'!A1:I1 -> 工程名稱:磺港溪再造C段護岸及步道整建工程（延壽橋至三合橋） | H3: 契約編號：H-111-03-112080
A4: 監造單位：任泰技術顧問有限公司 | H4: 施工廠商：上溢營造份有限公司
A5: 項次 | B5: 契約詳細表項次 | C5: 契約 數量 | D5: 進場 日期 | E5: 進場 數量 | F5: 抽樣 日期 | G5: 規定抽（取）樣頻率 | H5: 累積進場數量 | I5: 抽試驗結果 | J5: 抽驗及會同人員 | K5: 備註
B6: 材料(設備)名稱 | D6: 進場 數量 | F6: 抽樣 數量 | H6: 累積抽樣數量 | K6: (歸檔編號)
A7: 3-1 | B7: 1.2.3、1.3.5、1.3.20、1.3.6、1.4.7、1.4.8、1.5.8、1.5.9、1.6.11 | C7: 694822.61 KG | D7: 45275 | E7: 49,000 KG | F7: 45282 | G7: 以同一爐號及相同標稱直徑之鋼筋為1組，每組取1支試樣，但同一爐號質量超過50t至100t以下者，每組取2支，同一爐號質量超過100t者，每增加50t(不足50t，以50t計)，每組另加取1支。 | H7: 49,000 KG | I7: 合格 | J7: 水利處：李晏然 任 泰：游文圃 上 溢：郭冠廷 | K7: 113年1月22日 112任泰顧字 第0122010010號 D19*2、D25*2
B8: 鋼筋 | D8: 49,000 KG | F8: 49,000 KG (4組) | H8: 49,000 KG (4組)
A9: 3-2 | B9: 1.2.3、1.3.5、1.3.20、1.3.6、1.4.7、1.4.8、1.5.8、1.5.9、1.6.11 | C9: 694822.61 KG | D9: 45282 | E9: 73,000 KG | F9: 45287 | H9: 122,000 KG | I9: 合格 | J9: 水利處：李晏然 任 泰：游文圃 上 溢：郭冠廷 | K9: 113年1月22日 112任泰顧字 第0122010010號 D10*1、D13*1、 D16*2
B10: 鋼筋 | D10: 73,000 KG | F10: 73,000 KG (4組) | H10: 122,000 KG (8組)
A11: 3-3 | B11: 1.2.3、1.3.5、1.3.20、1.3.6、1.4.7、1.4.8、1.5.8、1.5.9、1.6.11 | C11: 694822.61 KG | D11: 45317 | E11: 146,000 KG | F11: 45321 | H11: 268,000 KG | I11: 合格 | J11: 水利處：李晏然 任 泰：白博文 上 溢：郭冠廷 | K11: 113年2月27日 113任泰顧字 第0227010010號 D13*2、D16*2、D19*1、D22*1、D25*2、D32*2
B12: 鋼筋 | D12: 146,000 KG | F12: 146,000 KG (10組) | H12: 268,000 KG (18組)
A13: 3-4 | B13: 1.2.3、1.3.5、1.3.20、1.3.6、1.4.7、1.4.8、1.5.8、1.5.9、1.6.11 | C13: 694822.61 KG | D13: 45376 | E13: 51,000 KG | F13: 45383 | H13: 319,000 KG | I13: 合格 | J13: 水利處：李晏然 任 泰：白博文 上 溢：郭冠廷 | K13: 113年5月14日 113任泰顧字 第0514010012號 D25*3
B14: 鋼筋 | D14: 51,000 KG | F14: 51,000 KG (3組) | H14: 319,000 KG (21組)
A15: 3-5 | B15: 1.2.3、1.3.5、1.3.20、1.3.6、1.4.7、1.4.8、1.5.8、1.5.9、1.6.11 | C15: 694822.61 KG | D15: 45317 | E15: 146,000 KG | F15: 45418 | H15: 319,000 KG | I15: 合格 | J15: 水利處：李晏然 任 泰：白博文 上 溢：郭冠廷 | K15: 113年5月22日113任泰顧字第0522010011號D10*1 (113.5.6府查核)
B16: 鋼筋 | D16: 0KG | F16: 府查核取樣 (1組) | H16: 319,000 KG (22組)
A17: 編制： | D17: 工地主任： | H17: 附註：
A18: 1.本表於施工期間監造單位依契約約定之「材料、設備送審文件、樣品一覽表」分類登錄，俾利控管材料檢驗使用情形。 2.監造單位應依監造計畫之材料設備抽驗程序及標準辦理材料設備抽驗，如有單項材料設備廠商自主檢查頻率未達 3次時，廠商在辦理自主檢查取樣前，應通知監造單位轉知考工單位會同廠商辦理抽驗（即前2次均由本處派員抽驗）。 3.本表規定檢驗頻率請依據工程契約或施工規範約定填寫。
A19: 3-6 | B19: 1.2.3、1.3.5、1.3.20、1.3.6、1.4.7、1.4.8、1.5.8、1.5.9、1.6.11 | C19: 694822.61 KG | D19: 45435 | E19: 178,000 KG | F19: 45440 | G19: 以同一爐號及相同標稱直徑之鋼筋為1組，每組取1支試樣，但同一爐號質量超過50t至100t以下者，每組取2支，同一爐號質量超過100t者，每增加50t(不足50t，以50t計)，每組另加取1支。 | H19: 497,000 KG | I19: 合格 | J19: 水利處：李晏然 任 泰：白博文 上 溢：郭冠廷 | K19: 113年5月22日 113任泰顧字 第0523010001號 D10*2、D13*2、D16*1、D19*1、D22*2、D25*2、D32*1
B20: 鋼筋 | D20: 178,000 KG | F20: 178,000 KG (11組) | H20: 497,000 KG (33組)
A21: 3-7 | B21: 1.2.3、1.3.5、1.3.20、1.3.6、1.4.7、1.4.8、1.5.8、1.5.9、1.6.11 | C21: 694822.61 KG | D21: 45463 | E21: 97,000 KG | F21: 45467 | H21: 594,000 KG | I21: 合格 | J21: 水利處：李晏然 任 泰：白博文 上 溢：郭冠廷 | K21: 113年7月18日 113任泰顧字 第1130718105號 D13*3、D16*1、D25*2、D29*1
B22: 鋼筋 | D22: 97,000 KG | F22: 97,000 KG (7組) | H22: 594,000 KG (40組)
A23: 3-8 | B23: 1.2.3、1.3.5、1.3.20、1.3.6、1.4.7、1.4.8、1.5.8、1.5.9、1.6.11 | C23: 694822.61 KG | D23: 45518 | E23: 156,000 KG | F23: 45526 | H23: 750,000 KG | I23: 合格 | J23: 水利處：李晏然 任 泰：王淑慧 上 溢：葉展志 | K23: 113年9月26日 113任泰顧字 第1130926621號 D13*2、D16*5、D22*2、D29*1
B24: 鋼筋 | D24: 156,000 KG | F24: 156,000 KG (10組) | H24: 750,000 KG (50組)
A25: 3-9 | B25: 1.2.3、1.3.5、1.3.20、1.3.6、1.4.7、1.4.8、1.5.8、1.5.9、1.6.11 | C25: 694822.61 KG | D25: 45548 | E25: 156,000 KG | F25: 45554 | H25: 957,400 KG | I25: 合格 | J25: 任 泰：王淑慧 上 溢：胡舜豪 | K25: 113年11月6日 113任泰顧字 第1131106622號 D13*3、D19*1、D22*4、D25*1
B26: 鋼筋 | D26: 207,400 KG | F26: 207,400 KG (9組) | H26: 957,400 KG (59組)
A27: 3-10 | B27: 1.2.3、1.3.5、1.3.20、1.3.6、1.4.7、1.4.8、1.5.8、1.5.9、1.6.11 | C27: 694822.61 KG | D27: 45705 | E27: 156,000 KG | F27: 45714 | H27: 1,000,400 KG | I27: 合格 | J27: 任 泰：王淑慧 上 溢：康祐銓 | K27: 114年4月17日 任泰顧字 第1140417622號 D13*2、D16*1 | M27: =957400+43000 -> 1000400
B28: 鋼筋 | D28: 43,000 KG | F28: 43,000 KG (3組) | H28: 1,000,400 KG (62組)
A29: 編制： | D29: 工地主任： | H29: 附註：
A30: 1.本表於施工期間監造單位依契約約定之「材料、設備送審文件、樣品一覽表」分類登錄，俾利控管材料檢驗使用情形。 2.監造單位應依監造計畫之材料設備抽驗程序及標準辦理材料設備抽驗，如有單項材料設備廠商自主檢查頻率未達 3次時，廠商在辦理自主檢查取樣前，應通知監造單位轉知考工單位會同廠商辦理抽驗（即前2次均由本處派員抽驗）。 3.本表規定檢驗頻率請依據工程契約或施工規範約定填寫。

Sheet 1.計畫
A1: 磺港溪再造C段護岸及步道整建工程（延壽橋至三合橋）
A2: 計畫書送審管制總表(含工程保險) | H2: ="施工廠商："&$L$2 -> 施工廠商：上溢營造股份有限公司 | L2: 上溢營造股份有限公司
H3: ="監造單位："&$L$3 -> 監造單位：任泰技術顧問有限公司 | L3: 任泰技術顧問有限公司
A4: 得標日期： | B4: 44749 | C4: 訂約日期： | D4: 45128 | E4: 開工日期： | F4: 45192 | G4: 預定完工日期： | H4: =F4+730-1+10+132 -> 46063
A5: 項次 | B5: 送審項目 | C5: 應提送時程 | D5: 限定提送日期 | E5: 第一次送審日期 | F5: 第二次送審日期 | G5: 監造審查日期 | H5: 機關核定日期 | I5: 備註
A6: ☆ | B6: 監造計畫 | C6: 勞務契約決標(110/00/00) 後20日內 | F6: 44414 | G6: - | H6: 110/8/10 北市工水工字 第1106005424號 | I6: 110/00/00 辦理審查會議
A8: ☆ | B8: 監造用人計畫 | C8: 勞務契約決標(110/00/00) 後7日內 | F8: - | G8: - | H8: 110/8/10 北市工水工字 第1106005424號 | I8: -
A9: =ROW()-8 -> 1 | B9: 職業安全衛生管理計畫 | C9: 訂約後15日內 | D9: =$D$4+15 -> 45143 | E9: 112年8月4日 溢磺字 第1120804001號 | F9: 112年8月16日 溢磺字 第1120816021號 | G9: 112年8月21日 112任泰顧字 第0821010003號 | H9: 112年8月29日 北市工水工字 第1126047456號
A10: =ROW()-8 -> 2 | B10: 整體施工計畫 | C10: 工程開工前 | D10: =F4 -> 45192 | E10: 112年8月28日 溢磺字 第1120828001號 | F10: 112年9月5日 溢磺字 第1120904022號 | G10: 112年9月8日 112任泰顧字 第0908010002號 | H10: 112年9月14日 北市工水工字 第1126050960號
A11: =ROW()-8 -> 3 | B11: 整體品質計畫 | C11: 訂約後30日內 | D11: =$D$4+30 -> 45158 | E11: 112年8月17日 溢磺字 第1120817021號 | F11: 112年8月29日 溢磺字 第1120829021號 | G11: 112年9月7日 112任泰顧字 第0907010001號 | H11: 112年9月14日 北市工水工字 第1126050728號
A12: =ROW()-8 -> 4 | B12: 人員報核(開工前資料) | C12: 工程開工前 | D12: =F4 -> 45192 | E12: 112年9月19日 溢磺字 第1120919021號 | F12: - | G12: 112年9月20日 112任泰顧字 第0920010001號 | H12: 112年10月11日 北市工水工字 第1126056074號
A13: =ROW()-8 -> 5 | B13: 營造綜合保險 | C13: 第1次估驗計價前，最遲不得逾開工後1個月。 | D13: =F4+30 -> 45222 | E13: 112年9月21日 溢磺字 第1120921021號 | F13: - | G13: 112年9月22日 112任泰顧字 第0922010002號 | H13: 112年9月23日 北市工水工字 第1126053488號
A14: =ROW()-8 -> 6 | B14: 職業安全衛生管理計畫 (修正1版) | C14: - | D14: 113年6月6日 | E14: 113年5月27日 溢磺字 第1130527023號 | F14: - | G14: 113年5月27日 113任泰顧字 第1130527103號 | H14: 113年5月30日 北市工水工字 第1136033052號 | I14: 113年5月6日 臺北市政府 工程施工查核小組 查核紀錄辦理
A15: =ROW()-8 -> 7 | B15: 整體施工計畫 (修正1版) | C15: - | D15: 113年6月6日 | E15: 113年5月27日 溢磺字 第1130527022號 | F15: - | G15: 113年5月27日 113任泰顧字 第1130527102號 | H15: 113年5月30日 北市工水工字 第1136033049號 | I15: 113年5月6日 臺北市政府 工程施工查核小組 查核紀錄辦理
A16: =ROW()-8 -> 8 | B16: 整體品質計畫 (修正1版) | C16: - | D16: 113年6月6日 | E16: 113年5月27日 溢磺字 第1130527021號 | F16: - | G16: 113年5月27日 113任泰顧字 第1130527101號 | H16: 113年5月30日 北市工水工字 第1136033051號 | I16: 113年5月6日 臺北市政府 工程施工查核小組 查核紀錄辦理
A17: =ROW()-8 -> 9 | B17: 營造綜合保險 | C17: 應於接獲 變更設計修正契約總 價表或工期展延經核 准通知後[20]日內辦 妥。 | D17: 45541 | E17: 113年8月30日 溢磺字 第1130830021號 | F17: - | G17: 113年8月30日 113任泰顧字 第1130830621號 | H17: 113年9月2日 北市工水工字 第1136050653號 | I17: 第二次變更設計
A18: =ROW()-8 -> 10 | B18: 整體施工計畫 (修正2版) | C18: - | D18: 114年1月6日 | E18: 114年1月6日 溢磺字 第1140106021號 | F18: 114年1月15日 溢磺字 第1140115021號 | G18: 114年1月16日 任泰顧字 第1140116621號 | H18: 114年1月20日 北市工水工字 第1146011039號 | I18: 第二次變更設計
A19: =ROW()-8 -> 11 | B19: 整體品質計畫 (修正2版) | C19: - | D19: 114年1月6日 | E19: 114年1月6日 溢磺字 第1140106021號 | F19: 114年1月15日 溢磺字 第1140115021號 | G19: 114年1月16日 任泰顧字 第1140116621號 | H19: 114年1月20日 北市工水工字 第1146011039號 | I19: 第二次變更設計
A20: =ROW()-8 -> 12 | B20: 營造綜合保險 | C20: 應於接獲 變更設計修正契約總 價表或工期展延經核 准通知後[20]日內辦 妥。 | D20: 45672 | E20: 114年1月13日 溢磺字 第1140113021號 | F20: - | G20: 114年1月14日 任泰顧字 第1140114621號 | H20: 114年1月16日 北市工水工字 第1146010473號 | I20: 第三次變更設計 | K20: 45286 | L20: =K20+20 -> 45306
A21: =ROW()-8 -> 13 | B21: 整體施工計畫 (修正3版) | C21: - | D21: 114年4月30日 | E21: 114年4月23日 溢磺字 第1140423023號 | F21: 114年4月24日 溢磺字 第1140424024號 | G21: 114年4月24日 任泰顧字 第1140424623號 | H21: 114年4月28日 北市工水工字 第146027963號 | I21: 第三次變更設計
A22: =ROW()-8 -> 14 | B22: 整體品質計畫 (修正3版) | C22: - | D22: 114年4月30日 | E22: 114年4月23日 溢磺字 第1140423022號 | F22: 114年4月24日 溢磺字 第1140424024號 | G22: 114年4月24日 任泰顧字 第1140424623號 | H22: 114年4月28日 北市工水工字 第146027963號 | I22: 第三次變更設計
A23: =ROW()-8 -> 15 | B23: 營造綜合保險 | C23: 應於接獲 變更設計修正契約總 價表或工期展延經核 准通知後[20]日內辦 妥。 | D23: 45796 | E23: 114年5月15日 溢磺字 第1140515023號 | F23: - | G23: 114年5月15日 任泰顧字 第1140515623號 | H23: 114年5月20日 北市工水工字 第1146032182號 | I23: 第四次變更設計 | K23: 45286 | L23: =K23+20 -> 45306
A24: =ROW()-8 -> 16 | B24: 營造綜合保險 | C24: 應於接獲 變更設計修正契約總 價表或工期展延經核 准通知後[20]日內辦 妥。 | D24: 46049 | E24: 115年1月15日 溢磺字 第1150115021號 | F24: - | G24: 115年1月15日 任泰顧字 第1150115621號 | H24: 115年1月19日 北市工水工字 第1156010450號 | I24: 第五次變更設計 | K24: 45286 | L24: =K24+20 -> 45306
A25: =ROW()-8 -> 17 | B25: 營造綜合保險 | C25: 應於接獲 變更設計修正契約總 價表或工期展延經核 准通知後[20]日內辦 妥。 | D25: 46057 | E25: 115年2月4日 溢磺字 第1150204023號 | F25: 115年2月11日 溢磺字 第1150211021號 | G25: 115年2月11日 任泰顧字 第1150211621號 | H25: 115年2月24日 北市工水工字 第1156015809號 | I25: 第二次工期檢討 | K25: 45286 | L25: =K25+20 -> 45306

Sheet 2.分項計畫
A1: ='1.計畫'!A1:I1 -> 磺港溪再造C段護岸及步道整建工程（延壽橋至三合橋）
A2: 分項計畫送審管制總表 | H2: ="施工廠商："&$K$2 -> 施工廠商：上溢營造股份有限公司 | K2: ='1.計畫'!L2 -> 上溢營造股份有限公司
H3: ="監造單位："&$K$3 -> 監造單位：任泰技術顧問有限公司 | K3: ='1.計畫'!L3 -> 任泰技術顧問有限公司
A4: 得標日期： | B4: ='1.計畫'!B4 -> 44749 | C4: 訂約日期： | D4: ='1.計畫'!D4 -> 45128 | E4: 開工日期： | F4: ='1.計畫'!F4 -> 45192 | G4: 預定完工日期： | H4: ='1.計畫'!H4:I4 -> 46063
A5: 項次 | B5: 送審項目 | C5: 應提送時程 | D5: 限定提送日期 | E5: 第一次送審日期 | F5: 第二次送審日期 | G5: 監造審查日期 | H5: 機關核定日期 | I5: 備註
A6: ☆ | B6: 監造計畫 | C6: 勞務契約決標(110/00/00) 後20日內 | F6: 44414 | G6: - | H6: 110/8/10 北市工水工字 第1106005424號 | I6: 110/00/00 辦理審查會議
A7: ☆ | B7: 監造用人計畫 | C7: 勞務契約決標(110/00/00) 後7日內 | F7: - | G7: - | H7: 110/8/10 北市工水工字 第1106005424號 | I7: -
A8: =ROW()-7 -> 1 | B8: 安全視訊監控系統(CCTV)分項施工計畫 | C8: 預定施作 前15日 | D8: 45177 | E8: 112年8月24日 溢磺字 第1120824021號 | F8: - | G8: 112年9月1日 112任泰顧字 第0901010004號 | H8: 112年9月7日 北市工水工字 第1126049835號
A9: =ROW()-7 -> 2 | B9: 拆除工程分項計畫 | C9: 預定施作 前15日 | D9: 45177 | E9: 112年8月22日 溢磺字 第1120822022號 | F9: 112年9月4日 溢磺字 第1120904021號 | G9: 112年9月1日 112任泰顧字 第0901010003號 | H9: 112年9月7日 北市工水工字 第1126049830號
A10: =ROW()-7 -> 3 | B10: 生態檢核計畫 | C10: 開工前 | D10: 45192 | E10: 112年9月21日 溢磺字 第1120921022號 | F10: - | G10: 112年9月22日 112任泰顧字 第0922010001號 | H10: 112年10月5日 北市工水工字 第1126055392號
A11: =ROW()-7 -> 4 | B11: 剩餘土石方 資源處理計畫 (B5、B6) | C11: 預定產出餘土 前20日 | D11: 45204 | E11: 112年10月4日 溢磺字 第1121004022號 | F11: - | G11: 112年10月6日 112任泰顧字 第1006010003號 | H11: 112年10月13日 北市工水工字 第1126056302號
A12: =ROW()-7 -> 5 | B12: 剩餘土石方 資源處理計畫 (台北港) | C12: 預定產出餘土 前20日 | D12: 45219 | E12: 112年10月18日 溢磺字 第1121018021號 | F12: - | G12: 112年10月24日 112任泰顧字 第1024010001號 | H12: 112年10月26日 北市工水工字 第1126058896號
A13: =ROW()-7 -> 6 | B13: 河防建造物開挖暨復建計畫 | C13: 預定施作 前15日 | D13: 45177 | E13: 112年8月7日 溢磺字 第1120807002號 | F13: 112年8月16日 溢磺字 第1120816022號 | G13: 112年8月21日 112任泰顧字 第0821010002號 | H13: 112年10月23日 北市工水工字 第1126058439號
A14: =ROW()-7 -> 7 | B14: 全套管基樁計畫 | C14: 預定施作 前15日 | D14: 45292 | E14: 112年10月31日 溢磺字 第1121031021號 | F14: - | G14: 112年11月2日 112任泰顧字 第1102010001號 | H14: 112年11月8日 北市工水工字 第1126060812號
A15: =ROW()-7 -> 8 | B15: 鋼便橋分項施工計畫 | C15: 預定施作 前15日 | D15: 45275 | E15: 112年11月13日 溢磺字 第1121113022號 | F15: 112年12月11日 溢磺字 第1121211021號 | G15: 112年12月14日 112任泰顧字 第1214010001號 | H15: 113年1月19日 北市工水工字 第1136010164號
A16: =ROW()-7 -> 9 | B16: 橋梁工程計畫 | C16: 預定施作 前15日 | D16: 45443 | E16: 113年5月15日 溢磺字 第1121113022號 | F16: - | G16: 113年5月16日 113任泰顧字 第0516010001號 | H16: 113年5月24日 北市工水工字 第1136031101號
A17: =ROW()-7 -> 10 | B17: 鋪磚分項施工暨品質計畫 | C17: 預定施作 前15日 | D17: 45736 | E17: 114年2月24日 溢磺字 第1140224022號 | F17: - | G17: 114年2月25日 任泰顧字 第1140225621號 | H17: 114年3月3日 北市工水工字 第1146001130號
A18: =ROW()-7 -> 11 | B18: 剩餘土石方 資源處理計畫 (B4、B5) | C18: 預定產出餘土 前20日 | D18: 45306 | E18: 113年1月11日 溢磺字 第1130111021號 | F18: - | G18: 113年1月12日 112任泰顧字 第0112010001號 | H18: 113年1月15日 北市工水工字 第1136009266號
A19: =ROW()-7 -> 12 | B19: 護岸及護坡工程 分項施工暨品質計畫 | C19: 預定施作 前15日 | D19: 45397 | E19: 113年4月2日 溢磺字 第1130402021號 | F19: - | G19: 113年4月8日 113任泰顧字 第048010001號 | H19: 113年4月11日 北市工水工字 第1136023177號
... A23: =ROW()-7 -> 16 | B23: 警示面板分項施工計畫 | C23: 預定施作 前15日 | D23: 45992 | E23: 114年11月13日 溢磺字 第1141113022號 | F23: - | G23: 114年11月13日 任泰顧字 第1141113622號 | H23: 114年11月18日 北市工水工字 第1146006564號

Sheet 3.施工圖送審
A1: ='1.計畫'!A1:I1 -> 磺港溪再造C段護岸及步道整建工程（延壽橋至三合橋）
A2: 施工圖送審管制總表 | H2: ="施工廠商："&$K$2 -> 施工廠商：上溢營造股份有限公司 | K2: ='1.計畫'!L2 -> 上溢營造股份有限公司
H3: ="監造單位："&$K$3 -> 監造單位：任泰技術顧問有限公司 | K3: ='1.計畫'!L3 -> 任泰技術顧問有限公司
A4: 得標日期： | B4: ='1.計畫'!B4 -> 44749 | C4: 訂約日期： | D4: ='1.計畫'!D4 -> 45128 | E4: 開工日期： | F4: ='1.計畫'!F4 -> 45192 | G4: 預定完工日期： | H4: ='1.計畫'!H4:I4 -> 46063
A5: 項次 | B5: 送審項目 | C5: 應提送時程 | D5: 限定提送日期 | E5: 第一次送審日期 | F5: 第二次送審日期 | G5: 監造審查日期 | H5: 機關核定日期 | I5: 備註
A6: ☆ | B6: 監造計畫 | C6: 勞務契約決標(110/00/00) 後20日內 | F6: 44414 | G6: - | H6: 110/8/10 北市工水工字 第1106005424號 | I6: 110/00/00 辦理審查會議
A7: ☆ | B7: 監造用人計畫 | C7: 勞務契約決標(110/00/00) 後7日內 | F7: - | G7: - | H7: 110/8/10 北市工水工字 第1106005424號 | I7: -
A8: =ROW()-7 -> 1 | B8: 共月橋基樁 鋼筋施工圖 | C8: 預定施作 前15日 | D8: 112年12月07日 | E8: 112年12月07日 溢磺字 第1121207022號 | G8: 112年12月7日 112任泰顧字 第1207010001號 | H8: 113年1月18日 北市工水工字 第1136010182號
A9: =ROW()-7 -> 2 | B9: 三合橋污水人孔接續管道施工圖 | C9: 預定施作 前15日 | D9: 113年4月11日 | E9: 113年4月11日 溢磺字 第1130411025號 | G9: 113年4月16日 113任泰顧字 第0416010001號 | H9: 113年4月30日 北市工水工字 第1136027531號
A10: =ROW()-7 -> 3 | B10: 三合橋鋼構施工圖 | C10: 預定施作 前15日 | D10: 113年5月9日 | E10: 113年5月9日 溢磺字 第1130509021號 | G10: 113年5月9日 113任泰顧字 第0513010001號 | H10: 113年5月16日 北市工水工字 第1136030215號
A11: =ROW()-7 -> 4 | B11: 雙孔箱涵鋼筋施工圖 | C11: 預定施作 前15日 | D11: 113年5月15日 | E11: 113年5月15日 溢磺字 第1130515023號 | G11: 113年5月21日 113任泰顧字 第0521010001號 | H11: 113年5月24日 北市工水工字 第1136031824號
A12: =ROW()-7 -> 5 | B12: 單孔箱涵鋼筋施工圖 | C12: 預定施作 前15日 | D12: 113年6月12日 | E12: 113年5月31日 溢磺字 第1130531021號 | G12: 113年6月6日 113任泰顧字 第1130606101號 | H12: 113年6月12日 北市工水工字 第1136035062號
A13: =ROW()-7 -> 6 | B13: 共月橋鋼構施工圖 | C13: 預定施作 前15日 | D13: 113年10月31日 | E13: 113年10月9日 溢磺字 第1131009023號 | G13: 113年10月9日 113任泰顧字 第1131009624號 | H13: 113年10月18日 北市工水工字 第1136006290號
A14: =ROW()-7 -> 7 | B14: 道路側溝施工圖 | C14: 預定施作 前15日 | D14: 114年2月3日 | E14: 114年1月18日 溢磺字 第1140118021號 | G14: 114年1月18日 任泰顧字 第1140118621號 | H14: 114年2月6日 北市工水工字 第1146000625號
A15: =ROW()-7 -> 8 | B15: 號誌施工圖 | C15: 預定施作 前15日 | D15: 45731 | E15: 114年3月10日 溢磺字 第1140310023號 | G15: 114年3月11日 任泰顧字 第1140311623號 | H15: 114年3月25日 北市工水工字 第1146001368號
A16: =ROW()-7 -> 9 | B16: 警示設備配線施 工大樣圖 | C16: 預定施作 前15日 | D16: 45777 | E16: 114年4月16日 溢磺字 第1140416021號 | G16: 114年4月16日 任泰顧字 第1140416622號 | H16: 114年4月24日 北市工水工字 第1146002276號
A17: =ROW()-7 -> 10
A18: =ROW()-7 -> 11
A19: =ROW()-7 -> 12
A20: =ROW()-7 -> 13

Sheet 4.送審(廠商)
A1: 臺北市政府工務局水利工程處
A2: 材料設備送審管制總表
A3: 工程名稱:磺港溪再造C段護岸及步道整建工程（延壽橋至三合橋） | J3: 契約編號：H-111-03-112080
A4: 監造單位：任泰技術顧問有限公司 | J4: 施工廠商：上溢營造股份有限公司
A5: 項次 | B5: 契約詳細表項次 | C5: 契約數量 | D5: 是否取樣試驗 （是ˇ、否X） | E5: 預定送審 日期 | F5: 是否驗廠 | G5: 預定試驗單位 | H5: 送審資料（ˇ） | M5: 審查日期 | N5: 備註 (歸檔編號)
H6: 協力廠商資料 | I6: 型錄 | J6: 相關試驗報告 | K6: 樣品 | L6: 其他 | M6: 審查結果
B7: 材料(設備)名稱 | E7: 實際送審 日期 | F7: 驗廠日期
A8: 1-1 | B8: 1.2.4、1.2.5、 1.3.2、1.3.3、 1.3.4、1.3.20、 1.4.1、1.4.2、 1.4.3、1.4.9、 1.5.1、1.5.2、 1.5.3、1.6.6、 1.6.7 | C8: 140 397.84 M3 210 4,360.87 M3 280 709.04 M3 280W 883.62 M3 | D8: ˇ | E8: 112/11/1 | F8: X | G8: 桂田技術顧問有限公司 | H8: V | J8: V | M8: 112年8月22日 112任泰顧字 第0822010001號 (大象) 112年8月31日 112任泰顧字 第0831010001號 (龍形) 112年9月6日 112任泰顧字 第0906010002號 (正誠) | N8: 112年8月24日 北市工水工字 第1126047747號 同意備查 (大象) 112年9月6日 北市工水工字 第1126049551號 同意備查 (龍形) 112年9月7日 北市工水工字 第1126050509號 同意備查 (正誠)
B9: 預拌混凝土 | E9: 112/8/22 | F9: - | M9: 合格
A10: 1-2 | B10: 1.4.23 | C10: 1,526.83 M3 | D10: ˇ | E10: 113/2/2 | F10: X | G10: 桂田技術顧問有限公司 | H10: V | J10: V | M10: 113年2月1日 113任泰顧字 第0201010001號 (龍形) 113年2月19日 113任泰顧字第0219010004號 (正誠) | N10: 113年2月6日 北市工水工字 第1136012469號 同意備查 (龍形) 113年2月21日 北市工水工字 第1136014452號 同意備查 (正誠)
B11: 預拌混凝土，二型 | E11: 113/1/30 | F11: - | M11: 合格
A12: 1-3 | B12: 1.5.3 | C12: 1187 M3 | D12: ˇ | E12: 112/10/5 | F12: X | G12: 裕全顧問有限公司 | H12: V | I12: V | J12: V | K12: V | L12: V | M12: 112年10月5日 112任泰顧字第 1005010001號 (達踴) | N12: 112年10月11日 北市工水工字 第1126055994號 同意備查 (達踴)
B13: 控制性低強度回填材料(CLSM) | E13: 112/10/3 | F13: - | M13: 合格
A14: 1-4 | B14: - | C14: 0M3 | D14: ˇ | E14: 113/11/5 | F14: X | G14: 桂田技術顧問有限公司 | H14: V | J14: V | M14: 113年11月6日 任泰顧字 第1131106625號 (龍形企業) | N14: 113年11月11日 北市工水工字 第1136006842號 同意備查 (龍形企業)
B15: 無收縮混凝土 | E15: 113/11/5 | F15: - | M15: 合格
A16: 編制： | F16: 工地主任： | L16: 附註：
A17: 註：1.施工廠商應依契約之「材料、設備檢（試）驗一覽表」將資料填入，以預為準備材料設備送審事宜，並作為監造單位管制
B18: 各項材料設備送審期程，且需納入結算書陳核。
B19: 2.施工廠商應將本表於開工報核時檢附提供予監造單位，監造單位報核開工時應檢附本表。
B20: 3.施工廠商應於開工後適時更新本表，並提送監造單位審核，以確認各項材料設備送審期程是否符合時程。
A21: 2 | B21: 1.2.24、1.2.25、1.2.26 | C21: 界石收邊 360.35 M 緣石收邊 691.14 M 道路緣石收邊 890.62 M | D21: ˇ | E21: 114/4/1 | F21: X | G21: 桂田技術顧問有限公司 | I21: V | J21: V | M21: 113年10月9日 113任泰顧字 第1131009622號 (尚美) | N21: 113年10月18日 北市工水工字 第1136006288號 同意備查 (尚美)
B22: 預鑄路緣石 | E22: 113/10/9 | F22: - | M22: 合格
A23: 3 | B23: 1.2.3、1.3.5、1.3.6、1.3.20、1.4.7、1.4.8、1.5.8、1.5.9、1.6.11 | C23: SD280W 294353.68 KG SD420W 584649.02 KG | D23: ˇ | E23: 112/11/1 | F23: X | G23: 桂田技術顧問有限公司 | H23: V | J23: V | M23: 112年9月6日 112任泰顧字 第0906010003號 (友德) | N23: 112年9月7日 北市工水工字 第1126050536號 同意備查 (友德)
B24: 鋼筋 | E24: 112/9/4 | F24: - | M24: 合格
A25: 4 | B25: 1.6.1、1.6.2 | C25: 9.5MM 360.68 M3 19MM 917.25 M3 | D25: ˇ | E25: 114/1/15 | F25: X | G25: 臺北市政府工務局 | H25: V | I25: V | J25: V | K25: V | M25: 113年2月2日 113任泰顧字 第0202010001號 (合豐) 113年10月28日 任泰顧字 第1131028622號 (合豐) 114年2月24日 任泰顧字 第1140224621號 (大友) 114年7月7日 任泰顧字 第1140707252號 (大友) | N25: 113年2月6日 北市工水工字 第1136012746號 同意備查 (合豐) 113年11月1日 北市工水工字 第1136006651號 同意備查 (合豐) 114年2月27日 北市工水工字 第1146001058號 同意備查 (大友) 114年7月10日 北市工水工字 第1146041898號 同意備查 (大友)
B26: 瀝青混凝土 | E26: 113/2/2 | F26: - | M26: 合格
A27: 5 | B27: 1.2.84、1.2.85、1.2.86、1.2.87、1.2.94 | C27: 985.97M2 | D27: ˇ | E27: 114/1/1 | F27: X | G27: 日鼎檢測事業股份有限公司 | H27: V | J27: V | M27: 113年5月9日 113任泰顧字 第0509010003號 (築綠生態) | N27: 113年5月10日 北市工水工字 第1136029497號 同意備查 (築綠生態)
B28: 地工織物 | E28: 113/5/7 | F28: - | M28: 合格
A29: 編制： | F29: 工地主任： | L29: 附註：
A30: 註：1.施工廠商應依契約之「材料、設備檢（試）驗一覽表」將資料填入，以預為準備材料設備送審事宜，並作為監造單位管制
B31: 各項材料設備送審期程，且需納入結算書陳核。
B32: 2.施工廠商應將本表於開工報核時檢附提供予監造單位，監造單位報核開工時應檢附本表。
B33: 3.施工廠商應於開工後適時更新本表，並提送監造單位審核，以確認各項材料設備送審期程是否符合時程。
A34: =A27+1 -> 6 | B34: 1.2.52、1.2.53、1.2.54、1.2.55、1.2.56、1.3.24 | C34: 405.31 M | D34: ˇ | E34: 114/1/1 | F34: X | G34: 鄭兆鴻結構土木技師事務所 | H34: V | J34: V | K34: V | M34: 113年5月9日 113任泰顧字 第0509010001號 (振華興) | N34: 113年5月10日 北市工水工字 第1136029496號 同意備查 (振華興)
B35: 欄杆 | E35: 113/5/9 | F35: - | M35: 合格
A36: =A34+1 -> 7 | B36: 1.2.10、1.3.15 | C36: 159,208.45 KG | D36: ˇ | E36: 114/1/1 | F36: X | G36: 鄭兆鴻結構土木技師事務所 | H36: V | J36: V | M36: 113年5月9日 113任泰顧字 第0509010001號 (振華興) | N36: 113年5月10日 北市工水工字 第1136029496號 同意備查 (振華興)
B37: 結構用鋼材 | E37: 113/5/9 | F37: - | M37: 合格
A38: =A36+1 -> 8 | B38: 1.2.73 | C38: 773.78 M2 | D38: ˇ | E38: 114/1/15 | F38: X | G38: 信威檢驗科技有限公司 | J38: V | M38: 113年2月19日 113任泰顧字 第0219010001號 (勇順號誌) | N38: 113年2月20日 北市工水工字 第1136014400號 同意備查 (勇順號誌)
B39: 熱處理聚酯標線 | E39: 113/2/17 | F39: - | M39: 合格
A40: =A38+1 -> 9 | B40: 1.2.11~1.2.15、1.2.20、1.2.30、1.3.21~1.3.23、1.3.29、1.3.30、1.3.35 | C40: 5,940.47 M2 | D40: ˇ | E40: 114/4/1 | F40: X | G40: 三杰科技顧問股份有限公司 | H40: . | J40: V | M40: 113年2月19日 113任泰顧字 第0219010003號 (大中鋼鐵) | N40: 113年2月20日 北市工水工字 第1136014401號 同意備查 (大中鋼鐵)
B41: 銲接鋼線網 | E41: 113/2/17 | F41: - | M41: 合格
A42: 編制： | F42: 工地主任： | L42: 附註：
A43: 註：1.施工廠商應依契約之「材料、設備檢（試）驗一覽表」將資料填入，以預為準備材料設備送審事宜，並作為監造單位管制
B44: 各項材料設備送審期程，且需納入結算書陳核。
B45: 2.施工廠商應將本表於開工報核時檢附提供予監造單位，監造單位報核開工時應檢附本表。
B46: 3.施工廠商應於開工後適時更新本表，並提送監造單位審核，以確認各項材料設備送審期程是否符合時程。
A47: =A40+1 -> 10 | B47: - | C47: 0M3 | D47: ˇ | E47: 114/1/2 | F47: X | G47: 瀚宏有限公司 | H47: V | M47: 113年12月23日 任泰顧字 第1131223621號 (漢佳工程) | N47: 113年12月26日 北市工水工字 第1136069637號 同意備查 (漢佳工程)
B48: 碎石級配 | E48: 113/12/25 | F48: - | M48: 合格
A49: =A47+1 -> 11 | B49: 1.2.18、1.2.19、1.2.37、1.2.39、1.2.40、1.2.76、1.2.98 | C49: 2,648.65 才 | D49: ˇ | E49: 114/5/1 | F49: X | G49: 中華木質構造建築協會 | H49: V | J49: V | K49: V | M49: 114年4月17日 任泰顧字 第1140417624號 (宏佳展) | N49: 114年4月22日 北市工水工字 第1146002275號 同意備查 (宏佳展)
B50: 原木 | E50: 114/4/17 | F50: - | M50: 合格
A51: =A49+1 -> 12 | B51: 1.2.13 | C51: 1,177.00 M2 | D51: ˇ | E51: 114/5/1 | F51: X | G51: 財團法人石材暨資源產業研究發展中心 | H51: V | I51: V | J51: V | K51: V | M51: 114年3月11日 任泰顧字 第1140311622號 (鼎豐) | N51: 114年3月13日 北市工水工字 第1146001367號 同意備查 (鼎豐)
B52: 石材鋪面 | E52: 114/3/1 | F52: - | M52: 合格
A53: =A51+1 -> 13 | B53: 1.3.13、1.10.12 | C53: 13,589.11 KG | D53: ˇ | E53: 114/1/1 | F53: X | G53: 鄭兆鴻結構土木技師事務所 | H53: V | J53: V | K53: V | M53: 113年5月9日 113任泰顧字 第0509010001號 (振華興) | N53: 113年5月10日 北市工水工字 第1136029496號 同意備查 (振華興)
B54: 欄杆 (不鏽鋼料) | E54: 113/5/9 | F54: - | M54: 合格
A55: 編制： | F55: 工地主任： | L55: 附註：
A56: 註：1.施工廠商應依契約之「材料、設備檢（試）驗一覽表」將資料填入，以預為準備材料設備送審事宜，並作為監造單位管制
B57: 各項材料設備送審期程，且需納入結算書陳核。
B58: 2.施工廠商應將本表於開工報核時檢附提供予監造單位，監造單位報核開工時應檢附本表。
B59: 3.施工廠商應於開工後適時更新本表，並提送監造單位審核，以確認各項材料設備送審期程是否符合時程。
A60: =A53+1 -> 14 | B60: 1.2.10、1.3.14 | C60: 2,300.86 KG | D60: ˇ | E60: 113/6/1 | F60: X | G60: 美商通用檢驗科技股份有限公司台灣分公司 | K60: V | M60: 113年6月7日 任泰顧字 第1130607101號 (振華興) | N60: 113年6月18日 北市工水工字 第1136035153號 同意備查 (振華興)
B61: 氟碳烤漆樣板 | E61: 113/6/6 | F61: - | M61: 合格
A62: =A60+1 -> 15 | B62: 1.2.17、1.2.79、1.2.81、1.2.82、1.2.93、1.6.13 | C62: 587.00 塊 | D62: ˇ | E62: 114/4/1 | F62: X | G62: 華光工程顧問股份有限公司 | H62: V | I62: V | M62: 113年2月19日 113任泰顧字 第0219010002號 (守祥) | N62: 113年2月20日 北市工水工字 第1136014398號 同意備查 (守祥)
B63: 格柵蓋板 (含化妝蓋板) | E63: 113/2/17 | F63: - | M63: 合格
A64: =A62+1 -> 16 | B64: 1.2.84、1.2.85、1.2.86、1.2.87 | C64: 928.30 M | D64: ˇ | E64: 114/1/1 | F64: X | G64: 日鼎檢測事業股份有限公司 | I64: V | J64: V | M64: 113年2月19日 113任泰顧字 第0219010005號 (壹際實業) | N64: 113年2月20日 北市工水工字 第1136014453號 同意備查 (壹際實業)
B65: HDPE透水管 | E65: 113/2/19 | F65: - | M65: 合格
A66: =A64+1 -> 17 | B66: 1.5.10 | C66: 129 M | D66: X | E66: 114/1/1 | F66: X | G66: - | H66: V | J66: V | M66: 113年2月23日 113任泰顧字 第0222010001號 (瑞山) 114年1月10日任泰顧字第1140110621號函 (聯合) | N66: 113年2月27日 北市工水工字 第1136015398號 同意備查 (瑞山) 114年1月14日 北市工水工字 第1146000286號 同意備查 (聯合)
B67: 鋼筋混凝土管(B型)，D=500mm，三級管，未含開挖回填 | E67: 113/5/9 | F67: - | M67: 合格
A68: 編制： | F68: 工地主任： | L68: 附註：
A69: 註：1.施工廠商應依契約之「材料、設備檢（試）驗一覽表」將資料填入，以預為準備材料設備送審事宜，並作為監造單位管制
B70: 各項材料設備送審期程，且需納入結算書陳核。
B71: 2.施工廠商應將本表於開工報核時檢附提供予監造單位，監造單位報核開工時應檢附本表。
B72: 3.施工廠商應於開工後適時更新本表，並提送監造單位審核，以確認各項材料設備送審期程是否符合時程。
A73: =A66+1 -> 18 | B73: 1.4.13、1.6.12 | C73: 1860 孔 | D73: ˇ | E73: 114/1/1 | F73: X | G73: 裕全顧問有限公司 | H73: V | I73: V | M73: 113年2月23日 113任泰顧字 第0222010002號 (喜利得) | N73: 113年2月27日 北市工水工字 第1136015397號 同意備查 (喜利得)
B74: 植筋藥劑 | E74: 113/2/22 | F74: - | M74: 合格
A75: =A73+1 -> 19 | B75: 1.4.14 | C75: 1984 M2 | D75: ˇ | E75: 113/2/1 | F75: X | G75: 日鼎檢測事業股份有限公司 | H75: V | J75: V | K75: V | M75: 113年2月1日 113任泰顧字 第0201010002號 (意動創新) | N75: 113年2月6日 北市工水工字 第1136012470號 同意備查 (意動創新)
B76: 蜂巢格網 | E76: 113/2/1 | F76: - | M76: 合格
A77: =A75+1 -> 20 | B77: 1.2.11 | C77: 5,207.01 M2 | D77: ˇ | E77: 114/4/1 | F77: X | G77: 日鼎檢測事業股份有限公司 | H77: V | I77: V | J77: V | K77: V | M77: 113年10月19日 113任泰顧字 第1131019621號 (尚美) | N77: 113年10月23日 北市工水工字 第1136006431號 同意備查 (尚美)
B78: 透水磚 | E78: 113/10/18 | F78: - | M78: 合格
A79: =A77+1 -> 21 | B79: - | C79: 0 M | D79: ˇ | E79: 112/11/8 | F79: X | G79: 國立聯合大學土木與防災工程學系 | H79: V | I79: V | J79: V | K79: V | M79: 112年11月10日 112任泰顧字 第1110010001號 (環台) | N79: 112年11月13日 北市工水工字 第1126062351號 同意備查 (環台)
B80: 預力混凝土基樁，D=600mm | E80: 112/11/8 | F80: - | M80: 合格
A81: 編制： | F81: 工地主任： | L81: 附註：
A82: 註：1.施工廠商應依契約之「材料、設備檢（試）驗一覽表」將資料填入，以預為準備材料設備送審事宜，並作為監造單位管制
B83: 各項材料設備送審期程，且需納入結算書陳核。
B84: 2.施工廠商應將本表於開工報核時檢附提供予監造單位，監造單位報核開工時應檢附本表。
B85: 3.施工廠商應於開工後適時更新本表，並提送監造單位審核，以確認各項材料設備送審期程是否符合時程。
A86: =A79+1 -> 22 | B86: 1.6.3 | C86: 13 個 | D86: ˇ | E86: 113/1/20 | F86: X | G86: 明研科技股份有限公司 | H86: V | J86: V | M86: 113年1月22日 113任泰顧字 第0122010001號 (英松) | N86: 113年1月30日 北市工水工字 第1136010751號 同意備查 (英松)
B87: 盤式支承 | E87: 113/1/17 | F87: - | M87: 合格
A88: =A86+1 -> 23 | B88: 1.4.26 | C88: 2140.9 M2 | D88: ˇ | E88: 113/6/25 | F88: X | G88: 日鼎檢測事業股份有限公司 | H88: V | I88: V | J88: V | K88: V | M88: 113年6月26日 任泰顧字 第1130626101號 (意動創新) | N88: 113年6月27日 北市工水工字 第1136038309號 同意備查 (意動創新)
B89: 地工織物，抗沖蝕網，疊接施工 | E89: 113/6/25 | F89: - | M89: 合格
A90: =A88+1 -> 24 | B90: 1.2.58、1.2.59、1.2.60、1.2.61、1.2.62、1.2.63、1.2.64、1.2.65、1.2.66、1.2.67 | C90: 162 支 | D90: X | E90: 114/3/15 | F90: X | G90: 華光工程顧問有限公司 | H90: V | I90: V | M90: 114年3月14日 任泰顧字 第1140314622號 (致岡國際) | N90: 114年3月17日 北市工水工字 第1146001427號 同意備查 (致岡國際)
B91: (化學)螺栓 | E91: 114/3/1 | F91: - | M91: 合格
A92: =A90+1 -> 25 | B92: 1.2.12 | C92: 693.80 M2 | D92: X | E92: 114/4/1 | F92: X | G92: - | H92: V | I92: V | J92: V | K92: V | M92: 113年10月19日 任泰顧字 第1131019621號 114年5月7日 任泰顧字 第1140507624號 (尚美) | N92: 113年10月23日 北市工水工字 第1136006431號 同意備查 114年5月12日 北市工水工字 第1146002693號 同意備查 (尚美)
B93: 梯形地磚 | E93: 113/10/18 | F93: - | M93: 合格
A94: 編制： | F94: 工地主任： | L94: 附註：
A95: 註：1.施工廠商應依契約之「材料、設備檢（試）驗一覽表」將資料填入，以預為準備材料設備送審事宜，並作為監造單位管制
B96: 各項材料設備送審期程，且需納入結算書陳核。
B97: 2.施工廠商應將本表於開工報核時檢附提供予監造單位，監造單位報核開工時應檢附本表。
B98: 3.施工廠商應於開工後適時更新本表，並提送監造單位審核，以確認各項材料設備送審期程是否符合時程。
A99: =A92+1 -> 26 | B99: 1.2.11 | C99: 4297.84 M2 | D99: X | E99: 114/1/1 | F99: X | G99: - | H99: V | I99: V | M99: 113年2月19日 113任泰顧字 第0219010006號 (豐裕) | N99: 113年2月20日 北市工水工字 第1136014454號 同意備查 (豐裕)
B100: 產品，透水性舖面，透水孔紙模(TH: 15cm) | E100: 113/2/19 | F100: - | M100: 合格
...

Sheet 5-1.試驗140
A1: 臺北市政府工務局水利工程處
A2: 材料設備檢（試）驗管制總表
A3: ="工程名稱:"&'1.計畫'!A1:I1 -> 工程名稱:磺港溪再造C段護岸及步道整建工程（延壽橋至三合橋） | H3: 契約編號：H-111-03-112080
A4: 監造單位：任泰技術顧問有限公司 | H4: 施工廠商：上溢營造份有限公司
A5: 項次 | B5: 契約詳細表項次 | C5: 契約 數量 | D5: 進場 日期 | E5: 進場 數量 | F5: 抽樣 日期 | G5: 規定抽（取）樣頻率 | H5: 累積進場數量 | I5: 抽試驗結果 | J5: 抽驗及會同人員 | K5: 備註
B6: 材料(設備)名稱 | D6: 進場 數量 | F6: 抽樣 數量 | H6: 累積抽樣數量 | K6: (歸檔編號) | M6: 數量 | N6: 累計數量 | O6: 組數 | P6: 累計組數 | Q6: 水利處 | R6: 監造 | S6: 廠商
A7: ="1-140 -"&L7 -> 1-140 -1 | B7: 1.2.4、1.3.2、1.4.1、1.5.1、1.6.6 | C7: 397.84 M3 | D7: =VLOOKUP(L7,'210'!A:T,2,0) -> 45181 | E7: =M7&M8 -> 0 M3 | F7: =D7 -> 45181 | G7: 1.每批次數量未達20 m3時，免檢驗。 2.每批次數量達20～100 m3檢驗1組。 3.每批次數量超過100 m3時，每100 m3加驗1組，餘數未達100m³亦加驗1組。 | H7: =N7&M8 -> 0 M3 | I7: 合格 | J7: =IF(R7=0,"上 溢："&S7,IF(Q7=0,"任 泰："&R7&" "&"上 溢："&S7, "水利處："&Q7&" "&"任 泰："&R7&" "&"上 溢："&S7)) -> 水利處：李晏然 任 泰：游文圃 上 溢：康祐銓 | K7: 112年11月10日 112任泰顧字 第1110010001號 | L7: 1 | M7: =VLOOKUP(L7,'140'!A:T,5,0) -> 0 | N7: =M7 -> 0 | O7: =VLOOKUP(L7,'140'!A:T,6,0) -> 1 | P7: =O7 -> 1 | Q7: =VLOOKUP(L7,'140'!A:T,18,0) -> 李晏然 | R7: =VLOOKUP(L7,'140'!A:T,19,0) -> 游文圃 | S7: =VLOOKUP(L7,'140'!A:T,20,0) -> 康祐銓
B8: 結構用混凝土，預拌，140kgf/cm2 | D8: =M7&M8 -> 0 M3 | F8: =E7&CHAR(10)&"("&O7&O8&")" -> 0 M3 (1組) | H8: =H7&CHAR(10)&"("&P7&O8&")" -> 0 M3 (1組) | M8: M3 | O8: 組
A9: ="1-140 -"&L9 -> 1-140 -2 | B9: 1.2.4、1.3.2、1.4.1、1.5.1、1.6.6 | C9: 397.84 M3 | D9: =VLOOKUP(L9,'210'!A:T,2,0) -> 45484 | E9: =M9&M10 -> 8 M3 | F9: =D9 -> 45484 | H9: =N9&M10 -> 8 M3 | I9: 合格 | J9: =IF(R9=0,"上 溢："&S9,IF(Q9=0,"任 泰："&R9&" "&"上 溢："&S9, "水利處："&Q9&" "&"任 泰："&R9&" "&"上 溢："&S9)) -> 任 泰：白博文 上 溢：郭冠廷 | K9: 113年4月11日 113任泰顧字 第0411010013號 | L9: =L7+1 -> 2 | M9: =VLOOKUP(L9,'140'!A:T,5,0) -> 8 | N9: =N7+M9 -> 8 | O9: =VLOOKUP(L9,'140'!A:T,6,0) -> 1 | P9: =P7+O9 -> 2 | Q9: =VLOOKUP(L9,'140'!A:T,18,0) -> 0 | R9: =VLOOKUP(L9,'140'!A:T,19,0) -> 白博文 | S9: =VLOOKUP(L9,'140'!A:T,20,0) -> 郭冠廷
B10: 結構用混凝土，預拌，140kgf/cm2 | D10: =M9&M10 -> 8 M3 | F10: =E9&CHAR(10)&"("&O9&O10&")" -> 8 M3 (1組) | H10: =H9&CHAR(10)&"("&P9&O10&")" -> 8 M3 (2組) | M10: M3 | O10: 組
A11: ="1-140 -"&L11 -> 1-140 -3 | B11: 1.2.4、1.3.2、1.4.1、1.5.1、1.6.6 | C11: 397.84 M3 | D11: =VLOOKUP(L11,'210'!A:T,2,0) -> 45488 | E11: =M11&M12 -> 18 M3 | F11: =D11 -> 45488 | H11: =N11&M12 -> 26 M3 | I11: - | J11: 上 溢：郭冠廷 | K11: 本次澆置數量 未達20M3 免取樣 | L11: =L9+1 -> 3 | M11: =VLOOKUP(L11,'140'!A:T,5,0) -> 18 | N11: =N9+M11 -> 26 | O11: =VLOOKUP(L11,'140'!A:T,6,0) -> 0 | P11: =P9+O11 -> 2 | Q11: =VLOOKUP(L11,'140'!A:T,18,0) -> 0 | R11: =VLOOKUP(L11,'140'!A:T,19,0) -> 白博文 | S11: =VLOOKUP(L11,'140'!A:T,20,0) -> 郭冠廷
B12: 結構用混凝土，預拌，140kgf/cm2 | D12: =M11&M12 -> 18 M3 | F12: =E11&CHAR(10)&"("&O11&O12&")" -> 18 M3 (0組) | H12: =H11&CHAR(10)&"("&P11&O12&")" -> 26 M3 (2組) | K12: EF-1130305 混凝土 自主檢查表 | M12: M3 | O12: 組
A13: ="1-140 -"&L13 -> 1-140 -4 | B13: 1.2.4、1.3.2、1.4.1、1.5.1、1.6.6 | C13: 397.84 M3 | D13: =VLOOKUP(L13,'210'!A:T,2,0) -> 45492 | E13: =M13&M14 -> 20 M3 | F13: =D13 -> 45492 | H13: =N13&M14 -> 46 M3 | I13: 合格 | J13: =IF(R13=0,"上 溢："&S13,IF(Q13=0,"任 泰："&R13&" "&"上 溢："&S13, "水利處："&Q13&" "&"任 泰："&R13&" "&"上 溢："&S13)) -> 水利處：李晏然 任 泰：白博文 上 溢：郭冠廷 | K13: 113年5月10日 113任泰顧字 第0510010017號 | L13: =L11+1 -> 4 | M13: =VLOOKUP(L13,'140'!A:T,5,0) -> 20 | N13: =N11+M13 -> 46 | O13: =VLOOKUP(L13,'140'!A:T,6,0) -> 1 | P13: =P11+O13 -> 3 | Q13: =VLOOKUP(L13,'140'!A:T,18,0) -> 李晏然 | R13: =VLOOKUP(L13,'140'!A:T,19,0) -> 白博文 | S13: =VLOOKUP(L13,'140'!A:T,20,0) -> 郭冠廷
B14: 結構用混凝土，預拌，140kgf/cm2 | D14: =M13&M14 -> 20 M3 | F14: =E13&CHAR(10)&"("&O13&O14&")" -> 20 M3 (1組) | H14: =H13&CHAR(10)&"("&P13&O14&")" -> 46 M3 (3組) | M14: M3 | O14: 組
A15: ="1-140 -"&L15 -> 1-140 -5 | B15: 1.2.4、1.3.2、1.4.1、1.5.1、1.6.6 | C15: 397.84 M3 | D15: =VLOOKUP(L15,'210'!A:T,2,0) -> 45496 | E15: =M15&M16 -> 10 M3 | F15: =D15 -> 45496 | H15: =N15&M16 -> 56 M3 | I15: 合格 | J15: =IF(R15=0,"上 溢："&S15,IF(Q15=0,"任 泰："&R15&" "&"上 溢："&S15, "水利處："&Q15&" "&"任 泰："&R15&" "&"上 溢："&S15)) -> 水利處：李晏然 任 泰：白博文 上 溢：郭冠廷 | K15: 113年5月17日 113任泰顧字 第0517010015號 | L15: =L13+1 -> 5 | M15: =VLOOKUP(L15,'140'!A:T,5,0) -> 10 | N15: =N13+M15 -> 56 | O15: =VLOOKUP(L15,'140'!A:T,6,0) -> 1 | P15: =P13+O15 -> 4 | Q15: =VLOOKUP(L15,'140'!A:T,18,0) -> 李晏然 | R15: =VLOOKUP(L15,'140'!A:T,19,0) -> 白博文 | S15: =VLOOKUP(L15,'140'!A:T,20,0) -> 郭冠廷
B16: 結構用混凝土，預拌，140kgf/cm2 | D16: =M15&M16 -> 10 M3 | F16: =E15&CHAR(10)&"("&O15&O16&")" -> 10 M3 (1組) | H16: =H15&CHAR(10)&"("&P15&O16&")" -> 56 M3 (4組) | M16: M3 | O16: 組
A17: 編制： | D17: 工地主任： | H17: 附註：
A18: 1.本表於施工期間監造單位依契約約定之「材料、設備送審文件、樣品一覽表」分類登錄，俾利控管材料檢驗使用情形。 2.監造單位應依監造計畫之材料設備抽驗程序及標準辦理材料設備抽驗，如有單項材料設備廠商自主檢查頻率未達 3次時，廠商在辦理自主檢查取樣前，應通知監造單位轉知考工單位會同廠商辦理抽驗（即前2次均由本處派員抽驗）。 3.本表規定檢驗頻率請依據工程契約或施工規範約定填寫。
A19: ="1-140 -"&L19 -> 1-140 -6 | B19: 1.2.4、1.3.2、1.4.1、1.5.1、1.6.6 | C19: 397.84 M3 | D19: =VLOOKUP(L19,'140'!A:T,2,0) -> 45436 | E19: =M19&M20 -> 30 M3 | F19: =D19 -> 45436 | G19: 1.每批次數量未達20 m3時，免檢驗。 2.每批次數量達20～100 m3檢驗1組。 3.每批次數量超過100 m3時，每100 m3加驗1組，餘數未達100m³亦加驗1組。 | H19: =N19&M20 -> 86 M3 | I19: 合格 | J19: =IF(R19=0,"上 溢："&S19,IF(Q19=0,"任 泰："&R19&" "&"上 溢："&S19, "水利處："&Q19&" "&"任 泰："&R19&" "&"上 溢："&S19)) -> 任 泰：白博文 上 溢：郭冠廷 | K19: 113年7月2日 任泰顧字 第1130702107號 | L19: =L15+1 -> 6 | M19: =VLOOKUP(L19,'140'!A:T,5,0) -> 30 | N19: =N15+M19 -> 86 | O19: =VLOOKUP(L19,'140'!A:T,6,0) -> 1 | P19: =P15+O19 -> 5 | Q19: =VLOOKUP(L19,'140'!A:T,18,0) -> 0 | R19: =VLOOKUP(L19,'140'!A:T,19,0) -> 白博文 | S19: =VLOOKUP(L19,'140'!A:T,20,0) -> 郭冠廷
B20: 結構用混凝土，預拌，140kgf/cm2 | D20: =M19&M20 -> 30 M3 | F20: =E19&CHAR(10)&"("&O19&O20&")" -> 30 M3 (1組) | H20: =H19&CHAR(10)&"("&P19&O20&")" -> 86 M3 (5組) | M20: M3 | O20: 組
A21: ="1-140 -"&L21 -> 1-140 -7 | B21: 1.2.4、1.3.2、1.4.1、1.5.1、1.6.6 | C21: 397.84 M3 | D21: =VLOOKUP(L21,'140'!A:T,2,0) -> 45544 | E21: =M21&M22 -> 10 M3 | F21: =D21 -> 45544 | H21: =N21&M22 -> 96 M3 | I21: - | J21: =IF(R21=0,"上 溢："&S21,IF(Q21=0,"任 泰："&R21&" "&"上 溢："&S21, "水利處："&Q21&" "&"任 泰："&R21&" "&"上 溢："&S21)) -> 上 溢：葉展志 | K21: 本次澆置數量 未達20M3 免取樣 | L21: =L19+1 -> 7 | M21: =VLOOKUP(L21,'140'!A:T,5,0) -> 10 | N21: =N19+M21 -> 96 | O21: =VLOOKUP(L21,'140'!A:T,6,0) -> 0 | P21: =P19+O21 -> 5 | Q21: =VLOOKUP(L21,'140'!A:T,18,0) -> 0 | R21: =VLOOKUP(L21,'140'!A:T,19,0) -> 0 | S21: =VLOOKUP(L21,'140'!A:T,20,0) -> 葉展志
B22: 結構用混凝土，預拌，140kgf/cm2 | D22: =M21&M22 -> 10 M3 | F22: =E21&CHAR(10)&"("&O21&O22&")" -> 10 M3 (0組) | H22: =H21&CHAR(10)&"("&P21&O22&")" -> 96 M3 (5組) | K22: EF-1130909 混凝土 自主檢查表 | M22: M3 | O22: 組
A23: ="1-140 -"&L23 -> 1-140 -8 | B23: 1.2.4、1.3.2、1.4.1、1.5.1、1.6.6 | C23: 397.84 M3 | D23: =VLOOKUP(L23,'140'!A:T,2,0) -> 45666 | E23: =M23&M24 -> 5 M3 | F23: =D23 -> 45666 | H23: =N23&M24 -> 101 M3 | I23: - | J23: =IF(R23=0,"上 溢："&S23,IF(Q23=0,"任 泰："&R23&" "&"上 溢："&S23, "水利處："&Q23&" "&"任 泰："&R23&" "&"上 溢："&S23)) -> 上 溢：周昱辰 | K23: 本次澆置數量 未達20M3 免取樣 | L23: =L21+1 -> 8 | M23: =VLOOKUP(L23,'140'!A:T,5,0) -> 5 | N23: =N21+M23 -> 101 | O23: =VLOOKUP(L23,'140'!A:T,6,0) -> 0 | P23: =P21+O23 -> 5 | Q23: =VLOOKUP(L23,'140'!A:T,18,0) -> 0 | R23: =VLOOKUP(L23,'140'!A:T,19,0) -> 0 | S23: =VLOOKUP(L23,'140'!A:T,20,0) -> 周昱辰
B24: 結構用混凝土，預拌，140kgf/cm2 | D24: =M23&M24 -> 5 M3 | F24: =E23&CHAR(10)&"("&O23&O24&")" -> 5 M3 (0組) | H24: =H23&CHAR(10)&"("&P23&O24&")" -> 101 M3 (5組) | K24: EF-1140109 混凝土 自主檢查表 | M24: M3 | O24: 組
A25: ="1-140 -"&L25 -> 1-140 -9 | B25: 1.2.4、1.3.2、1.4.1、1.5.1、1.6.6 | C25: 397.84 M3 | D25: =VLOOKUP(L25,'140'!A:T,2,0) -> 45671 | E25: =M25&M26 -> 5 M3 | F25: =D25 -> 45671 | H25: =N25&M26 -> 106 M3 | I25: - | J25: =IF(R25=0,"上 溢："&S25,IF(Q25=0,"任 泰："&R25&" "&"上 溢："&S25, "水利處："&Q25&" "&"任 泰："&R25&" "&"上 溢："&S25)) -> 上 溢：周昱辰 | K25: 本次澆置數量 未達20M3 免取樣 | L25: =L23+1 -> 9 | M25: =VLOOKUP(L25,'140'!A:T,5,0) -> 5 | N25: =N23+M25 -> 106 | O25: =VLOOKUP(L25,'140'!A:T,6,0) -> 0 | P25: =P23+O25 -> 5 | Q25: =VLOOKUP(L25,'140'!A:T,18,0) -> 0 | R25: =VLOOKUP(L25,'140'!A:T,19,0) -> 0 | S25: =VLOOKUP(L25,'140'!A:T,20,0) -> 周昱辰
B26: 結構用混凝土，預拌，140kgf/cm2 | D26: =M25&M26 -> 5 M3 | F26: =E25&CHAR(10)&"("&O25&O26&")" -> 5 M3 (0組) | H26: =H25&CHAR(10)&"("&P25&O26&")" -> 106 M3 (5組) | K26: EF-1140114 混凝土 自主檢查表 | M26: M3 | O26: 組
A27: ="1-140 -"&L27 -> 1-140 -10 | B27: 1.2.4、1.3.2、1.4.1、1.5.1、1.6.6 | C27: 397.84 M3 | D27: =VLOOKUP(L27,'140'!A:T,2,0) -> 45674 | E27: =M27&M28 -> 5 M3 | F27: =D27 -> 45674 | H27: =N27&M28 -> 111 M3 | I27: - | J27: =IF(R27=0,"上 溢："&S27,IF(Q27=0,"任 泰："&R27&" "&"上 溢："&S27, "水利處："&Q27&" "&"任 泰："&R27&" "&"上 溢："&S27)) -> 上 溢：康祐銓 | K27: 本次澆置數量 未達20M3 免取樣 | L27: =L25+1 -> 10 | M27: =VLOOKUP(L27,'140'!A:T,5,0) -> 5 | N27: =N25+M27 -> 111 | O27: =VLOOKUP(L27,'140'!A:T,6,0) -> 0 | P27: =P25+O27 -> 5 | Q27: =VLOOKUP(L27,'140'!A:T,18,0) -> 0 | R27: =VLOOKUP(L27,'140'!A:T,19,0) -> 0 | S27: =VLOOKUP(L27,'140'!A:T,20,0) -> 康祐銓
B28: 結構用混凝土，預拌，140kgf/cm2 | D28: =M27&M28 -> 5 M3 | F28: =E27&CHAR(10)&"("&O27&O28&")" -> 5 M3 (0組) | H28: =H27&CHAR(10)&"("&P27&O28&")" -> 111 M3 (5組) | K28: EF-1140117 混凝土 自主檢查表 | M28: M3 | O28: 組
A29: 編制： | D29: 工地主任： | H29: 附註：
A30: 1.本表於施工期間監造單位依契約約定之「材料、設備送審文件、樣品一覽表」分類登錄，俾利控管材料檢驗使用情形。 2.監造單位應依監造計畫之材料設備抽驗程序及標準辦理材料設備抽驗，如有單項材料設備廠商自主檢查頻率未達 3次時，廠商在辦理自主檢查取樣前，應通知監造單位轉知考工單位會同廠商辦理抽驗（即前2次均由本處派員抽驗）。 3.本表規定檢驗頻率請依據工程契約或施工規範約定填寫。
A31: ="1-140 -"&L31 -> 1-140 -11 | B31: 1.2.4、1.3.2、1.4.1、1.5.1、1.6.6 | C31: 397.84 M3 | D31: =VLOOKUP(L31,'140'!A:T,2,0) -> 45678 | E31: =M31&M32 -> 4 M3 | F31: =D31 -> 45678 | G31: 1.每批次數量未達20 m3時，免檢驗。 2.每批次數量達20～100 m3檢驗1組。 3.每批次數量超過100 m3時，每100 m3加驗1組，餘數未達100m³亦加驗1組。 | H31: =N31&M32 -> 115 M3 | I31: - | J31: =IF(R31=0,"上 溢："&S31,IF(Q31=0,"任 泰："&R31&" "&"上 溢："&S31, "水利處："&Q31&" "&"任 泰："&R31&" "&"上 溢："&S31)) -> 上 溢：康祐銓 | K31: 本次澆置數量 未達20M3 免取樣 | L31: =L27+1 -> 11 | M31: =VLOOKUP(L31,'140'!A:T,5,0) -> 4 | N31: =N27+M31 -> 115 | O31: =VLOOKUP(L31,'140'!A:T,6,0) -> 0 | P31: =P27+O31 -> 5 | Q31: =VLOOKUP(L31,'140'!A:T,18,0) -> 0 | R31: =VLOOKUP(L31,'140'!A:T,19,0) -> 0 | S31: =VLOOKUP(L31,'140'!A:T,20,0) -> 康祐銓
B32: 結構用混凝土，預拌，140kgf/cm2 | D32: =M31&M32 -> 4 M3 | F32: =E31&CHAR(10)&"("&O31&O32&")" -> 4 M3 (0組) | H32: =H31&CHAR(10)&"("&P31&O32&")" -> 115 M3 (5組) | K32: EF-1140121 混凝土 自主檢查表 | M32: M3 | O32: 組
A33: ="1-140 -"&L33 -> 1-140 -12 | B33: 1.2.4、1.3.2、1.4.1、1.5.1、1.6.6 | C33: 397.84 M3 | D33: =VLOOKUP(L33,'140'!A:T,2,0) -> 45680 | E33: =M33&M34 -> 4.5 M3 | F33: =D33 -> 45680 | H33: =N33&M34 -> 119.5 M3 | I33: - | J33: =IF(R33=0,"上 溢："&S33,IF(Q33=0,"任 泰："&R33&" "&"上 溢："&S33, "水利處："&Q33&" "&"任 泰："&R33&" "&"上 溢："&S33)) -> 上 溢：康祐銓 | K33: 本次澆置數量 未達20M3 免取樣 | L33: =L31+1 -> 12 | M33: =VLOOKUP(L33,'140'!A:T,5,0) -> 4.5 | N33: =N31+M33 -> 119.5 | O33: =VLOOKUP(L33,'140'!A:T,6,0) -> 0 | P33: =P31+O33 -> 5 | Q33: =VLOOKUP(L33,'140'!A:T,18,0) -> 0 | R33: =VLOOKUP(L33,'140'!A:T,19,0) -> 0 | S33: =VLOOKUP(L33,'140'!A:T,20,0) -> 康祐銓
B34: 結構用混凝土，預拌，140kgf/cm2 | D34: =M33&M34 -> 4.5 M3 | F34: =E33&CHAR(10)&"("&O33&O34&")" -> 4.5 M3 (0組) | H34: =H33&CHAR(10)&"("&P33&O34&")" -> 119.5 M3 (5組) | K34: EF-1140123 混凝土 自主檢查表 | M34: M3 | O34: 組
A35: ="1-140 -"&L35 -> 1-140 -13 | B35: 1.2.4、1.3.2、1.4.1、1.5.1、1.6.6 | C35: 397.84 M3 | D35: =VLOOKUP(L35,'140'!A:T,2,0) -> 45692 | E35: =M35&M36 -> 6 M3 | F35: =D35 -> 45692 | H35: =N35&M36 -> 125.5 M3 | I35: - | J35: =IF(R35=0,"上 溢："&S35,IF(Q35=0,"任 泰："&R35&" "&"上 溢："&S35, "水利處："&Q35&" "&"任 泰："&R35&" "&"上 溢："&S35)) -> 上 溢：康祐銓 | K35: 本次澆置數量 未達20M3 免取樣 | L35: =L33+1 -> 13 | M35: =VLOOKUP(L35,'140'!A:T,5,0) -> 6 | N35: =N33+M35 -> 125.5 | O35: =VLOOKUP(L35,'140'!A:T,6,0) -> 0 | P35: =P33+O35 -> 5 | Q35: =VLOOKUP(L35,'140'!A:T,18,0) -> 0 | R35: =VLOOKUP(L35,'140'!A:T,19,0) -> 0 | S35: =VLOOKUP(L35,'140'!A:T,20,0) -> 康祐銓
B36: 結構用混凝土，預拌，140kgf/cm2 | D36: =M35&M36 -> 6 M3 | F36: =E35&CHAR(10)&"("&O35&O36&")" -> 6 M3 (0組) | H36: =H35&CHAR(10)&"("&P35&O36&")" -> 125.5 M3 (5組) | K36: EF-1140204 混凝土 自主檢查表 | M36: M3 | O36: 組
A37: ="1-140 -"&L37 -> 1-140 -14 | B37: 1.2.4、1.3.2、1.4.1、1.5.1、1.6.6 | C37: 397.84 M3 | D37: =VLOOKUP(L37,'140'!A:T,2,0) -> 45695 | E37: =M37&M38 -> 20 M3 | F37: =D37 -> 45695 | H37: =N37&M38 -> 145.5 M3 | I37: 合格 | J37: =IF(R37=0,"上 溢："&S37,IF(Q37=0,"任 泰："&R37&" "&"上 溢："&S37, "水利處："&Q37&" "&"任 泰："&R37&" "&"上 溢："&S37)) -> 上 溢：李建豪 | K37: 114年3月26日 任泰顧字 第1140326625號 | L37: =L35+1 -> 14 | M37: =VLOOKUP(L37,'140'!A:T,5,0) -> 20 | N37: =N35+M37 -> 145.5 | O37: =VLOOKUP(L37,'140'!A:T,6,0) -> 1 | P37: =P35+O37 -> 6 | Q37: =VLOOKUP(L37,'140'!A:T,18,0) -> 0 | R37: =VLOOKUP(L37,'140'!A:T,19,0) -> 0 | S37: =VLOOKUP(L37,'140'!A:T,20,0) -> 李建豪
B38: 結構用混凝土，預拌，140kgf/cm2 | D38: =M37&M38 -> 20 M3 | F38: =E37&CHAR(10)&"("&O37&O38&")" -> 20 M3 (1組) | H38: =H37&CHAR(10)&"("&P37&O38&")" -> 145.5 M3 (6組) | M38: M3 | O38: 組
A39: ="1-140 -"&L39 -> 1-140 -15 | B39: 1.2.4、1.3.2、1.4.1、1.5.1、1.6.6 | C39: 397.84 M3 | D39: =VLOOKUP(L39,'140'!A:T,2,0) -> 45698 | E39: =M39&M40 -> 10 M3 | F39: =D39 -> 45698 | H39: =N39&M40 -> 155.5 M3 | I39: - | J39: =IF(R39=0,"上 溢："&S39,IF(Q39=0,"任 泰："&R39&" "&"上 溢："&S39, "水利處："&Q39&" "&"任 泰："&R39&" "&"上 溢："&S39)) -> 上 溢：康祐銓 | K39: 本次澆置數量 未達20M3 免取樣 | L39: =L37+1 -> 15 | M39: =VLOOKUP(L39,'140'!A:T,5,0) -> 10 | N39: =N37+M39 -> 155.5 | O39: =VLOOKUP(L39,'140'!A:T,6,0) -> 0 | P39: =P37+O39 -> 6 | Q39: =VLOOKUP(L39,'140'!A:T,18,0) -> 0 | R39: =VLOOKUP(L39,'140'!A:T,19,0) -> 0 | S39: =VLOOKUP(L39,'140'!A:T,20,0) -> 康祐銓
B40: 結構用混凝土，預拌，140kgf/cm2 | D40: =M39&M40 -> 10 M3 | F40: =E39&CHAR(10)&"("&O39&O40&")" -> 10 M3 (0組) | H40: =H39&CHAR(10)&"("&P39&O40&")" -> 155.5 M3 (6組) | K40: EF-1140210 混凝土 自主檢查表 | M40: M3 | O40: 組
A41: 編制： | D41: 工地主任： | H41: 附註：
A42: 1.本表於施工期間監造單位依契約約定之「材料、設備送審文件、樣品一覽表」分類登錄，俾利控管材料檢驗使用情形。 2.監造單位應依監造計畫之材料設備抽驗程序及標準辦理材料設備抽驗，如有單項材料設備廠商自主檢查頻率未達 3次時，廠商在辦理自主檢查取樣前，應通知監造單位轉知考工單位會同廠商辦理抽驗（即前2次均由本處派員抽驗）。 3.本表規定檢驗頻率請依據工程契約或施工規範約定填寫。
A43: ="1-140 -"&L43 -> 1-140 -16 | B43: 1.2.4、1.3.2、1.4.1、1.5.1、1.6.6 | C43: 397.84 M3 | D43: =VLOOKUP(L43,'140'!A:T,2,0) -> 45708 | E43: =M43&M44 -> 20 M3 | F43: =D43 -> 45708 | G43: 1.每批次數量未達20 m3時，免檢驗。 2.每批次數量達20～100 m3檢驗1組。 3.每批次數量超過100 m3時，每100 m3加驗1組，餘數未達100m³亦加驗1組。 | H43: =N43&M44 -> 175.5 M3 | I43: 合格 | J43: =IF(R43=0,"上 溢："&S43,IF(Q43=0,"任 泰："&R43&" "&"上 溢："&S43, "水利處："&Q43&" "&"任 泰："&R43&" "&"上 溢："&S43)) -> 上 溢：康祐銓 | K43: 114年4月23日 任泰顧字 第1140423623號 | L43: =L39+1 -> 16 | M43: =VLOOKUP(L43,'140'!A:T,5,0) -> 20 | N43: =N39+M43 -> 175.5 | O43: =VLOOKUP(L43,'140'!A:T,6,0) -> 1 | P43: =P39+O43 -> 7 | Q43: =VLOOKUP(L43,'140'!A:T,18,0) -> 0 | R43: =VLOOKUP(L43,'140'!A:T,19,0) -> 0 | S43: =VLOOKUP(L43,'140'!A:T,20,0) -> 康祐銓
B44: 結構用混凝土，預拌，140kgf/cm2 | D44: =M43&M44 -> 20 M3 | F44: =E43&CHAR(10)&"("&O43&O44&")" -> 20 M3 (1組) | H44: =H43&CHAR(10)&"("&P43&O44&")" -> 175.5 M3 (7組) | M44: M3 | O44: 組
A45: ="1-140 -"&L45 -> 1-140 -17 | B45: 1.2.4、1.3.2、1.4.1、1.5.1、1.6.6 | C45: 397.84 M3 | D45: =VLOOKUP(L45,'140'!A:T,2,0) -> 45714 | E45: =M45&M46 -> 6 M3 | F45: =D45 -> 45714 | H45: =N45&M46 -> 181.5 M3 | I45: - | J45: =IF(R45=0,"上 溢："&S45,IF(Q45=0,"任 泰："&R45&" "&"上 溢："&S45, "水利處："&Q45&" "&"任 泰："&R45&" "&"上 溢："&S45)) -> 上 溢：康祐銓 | K45: 本次澆置數量 未達20M3 免取樣 | L45: =L43+1 -> 17 | M45: =VLOOKUP(L45,'140'!A:T,5,0) -> 6 | N45: =N43+M45 -> 181.5 | O45: =VLOOKUP(L45,'140'!A:T,6,0) -> 0 | P45: =P43+O45 -> 7 | Q45: =VLOOKUP(L45,'140'!A:T,18,0) -> 0 | R45: =VLOOKUP(L45,'140'!A:T,19,0) -> 0 | S45: =VLOOKUP(L45,'140'!A:T,20,0) -> 康祐銓
B46: 結構用混凝土，預拌，140kgf/cm2 | D46: =M45&M46 -> 6 M3 | F46: =E45&CHAR(10)&"("&O45&O46&")" -> 6 M3 (0組) | H46: =H45&CHAR(10)&"("&P45&O46&")" -> 181.5 M3 (7組) | K46: EF-1140226 混凝土 自主檢查表 | M46: M3 | O46: 組
A47: ="1-140 -"&L47 -> 1-140 -18 | B47: 1.2.4、1.3.2、1.4.1、1.5.1、1.6.6 | C47: 397.84 M3 | D47: =VLOOKUP(L47,'140'!A:T,2,0) -> 45726 | E47: =M47&M48 -> 10 M3 | F47: =D47 -> 45726 | H47: =N47&M48 -> 191.5 M3 | I47: - | J47: =IF(R47=0,"上 溢："&S47,IF(Q47=0,"任 泰："&R47&" "&"上 溢："&S47, "水利處："&Q47&" "&"任 泰："&R47&" "&"上 溢："&S47)) -> 上 溢：康祐銓 | K47: 本次澆置數量 未達20M3 免取樣 | L47: =L45+1 -> 18 | M47: =VLOOKUP(L47,'140'!A:T,5,0) -> 10 | N47: =N45+M47 -> 191.5 | O47: =VLOOKUP(L47,'140'!A:T,6,0) -> 0 | P47: =P45+O47 -> 7 | Q47: =VLOOKUP(L47,'140'!A:T,18,0) -> 0 | R47: =VLOOKUP(L47,'140'!A:T,19,0) -> 0 | S47: =VLOOKUP(L47,'140'!A:T,20,0) -> 康祐銓
B48: 結構用混凝土，預拌，140kgf/cm2 | D48: =M47&M48 -> 10 M3 | F48: =E47&CHAR(10)&"("&O47&O48&")" -> 10 M3 (0組) | H48: =H47&CHAR(10)&"("&P47&O48&")" -> 191.5 M3 (7組) | K48: EF-1140310 混凝土 自主檢查表 | M48: M3 | O48: 組
A49: ="1-140 -"&L49 -> 1-140 -19 | B49: 1.2.4、1.3.2、1.4.1、1.5.1、1.6.6 | C49: 397.84 M3 | D49: =VLOOKUP(L49,'140'!A:T,2,0) -> 45729 | E49: =M49&M50 -> 3 M3 | F49: =D49 -> 45729 | H49: =N49&M50 -> 194.5 M3 | I49: - | J49: =IF(R49=0,"上 溢："&S49,IF(Q49=0,"任 泰："&R49&" "&"上 溢："&S49, "水利處："&Q49&" "&"任 泰："&R49&" "&"上 溢："&S49)) -> 上 溢：康祐銓 | K49: 本次澆置數量 未達20M3 免取樣 | L49: =L47+1 -> 19 | M49: =VLOOKUP(L49,'140'!A:T,5,0) -> 3 | N49: =N47+M49 -> 194.5 | O49: =VLOOKUP(L49,'140'!A:T,6,0) -> 0 | P49: =P47+O49 -> 7 | Q49: =VLOOKUP(L49,'140'!A:T,18,0) -> 0 | R49: =VLOOKUP(L49,'140'!A:T,19,0) -> 0 | S49: =VLOOKUP(L49,'140'!A:T,20,0) -> 康祐銓
B50: 結構用混凝土，預拌，140kgf/cm2 | D50: =M49&M50 -> 3 M3 | F50: =E49&CHAR(10)&"("&O49&O50&")" -> 3 M3 (0組) | H50: =H49&CHAR(10)&"("&P49&O50&")" -> 194.5 M3 (7組) | K50: EF-1140313 混凝土 自主檢查表 | M50: M3 | O50: 組
A51: ="1-140 -"&L51 -> 1-140 -20 | B51: 1.2.4、1.3.2、1.4.1、1.5.1、1.6.6 | C51: 397.84 M3 | D51: =VLOOKUP(L51,'140'!A:T,2,0) -> 45755 | E51: =M51&M52 -> 18 M3 | F51: =D51 -> 45755 | H51: =N51&M52 -> 212.5 M3 | I51: - | J51: =IF(R51=0,"上 溢："&S51,IF(Q51=0,"任 泰："&R51&" "&"上 溢："&S51, "水利處："&Q51&" "&"任 泰："&R51&" "&"上 溢："&S51)) -> 上 溢：康祐銓 | K51: 本次澆置數量 未達20M3 免取樣 | L51: =L49+1 -> 20 | M51: =VLOOKUP(L51,'140'!A:T,5,0) -> 18 | N51: =N49+M51 -> 212.5 | O51: =VLOOKUP(L51,'140'!A:T,6,0) -> 0 | P51: =P49+O51 -> 7 | Q51: =VLOOKUP(L51,'140'!A:T,18,0) -> 0 | R51: =VLOOKUP(L51,'140'!A:T,19,0) -> 0 | S51: =VLOOKUP(L51,'140'!A:T,20,0) -> 康祐銓
B52: 結構用混凝土，預拌，140kgf/cm2 | D52: =M51&M52 -> 18 M3 | F52: =E51&CHAR(10)&"("&O51&O52&")" -> 18 M3 (0組) | H52: =H51&CHAR(10)&"("&P51&O52&")" -> 212.5 M3 (7組) | K52: EF-1140408 混凝土 自主檢查表 | M52: M3 | O52: 組
A53: 編制： | D53: 工地主任： | H53: 附註：
A54: 1.本表於施工期間監造單位依契約約定之「材料、設備送審文件、樣品一覽表」分類登錄，俾利控管材料檢驗使用情形。 2.監造單位應依監造計畫之材料設備抽驗程序及標準辦理材料設備抽驗，如有單項材料設備廠商自主檢查頻率未達 3次時，廠商在辦理自主檢查取樣前，應通知監造單位轉知考工單位會同廠商辦理抽驗（即前2次均由本處派員抽驗）。 3.本表規定檢驗頻率請依據工程契約或施工規範約定填寫。
A55: ="1-140 -"&L55 -> 1-140 -21 | B55: 1.2.4、1.3.2、1.4.1、1.5.1、1.6.6 | C55: 397.84 M3 | D55: =VLOOKUP(L55,'140'!A:T,2,0) -> 45777 | E55: =M55&M56 -> 20 M3 | F55: =D55 -> 45777 | G55: 1.每批次數量未達20 m3時，免檢驗。 2.每批次數量達20～100 m3檢驗1組。 3.每批次數量超過100 m3時，每100 m3加驗1組，餘數未達100m³亦加驗1組。 | H55: =N55&M56 -> 232.5 M3 | I55: 合格 | J55: =IF(R55=0,"上 溢："&S55,IF(Q55=0,"任 泰："&R55&" "&"上 溢："&S55, "水利處："&Q55&" "&"任 泰："&R55&" "&"上 溢："&S55)) -> 任 泰：王淑慧 上 溢：康祐銓 | K55: 114年6月27日 任泰顧字 第1140627252號 | L55: =L51+1 -> 21 | M55: =VLOOKUP(L55,'140'!A:T,5,0) -> 20 | N55: =N51+M55 -> 232.5 | O55: =VLOOKUP(L55,'140'!A:T,6,0) -> 1 | P55: =P51+O55 -> 8 | Q55: =VLOOKUP(L55,'140'!A:T,18,0) -> 0 | R55: =VLOOKUP(L55,'140'!A:T,19,0) -> 王淑慧 | S55: =VLOOKUP(L55,'140'!A:T,20,0) -> 康祐銓
B56: 結構用混凝土，預拌，140kgf/cm2 | D56: =M55&M56 -> 20 M3 | F56: =E55&CHAR(10)&"("&O55&O56&")" -> 20 M3 (1組) | H56: =H55&CHAR(10)&"("&P55&O56&")" -> 232.5 M3 (8組) | M56: M3 | O56: 組
A57: ="1-140 -"&L57 -> 1-140 -22 | B57: 1.2.4、1.3.2、1.4.1、1.5.1、1.6.6 | C57: 397.84 M3 | D57: =VLOOKUP(L57,'140'!A:T,2,0) -> 45789 | E57: =M57&M58 -> 20 M3 | F57: =D57 -> 45789 | H57: =N57&M58 -> 252.5 M3 | I57: 合格 | J57: =IF(R57=0,"上 溢："&S57,IF(Q57=0,"任 泰："&R57&" "&"上 溢："&S57, "水利處："&Q57&" "&"任 泰："&R57&" "&"上 溢："&S57)) -> 任 泰：王淑慧 上 溢：康祐銓 | K57: 114年6月24日 任泰顧字 第1140611251號 | L57: =L55+1 -> 22 | M57: =VLOOKUP(L57,'140'!A:T,5,0) -> 20 | N57: =N55+M57 -> 252.5 | O57: =VLOOKUP(L57,'140'!A:T,6,0) -> 1 | P57: =P55+O57 -> 9 | Q57: =VLOOKUP(L57,'140'!A:T,18,0) -> 0 | R57: =VLOOKUP(L57,'140'!A:T,19,0) -> 王淑慧 | S57: =VLOOKUP(L57,'140'!A:T,20,0) -> 康祐銓
B58: 結構用混凝土，預拌，140kgf/cm2 | D58: =M57&M58 -> 20 M3 | F58: =E57&CHAR(10)&"("&O57&O58&")" -> 20 M3 (1組) | H58: =H57&CHAR(10)&"("&P57&O58&")" -> 252.5 M3 (9組) | M58: M3 | O58: 組
A59: ="1-140 -"&L59 -> 1-140 -23 | B59: 1.2.4、1.3.2、1.4.1、1.5.1、1.6.6 | C59: 397.84 M3 | D59: =VLOOKUP(L59,'140'!A:T,2,0) -> 45791 | E59: =M59&M60 -> 6 M3 | F59: =D59 -> 45791 | H59: =N59&M60 -> 258.5 M3 | I59: - | J59: =IF(R59=0,"上 溢："&S59,IF(Q59=0,"任 泰："&R59&" "&"上 溢："&S59, "水利處："&Q59&" "&"任 泰："&R59&" "&"上 溢："&S59)) -> 上 溢：康祐銓 | K59: 本次澆置數量 未達20M3 免取樣 | L59: =L57+1 -> 23 | M59: =VLOOKUP(L59,'140'!A:T,5,0) -> 6 | N59: =N57+M59 -> 258.5 | O59: =VLOOKUP(L59,'140'!A:T,6,0) -> 0 | P59: =P57+O59 -> 9 | Q59: =VLOOKUP(L59,'140'!A:T,18,0) -> 0 | R59: =VLOOKUP(L59,'140'!A:T,19,0) -> 0 | S59: =VLOOKUP(L59,'140'!A:T,20,0) -> 康祐銓
B60: 結構用混凝土，預拌，140kgf/cm2 | D60: =M59&M60 -> 6 M3 | F60: =E59&CHAR(10)&"("&O59&O60&")" -> 6 M3 (0組) | H60: =H59&CHAR(10)&"("&P59&O60&")" -> 258.5 M3 (9組) | K60: EF-1140514 混凝土 自主檢查表 | M60: M3 | O60: 組
A61: ="1-140 -"&L61 -> 1-140 -24 | B61: 1.2.4、1.3.2、1.4.1、1.5.1、1.6.6 | C61: 397.84 M3 | D61: =VLOOKUP(L61,'140'!A:T,2,0) -> 45794 | E61: =M61&M62 -> 6 M3 | F61: =D61 -> 45794 | H61: =N61&M62 -> 264.5 M3 | I61: - | J61: =IF(R61=0,"上 溢："&S61,IF(Q61=0,"任 泰："&R61&" "&"上 溢："&S61, "水利處："&Q61&" "&"任 泰："&R61&" "&"上 溢："&S61)) -> 上 溢：康祐銓 | K61: 本次澆置數量 未達20M3 免取樣 | L61: =L59+1 -> 24 | M61: =VLOOKUP(L61,'140'!A:T,5,0) -> 6 | N61: =N59+M61 -> 264.5 | O61: =VLOOKUP(L61,'140'!A:T,6,0) -> 0 | P61: =P59+O61 -> 9 | Q61: =VLOOKUP(L61,'140'!A:T,18,0) -> 0 | R61: =VLOOKUP(L61,'140'!A:T,19,0) -> 0 | S61: =VLOOKUP(L61,'140'!A:T,20,0) -> 康祐銓
B62: 結構用混凝土，預拌，140kgf/cm2 | D62: =M61&M62 -> 6 M3 | F62: =E61&CHAR(10)&"("&O61&O62&")" -> 6 M3 (0組) | H62: =H61&CHAR(10)&"("&P61&O62&")" -> 264.5 M3 (9組) | K62: EF-1140517 混凝土 自主檢查表 | M62: M3 | O62: 組
A63: ="1-140 -"&L63 -> 1-140 -25 | B63: 1.2.4、1.3.2、1.4.1、1.5.1、1.6.6 | C63: 397.84 M3 | D63: =VLOOKUP(L63,'140'!A:T,2,0) -> 45805 | E63: =M63&M64 -> 6 M3 | F63: =D63 -> 45805 | H63: =N63&M64 -> 270.5 M3 | I63: - | J63: =IF(R63=0,"上 溢："&S63,IF(Q63=0,"任 泰："&R63&" "&"上 溢："&S63, "水利處："&Q63&" "&"任 泰："&R63&" "&"上 溢："&S63)) -> 上 溢：康祐銓 | K63: 本次澆置數量 未達20M3 免取樣 | L63: =L61+1 -> 25 | M63: =VLOOKUP(L63,'140'!A:T,5,0) -> 6 | N63: =N61+M63 -> 270.5 | O63: =VLOOKUP(L63,'140'!A:T,6,0) -> 0 | P63: =P61+O63 -> 9 | Q63: =VLOOKUP(L63,'140'!A:T,18,0) -> 0 | R63: =VLOOKUP(L63,'140'!A:T,19,0) -> 0 | S63: =VLOOKUP(L63,'140'!A:T,20,0) -> 康祐銓
B64: 結構用混凝土，預拌，140kgf/cm2 | D64: =M63&M64 -> 6 M3 | F64: =E63&CHAR(10)&"("&O63&O64&")" -> 6 M3 (0組) | H64: =H63&CHAR(10)&"("&P63&O64&")" -> 270.5 M3 (9組) | K64: EF-1140528 混凝土 自主檢查表 | M64: M3 | O64: 組
A65: 編制： | D65: 工地主任： | H65: 附註：
A66: 1.本表於施工期間監造單位依契約約定之「材料、設備送審文件、樣品一覽表」分類登錄，俾利控管材料檢驗使用情形。 2.監造單位應依監造計畫之材料設備抽驗程序及標準辦理材料設備抽驗，如有單項材料設備廠商自主檢查頻率未達 3次時，廠商在辦理自主檢查取樣前，應通知監造單位轉知考工單位會同廠商辦理抽驗（即前2次均由本處派員抽驗）。 3.本表規定檢驗頻率請依據工程契約或施工規範約定填寫。
A67: ="1-140 -"&L67 -> 1-140 -26 | B67: 1.2.4、1.3.2、1.4.1、1.5.1、1.6.6 | C67: 397.84 M3 | D67: =VLOOKUP(L67,'140'!A:T,2,0) -> 45815 | E67: =M67&M68 -> 8 M3 | F67: =D67 -> 45815 | G67: 1.每批次數量未達20 m3時，免檢驗。 2.每批次數量達20～100 m3檢驗1組。 3.每批次數量超過100 m3時，每100 m3加驗1組，餘數未達100m³亦加驗1組。 | H67: =N67&M68 -> 278.5 M3 | I67: - | J67: =IF(R67=0,"上 溢："&S67,IF(Q67=0,"任 泰："&R67&" "&"上 溢："&S67, "水利處："&Q67&" "&"任 泰："&R67&" "&"上 溢："&S67)) -> 上 溢：康祐銓 | K67: 本次澆置數量 未達20M3 免取樣 | L67: =L63+1 -> 26 | M67: =VLOOKUP(L67,'140'!A:T,5,0) -> 8 | N67: =N63+M67 -> 278.5 | O67: =VLOOKUP(L67,'140'!A:T,6,0) -> 0 | P67: =P63+O67 -> 9 | Q67: =VLOOKUP(L67,'140'!A:T,18,0) -> 0 | R67: =VLOOKUP(L67,'140'!A:T,19,0) -> 0 | S67: =VLOOKUP(L67,'140'!A:T,20,0) -> 康祐銓
B68: 結構用混凝土，預拌，140kgf/cm2 | D68: =M67&M68 -> 8 M3 | F68: =E67&CHAR(10)&"("&O67&O68&")" -> 8 M3 (0組) | H68: =H67&CHAR(10)&"("&P67&O68&")" -> 278.5 M3 (9組) | K68: EF-1140607 混凝土 自主檢查表 | M68: M3 | O68: 組
A69: ="1-140 -"&L69 -> 1-140 -27 | B69: 1.2.4、1.3.2、1.4.1、1.5.1、1.6.6 | C69: 397.84 M3 | D69: =VLOOKUP(L69,'140'!A:T,2,0) -> 45818 | E69: =M69&M70 -> 8 M3 | F69: =D69 -> 45818 | H69: =N69&M70 -> 286.5 M3 | I69: - | J69: =IF(R69=0,"上 溢："&S69,IF(Q69=0,"任 泰："&R69&" "&"上 溢："&S69, "水利處："&Q69&" "&"任 泰："&R69&" "&"上 溢："&S69)) -> 上 溢：康祐銓 | K69: 本次澆置數量 未達20M3 免取樣 | L69: =L67+1 -> 27 | M69: =VLOOKUP(L69,'140'!A:T,5,0) -> 8 | N69: =N67+M69 -> 286.5 | O69: =VLOOKUP(L69,'140'!A:T,6,0) -> 0 | P69: =P67+O69 -> 9 | Q69: =VLOOKUP(L69,'140'!A:T,18,0) -> 0 | R69: =VLOOKUP(L69,'140'!A:T,19,0) -> 0 | S69: =VLOOKUP(L69,'140'!A:T,20,0) -> 康祐銓
B70: 結構用混凝土，預拌，140kgf/cm2 | D70: =M69&M70 -> 8 M3 | F70: =E69&CHAR(10)&"("&O69&O70&")" -> 8 M3 (0組) | H70: =H69&CHAR(10)&"("&P69&O70&")" -> 286.5 M3 (9組) | K70: EF-1140610-1 混凝土 自主檢查表 | M70: M3 | O70: 組
A71: ="1-140 -"&L71 -> 1-140 -28 | B71: 1.2.4、1.3.2、1.4.1、1.5.1、1.6.6 | C71: 397.84 M3 | D71: =VLOOKUP(L71,'140'!A:T,2,0) -> 45820 | E71: =M71&M72 -> 10 M3 | F71: =D71 -> 45820 | H71: =N71&M72 -> 296.5 M3 | I71: - | J71: =IF(R71=0,"上 溢："&S71,IF(Q71=0,"任 泰："&R71&" "&"上 溢："&S71, "水利處："&Q71&" "&"任 泰："&R71&" "&"上 溢："&S71)) -> 上 溢：康祐銓 | K71: 本次澆置數量 未達20M3 免取樣 | L71: =L69+1 -> 28 | M71: =VLOOKUP(L71,'140'!A:T,5,0) -> 10 | N71: =N69+M71 -> 296.5 | O71: =VLOOKUP(L71,'140'!A:T,6,0) -> 0 | P71: =P69+O71 -> 9 | Q71: =VLOOKUP(L71,'140'!A:T,18,0) -> 0 | R71: =VLOOKUP(L71,'140'!A:T,19,0) -> 0 | S71: =VLOOKUP(L71,'140'!A:T,20,0) -> 康祐銓
B72: 結構用混凝土，預拌，140kgf/cm2 | D72: =M71&M72 -> 10 M3 | F72: =E71&CHAR(10)&"("&O71&O72&")" -> 10 M3 (0組) | H72: =H71&CHAR(10)&"("&P71&O72&")" -> 296.5 M3 (9組) | K72: EF-1140612 混凝土 自主檢查表 | M72: M3 | O72: 組
A73: ="1-140 -"&L73 -> 1-140 -29 | B73: 1.2.4、1.3.2、1.4.1、1.5.1、1.6.6 | C73: 397.84 M3 | D73: =VLOOKUP(L73,'140'!A:T,2,0) -> 45824 | E73: =M73&M74 -> 8 M3 | F73: =D73 -> 45824 | H73: =N73&M74 -> 304.5 M3 | I73: - | J73: =IF(R73=0,"上 溢："&S73,IF(Q73=0,"任 泰："&R73&" "&"上 溢："&S73, "水利處："&Q73&" "&"任 泰："&R73&" "&"上 溢："&S73)) -> 上 溢：康祐銓 | K73: 本次澆置數量 未達20M3 免取樣 | L73: =L71+1 -> 29 | M73: =VLOOKUP(L73,'140'!A:T,5,0) -> 8 | N73: =N71+M73 -> 304.5 | O73: =VLOOKUP(L73,'140'!A:T,6,0) -> 0 | P73: =P71+O73 -> 9 | Q73: =VLOOKUP(L73,'140'!A:T,18,0) -> 0 | R73: =VLOOKUP(L73,'140'!A:T,19,0) -> 0 | S73: =VLOOKUP(L73,'140'!A:T,20,0) -> 康祐銓
B74: 結構用混凝土，預拌，140kgf/cm2 | D74: =M73&M74 -> 8 M3 | F74: =E73&CHAR(10)&"("&O73&O74&")" -> 8 M3 (0組) | H74: =H73&CHAR(10)&"("&P73&O74&")" -> 304.5 M3 (9組) | K74: EF-1140616 混凝土 自主檢查表 | M74: M3 | O74: 組
A75: ="1-140 -"&L75 -> 1-140 -30 | B75: 1.2.4、1.3.2、1.4.1、1.5.1、1.6.6 | C75: 397.84 M3 | D75: =VLOOKUP(L75,'140'!A:T,2,0) -> 45836 | E75: =M75&M76 -> 8 M3 | F75: =D75 -> 45836 | H75: =N75&M76 -> 312.5 M3 | I75: - | J75: =IF(R75=0,"上 溢："&S75,IF(Q75=0,"任 泰："&R75&" "&"上 溢："&S75, "水利處："&Q75&" "&"任 泰："&R75&" "&"上 溢："&S75)) -> 上 溢：康祐銓 | K75: 本次澆置數量 未達20M3 免取樣 | L75: =L73+1 -> 30 | M75: =VLOOKUP(L75,'140'!A:T,5,0) -> 8 | N75: =N73+M75 -> 312.5 | O75: =VLOOKUP(L75,'140'!A:T,6,0) -> 0 | P75: =P73+O75 -> 9 | Q75: =VLOOKUP(L75,'140'!A:T,18,0) -> 0 | R75: =VLOOKUP(L75,'140'!A:T,19,0) -> 0 | S75: =VLOOKUP(L75,'140'!A:T,20,0) -> 康祐銓
B76: 結構用混凝土，預拌，140kgf/cm2 | D76: =M75&M76 -> 8 M3 | F76: =E75&CHAR(10)&"("&O75&O76&")" -> 8 M3 (0組) | H76: =H75&CHAR(10)&"("&P75&O76&")" -> 312.5 M3 (9組) | K76: EF-1140628 混凝土 自主檢查表 | M76: M3 | O76: 組
A77: 編制： | D77: 工地主任： | H77: 附註：
A78: 1.本表於施工期間監造單位依契約約定之「材料、設備送審文件、樣品一覽表」分類登錄，俾利控管材料檢驗使用情形。 2.監造單位應依監造計畫之材料設備抽驗程序及標準辦理材料設備抽驗，如有單項材料設備廠商自主檢查頻率未達 3次時，廠商在辦理自主檢查取樣前，應通知監造單位轉知考工單位會同廠商辦理抽驗（即前2次均由本處派員抽驗）。 3.本表規定檢驗頻率請依據工程契約或施工規範約定填寫。
A79: ="1-140 -"&L79 -> 1-140 -31 | B79: 1.2.4、1.3.2、1.4.1、1.5.1、1.6.6 | C79: 397.84 M3 | D79: =VLOOKUP(L79,'140'!A:T,2,0) -> 45850 | E79: =M79&M80 -> 10 M3 | F79: =D79 -> 45850 | G79: 1.每批次數量未達20 m3時，免檢驗。 2.每批次數量達20～100 m3檢驗1組。 3.每批次數量超過100 m3時，每100 m3加驗1組，餘數未達100m³亦加驗1組。 | H79: =N79&M80 -> 322.5 M3 | I79: - | J79: =IF(R79=0,"上 溢："&S79,IF(Q79=0,"任 泰："&R79&" "&"上 溢："&S79, "水利處："&Q79&" "&"任 泰："&R79&" "&"上 溢："&S79)) -> 上 溢：康祐銓 | K79: 本次澆置數量 未達20M3 免取樣 | L79: =L75+1 -> 31 | M79: =VLOOKUP(L79,'140'!A:T,5,0) -> 10 | N79: =N75+M79 -> 322.5 | O79: =VLOOKUP(L79,'140'!A:T,6,0) -> 0 | P79: =P75+O79 -> 9 | Q79: =VLOOKUP(L79,'140'!A:T,18,0) -> 0 | R79: =VLOOKUP(L79,'140'!A:T,19,0) -> 0 | S79: =VLOOKUP(L79,'140'!A:T,20,0) -> 康祐銓
B80: 結構用混凝土，預拌，140kgf/cm2 | D80: =M79&M80 -> 10 M3 | F80: =E79&CHAR(10)&"("&O79&O80&")" -> 10 M3 (0組) | H80: =H79&CHAR(10)&"("&P79&O80&")" -> 322.5 M3 (9組) | K80: EF-1140712 混凝土 自主檢查表 | M80: M3 | O80: 組
A81: ="1-140 -"&L81 -> 1-140 -32 | B81: 1.2.4、1.3.2、1.4.1、1.5.1、1.6.6 | C81: 397.84 M3 | D81: =VLOOKUP(L81,'140'!A:T,2,0) -> 45873 | E81: =M81&M82 -> 12 M3 | F81: =D81 -> 45873 | H81: =N81&M82 -> 334.5 M3 | I81: - | J81: =IF(R81=0,"上 溢："&S81,IF(Q81=0,"任 泰："&R81&" "&"上 溢："&S81, "水利處："&Q81&" "&"任 泰："&R81&" "&"上 溢："&S81)) -> 上 溢：康祐銓 | K81: 本次澆置數量 未達20M3 免取樣 | L81: =L79+1 -> 32 | M81: =VLOOKUP(L81,'140'!A:T,5,0) -> 12 | N81: =N79+M81 -> 334.5 | O81: =VLOOKUP(L81,'140'!A:T,6,0) -> 0 | P81: =P79+O81 -> 9 | Q81: =VLOOKUP(L81,'140'!A:T,18,0) -> 0 | R81: =VLOOKUP(L81,'140'!A:T,19,0) -> 0 | S81: =VLOOKUP(L81,'140'!A:T,20,0) -> 康祐銓
B82: 結構用混凝土，預拌，140kgf/cm2 | D82: =M81&M82 -> 12 M3 | F82: =E81&CHAR(10)&"("&O81&O82&")" -> 12 M3 (0組) | H82: =H81&CHAR(10)&"("&P81&O82&")" -> 334.5 M3 (9組) | K82: EF-1140801 混凝土 自主檢查表 | M82: M3 | O82: 組
A83: ="1-140 -"&L83 -> 1-140 -33 | B83: 1.2.4、1.3.2、1.4.1、1.5.1、1.6.6 | C83: 397.84 M3 | D83: =VLOOKUP(L83,'140'!A:T,2,0) -> 45875 | E83: =M83&M84 -> 12 M3 | F83: =D83 -> 45875 | H83: =N83&M84 -> 346.5 M3 | I83: - | J83: =IF(R83=0,"上 溢："&S83,IF(Q83=0,"任 泰："&R83&" "&"上 溢："&S83, "水利處："&Q83&" "&"任 泰："&R83&" "&"上 溢："&S83)) -> 上 溢：康祐銓 | K83: 本次澆置數量 未達20M3 免取樣 | L83: =L81+1 -> 33 | M83: =VLOOKUP(L83,'140'!A:T,5,0) -> 12 | N83: =N81+M83 -> 346.5 | O83: =VLOOKUP(L83,'140'!A:T,6,0) -> 0 | P83: =P81+O83 -> 9 | Q83: =VLOOKUP(L83,'140'!A:T,18,0) -> 0 | R83: =VLOOKUP(L83,'140'!A:T,19,0) -> 0 | S83: =VLOOKUP(L83,'140'!A:T,20,0) -> 康祐銓
B84: 結構用混凝土，預拌，140kgf/cm2 | D84: =M83&M84 -> 12 M3 | F84: =E83&CHAR(10)&"("&O83&O84&")" -> 12 M3 (0組) | H84: =H83&CHAR(10)&"("&P83&O84&")" -> 346.5 M3 (9組) | K84: EF-1140806 混凝土 自主檢查表 | M84: M3 | O84: 組
A85: ="1-140 -"&L85 -> 1-140 -34 | B85: 1.2.4、1.3.2、1.4.1、1.5.1、1.6.6 | C85: 397.84 M3 | D85: =VLOOKUP(L85,'140'!A:T,2,0) -> 45881 | E85: =M85&M86 -> 8 M3 | F85: =D85 -> 45881 | H85: =N85&M86 -> 354.5 M3 | I85: - | J85: =IF(R85=0,"上 溢："&S85,IF(Q85=0,"任 泰："&R85&" "&"上 溢："&S85, "水利處："&Q85&" "&"任 泰："&R85&" "&"上 溢："&S85)) -> 上 溢：康祐銓 | K85: 本次澆置數量 未達20M3 免取樣 | L85: =L83+1 -> 34 | M85: =VLOOKUP(L85,'140'!A:T,5,0) -> 8 | N85: =N83+M85 -> 354.5 | O85: =VLOOKUP(L85,'140'!A:T,6,0) -> 0 | P85: =P83+O85 -> 9 | Q85: =VLOOKUP(L85,'140'!A:T,18,0) -> 0 | R85: =VLOOKUP(L85,'140'!A:T,19,0) -> 0 | S85: =VLOOKUP(L85,'140'!A:T,20,0) -> 康祐銓
B86: 結構用混凝土，預拌，140kgf/cm2 | D86: =M85&M86 -> 8 M3 | F86: =E85&CHAR(10)&"("&O85&O86&")" -> 8 M3 (0組) | H86: =H85&CHAR(10)&"("&P85&O86&")" -> 354.5 M3 (9組) | K86: EF-1140812 混凝土 自主檢查表 | M86: M3 | O86: 組
A87: ="1-140 -"&L87 -> 1-140 -35 | B87: 1.2.4、1.3.2、1.4.1、1.5.1、1.6.6 | C87: 397.84 M3 | D87: =VLOOKUP(L87,'140'!A:T,2,0) -> 45903 | E87: =M87&M88 -> 8 M3 | F87: =D87 -> 45903 | H87: =N87&M88 -> 362.5 M3 | I87: - | J87: =IF(R87=0,"上 溢："&S87,IF(Q87=0,"任 泰："&R87&" "&"上 溢："&S87, "水利處："&Q87&" "&"任 泰："&R87&" "&"上 溢："&S87)) -> 上 溢：康祐銓 | K87: 115年1月19日 任泰顧字 第1150119622號 | L87: =L85+1 -> 35 | M87: =VLOOKUP(L87,'140'!A:T,5,0) -> 8 | N87: =N85+M87 -> 362.5 | O87: =VLOOKUP(L87,'140'!A:T,6,0) -> 1 | P87: =P85+O87 -> 10 | Q87: =VLOOKUP(L87,'140'!A:T,18,0) -> 0 | R87: =VLOOKUP(L87,'140'!A:T,19,0) -> 0 | S87: =VLOOKUP(L87,'140'!A:T,20,0) -> 康祐銓
B88: 結構用混凝土，預拌，140kgf/cm2 | D88: =M87&M88 -> 8 M3 | F88: =E87&CHAR(10)&"("&O87&O88&")" -> 8 M3 (1組) | H88: =H87&CHAR(10)&"("&P87&O88&")" -> 362.5 M3 (10組) | M88: M3 | O88: 組
A89: 編制： | D89: 工地主任： | H89: 附註：
A90: 1.本表於施工期間監造單位依契約約定之「材料、設備送審文件、樣品一覽表」分類登錄，俾利控管材料檢驗使用情形。 2.監造單位應依監造計畫之材料設備抽驗程序及標準辦理材料設備抽驗，如有單項材料設備廠商自主檢查頻率未達 3次時，廠商在辦理自主檢查取樣前，應通知監造單位轉知考工單位會同廠商辦理抽驗（即前2次均由本處派員抽驗）。 3.本表規定檢驗頻率請依據工程契約或施工規範約定填寫。
A91: ="1-140 -"&L91 -> 1-140 -36 | B91: 1.2.4、1.3.2、1.4.1、1.5.1、1.6.6 | C91: 397.84 M3 | D91: =VLOOKUP(L91,'140'!A:T,2,0) -> 45932 | E91: =M91&M92 -> 10 M3 | F91: =D91 -> 45932 | G91: 1.每批次數量未達20 m3時，免檢驗。 2.每批次數量達20～100 m3檢驗1組。 3.每批次數量超過100 m3時，每100 m3加驗1組，餘數未達100m³亦加驗1組。 | H91: =N91&M92 -> 372.5 M3 | I91: - | J91: =IF(R91=0,"上 溢："&S91,IF(Q91=0,"任 泰："&R91&" "&"上 溢："&S91, "水利處："&Q91&" "&"任 泰："&R91&" "&"上 溢："&S91)) -> 上 溢：康祐銓 | K91: 本次澆置數量 未達20M3 免取樣 | L91: =L87+1 -> 36 | M91: =VLOOKUP(L91,'140'!A:T,5,0) -> 10 | N91: =N87+M91 -> 372.5 | O91: =VLOOKUP(L91,'140'!A:T,6,0) -> 0 | P91: =P87+O91 -> 10 | Q91: =VLOOKUP(L91,'140'!A:T,18,0) -> 0 | R91: =VLOOKUP(L91,'140'!A:T,19,0) -> 0 | S91: =VLOOKUP(L91,'140'!A:T,20,0) -> 康祐銓
B92: 結構用混凝土，預拌，140kgf/cm2 | D92: =M91&M92 -> 10 M3 | F92: =E91&CHAR(10)&"("&O91&O92&")" -> 10 M3 (0組) | H92: =H91&CHAR(10)&"("&P91&O92&")" -> 372.5 M3 (10組) | K92: EF-1141002 混凝土 自主檢查表 | M92: M3 | O92: 組
A93: ="1-140 -"&L93 -> 1-140 -37 | B93: 1.2.4、1.3.2、1.4.1、1.5.1、1.6.6 | C93: 397.84 M3 | D93: =VLOOKUP(L93,'140'!A:T,2,0) -> 45948 | E93: =M93&M94 -> 23 M3 | F93: =D93 -> 45948 | H93: =N93&M94 -> 395.5 M3 | I93: - | J93: =IF(R93=0,"上 溢："&S93,IF(Q93=0,"任 泰："&R93&" "&"上 溢："&S93, "水利處："&Q93&" "&"任 泰："&R93&" "&"上 溢："&S93)) -> 上 溢：康祐銓 | K93: 114年11月28日 任泰顧字 第1141128622號 | L93: =L91+1 -> 37 | M93: =VLOOKUP(L93,'140'!A:T,5,0) -> 23 | N93: =N91+M93 -> 395.5 | O93: =VLOOKUP(L93,'140'!A:T,6,0) -> 1 | P93: =P91+O93 -> 11 | Q93: =VLOOKUP(L93,'140'!A:T,18,0) -> 0 | R93: =VLOOKUP(L93,'140'!A:T,19,0) -> 0 | S93: =VLOOKUP(L93,'140'!A:T,20,0) -> 康祐銓
B94: 結構用混凝土，預拌，140kgf/cm2 | D94: =M93&M94 -> 23 M3 | F94: =E93&CHAR(10)&"("&O93&O94&")" -> 23 M3 (1組) | H94: =H93&CHAR(10)&"("&P93&O94&")" -> 395.5 M3 (11組) | M94: M3 | O94: 組
A95: ="1-140 -"&L95 -> 1-140 -38 | B95: 1.2.4、1.3.2、1.4.1、1.5.1、1.6.6 | C95: 397.84 M3 | D95: =VLOOKUP(L95,'140'!A:T,2,0) -> 45968 | E95: =M95&M96 -> 25 M3 | F95: =D95 -> 45968 | H95: =N95&M96 -> 420.5 M3 | I95: - | J95: =IF(R95=0,"上 溢："&S95,IF(Q95=0,"任 泰："&R95&" "&"上 溢："&S95, "水利處："&Q95&" "&"任 泰："&R95&" "&"上 溢："&S95)) -> 任 泰：王淑慧 上 溢：康祐銓 | K95: 115年1月22日 任泰顧字 第1150122622號 | L95: =L93+1 -> 38 | M95: =VLOOKUP(L95,'140'!A:T,5,0) -> 25 | N95: =N93+M95 -> 420.5 | O95: =VLOOKUP(L95,'140'!A:T,6,0) -> 1 | P95: =P93+O95 -> 12 | Q95: =VLOOKUP(L95,'140'!A:T,18,0) -> 0 | R95: =VLOOKUP(L95,'140'!A:T,19,0) -> 王淑慧 | S95: =VLOOKUP(L95,'140'!A:T,20,0) -> 康祐銓
B96: 結構用混凝土，預拌，140kgf/cm2 | D96: =M95&M96 -> 25 M3 | F96: =E95&CHAR(10)&"("&O95&O96&")" -> 25 M3 (1組) | H96: =H95&CHAR(10)&"("&P95&O96&")" -> 420.5 M3 (12組) | M96: M3 | O96: 組
A97: ="1-140 -"&L97 -> 1-140 -39 | B97: 1.2.4、1.3.2、1.4.1、1.5.1、1.6.6 | C97: 397.84 M3 | D97: =VLOOKUP(L97,'140'!A:T,2,0) -> 45997 | E97: =M97&M98 -> 18.5 M3 | F97: =D97 -> 45997 | H97: =N97&M98 -> 439 M3 | I97: 合格 | J97: =IF(R97=0,"上 溢："&S97,IF(Q97=0,"任 泰："&R97&" "&"上 溢："&S97, "水利處："&Q97&" "&"任 泰："&R97&" "&"上 溢："&S97)) -> 任 泰：陳勇智 上 溢：周昱辰 | K97: 115年1月29日 任泰顧字 第1150229624號 | L97: =L95+1 -> 39 | M97: =VLOOKUP(L97,'140'!A:T,5,0) -> 18.5 | N97: =N95+M97 -> 439 | O97: =VLOOKUP(L97,'140'!A:T,6,0) -> 1 | P97: =P95+O97 -> 13 | Q97: =VLOOKUP(L97,'140'!A:T,18,0) -> 0 | R97: =VLOOKUP(L97,'140'!A:T,19,0) -> 陳勇智 | S97: =VLOOKUP(L97,'140'!A:T,20,0) -> 周昱辰
B98: 結構用混凝土，預拌，140kgf/cm2 | D98: =M97&M98 -> 18.5 M3 | F98: =E97&CHAR(10)&"("&O97&O98&")" -> 18.5 M3 (1組) | H98: =H97&CHAR(10)&"("&P97&O98&")" -> 439 M3 (13組) | M98: M3 | O98: 組
A99: ="1-140 -"&L99 -> 1-140 -40 | B99: 1.2.4、1.3.2、1.4.1、1.5.1、1.6.6 | C99: 397.84 M3 | D99: =VLOOKUP(L99,'140'!A:T,2,0) -> 46009 | E99: =M99&M100 -> 6 M3 | F99: =D99 -> 46009 | H99: =N99&M100 -> 445 M3 | I99: - | J99: =IF(R99=0,"上 溢："&S99,IF(Q99=0,"任 泰："&R99&" "&"上 溢："&S99, "水利處："&Q99&" "&"任 泰："&R99&" "&"上 溢："&S99)) -> 上 溢：康祐銓 | K99: 本次澆置數量 未達20M3 免取樣 | L99: =L97+1 -> 40 | M99: =VLOOKUP(L99,'140'!A:T,5,0) -> 6 | N99: =N97+M99 -> 445 | O99: =VLOOKUP(L99,'140'!A:T,6,0) -> 0 | P99: =P97+O99 -> 13 | Q99: =VLOOKUP(L99,'140'!A:T,18,0) -> 0 | R99: =VLOOKUP(L99,'140'!A:T,19,0) -> 0 | S99: =VLOOKUP(L99,'140'!A:T,20,0) -> 康祐銓
B100: 結構用混凝土，預拌，140kgf/cm2 | D100: =M99&M100 -> 6 M3 | F100: =E99&CHAR(10)&"("&O99&O100&")" -> 6 M3 (0組) | H100: =H99&CHAR(10)&"("&P99&O100&")" -> 445 M3 (13組) | K100: EF-1141218 混凝土 自主檢查表 | M100: M3 | O100: 組
...

Sheet 5-1.試驗210
A1: 臺北市政府工務局水利工程處
A2: 材料設備檢（試）驗管制總表
A3: ="工程名稱:"&'1.計畫'!A1:I1 -> 工程名稱:磺港溪再造C段護岸及步道整建工程（延壽橋至三合橋） | H3: 契約編號：H-111-03-112080
A4: 監造單位：任泰技術顧問有限公司 | H4: 施工廠商：上溢營造份有限公司
A5: 項次 | B5: 契約詳細表項次 | C5: 契約 數量 | D5: 進場 日期 | E5: 進場 數量 | F5: 抽樣 日期 | G5: 規定抽（取）樣頻率 | H5: 累積進場數量 | I5: 抽試驗結果 | J5: 抽驗及會同人員 | K5: 備註
B6: 材料(設備)名稱 | D6: 進場 數量 | F6: 抽樣 數量 | H6: 累積抽樣數量 | K6: (歸檔編號) | M6: 數量 | N6: 累計數量 | O6: 組數 | P6: 累計組數 | Q6: 水利處 | R6: 監造 | S6: 廠商
A7: ="1-210 -"&L7 -> 1-210 -1 | B7: 1.2.5、1.3.3、1.4.2、1.5.2、1.6.7 | C7: 4,360.87 M3 | D7: =VLOOKUP(L7,'210'!A:T,2,0) -> 45181 | E7: =M7&M8 -> 0 M3 | F7: =D7 -> 45181 | G7: 1.每批次數量未達20 m3時，免檢驗。 2.每批次數量達20～100 m3檢驗1組。 3.每批次數量超過100 m3時，每100 m3加驗1組，餘數未達100m³亦加驗1組。 | H7: =N7&M8 -> 0 M3 | I7: 合格 | J7: =IF(R7=0,"上 溢："&S7,IF(Q7=0,"任 泰："&R7&" "&"上 溢："&S7, "水利處："&Q7&" "&"任 泰："&R7&" "&"上 溢："&S7)) -> 水利處：李晏然 任 泰：游文圃 上 溢：康祐銓 | K7: 112年11月10日 112任泰顧字 第1110010001號 | L7: 1 | M7: =VLOOKUP(L7,'210'!A:T,5,0) -> 0 | N7: =M7 -> 0 | O7: =VLOOKUP(L7,'210'!A:T,6,0) -> 1 | P7: =O7 -> 1 | Q7: =VLOOKUP(L7,'210'!A:T,18,0) -> 李晏然 | R7: =VLOOKUP(L7,'210'!A:T,19,0) -> 游文圃 | S7: =VLOOKUP(L7,'210'!A:T,20,0) -> 康祐銓
B8: 結構用混凝土，預拌，210kgf/cm2 | D8: =M7&M8 -> 0 M3 | F8: =E7&CHAR(10)&"("&O7&O8&")" -> 0 M3 (1組) | H8: =H7&CHAR(10)&"("&P7&O8&")" -> 0 M3 (1組) | M8: M3 | O8: 組
A9: ="1-210 -"&L9 -> 1-210 -2 | B9: 1.2.5、1.3.3、1.4.2、1.5.2、1.6.7 | C9: 4,360.87 M3 | D9: =VLOOKUP(L9,'210'!A:T,2,0) -> 45484 | E9: =M9&M10 -> 95 M3 | F9: =D9 -> 45484 | H9: =N9&M10 -> 95 M3 | I9: 合格 | J9: =IF(R9=0,"上 溢："&S9,IF(Q9=0,"任 泰："&R9&" "&"上 溢："&S9, "水利處："&Q9&" "&"任 泰："&R9&" "&"上 溢："&S9)) -> 任 泰：白博文 上 溢：葉展志 | K9: 113年8月15日 113任泰顧字 第1130815107號 | L9: =L7+1 -> 2 | M9: =VLOOKUP(L9,'210'!A:T,5,0) -> 95 | N9: =N7+M9 -> 95 | O9: =VLOOKUP(L9,'210'!A:T,6,0) -> 1 | P9: =P7+O9 -> 2 | Q9: =VLOOKUP(L9,'210'!A:T,18,0) -> 0 | R9: =VLOOKUP(L9,'210'!A:T,19,0) -> 白博文 | S9: =VLOOKUP(L9,'210'!A:T,20,0) -> 葉展志
B10: 結構用混凝土，預拌，210kgf/cm2 | D10: =M9&M10 -> 95 M3 | F10: =E9&CHAR(10)&"("&O9&O10&")" -> 95 M3 (1組) | H10: =H9&CHAR(10)&"("&P9&O10&")" -> 95 M3 (2組) | M10: M3 | O10: 組
A11: ="1-210 -"&L11 -> 1-210 -3 | B11: 1.2.5、1.3.3、1.4.2、1.5.2、1.6.7 | C11: 4,360.87 M3 | D11: =VLOOKUP(L11,'210'!A:T,2,0) -> 45488 | E11: =M11&M12 -> 198 M3 | F11: =D11 -> 45488 | H11: =N11&M12 -> 293 M3 | I11: 合格 | J11: =IF(R11=0,"上 溢："&S11,IF(Q11=0,"任 泰："&R11&" "&"上 溢："&S11, "水利處："&Q11&" "&"任 泰："&R11&" "&"上 溢："&S11)) -> 任 泰：白博文 上 溢：葉展志 | K11: 113年9月27日 113任泰顧字 第1130927621號 | L11: =L9+1 -> 3 | M11: =VLOOKUP(L11,'210'!A:T,5,0) -> 198 | N11: =N9+M11 -> 293 | O11: =VLOOKUP(L11,'210'!A:T,6,0) -> 2 | P11: =P9+O11 -> 4 | Q11: =VLOOKUP(L11,'210'!A:T,18,0) -> 0 | R11: =VLOOKUP(L11,'210'!A:T,19,0) -> 白博文 | S11: =VLOOKUP(L11,'210'!A:T,20,0) -> 葉展志
B12: 結構用混凝土，預拌，210kgf/cm2 | D12: =M11&M12 -> 198 M3 | F12: =E11&CHAR(10)&"("&O11&O12&")" -> 198 M3 (2組) | H12: =H11&CHAR(10)&"("&P11&O12&")" -> 293 M3 (4組) | M12: M3 | O12: 組
A13: ="1-210 -"&L13 -> 1-210 -4 | B13: 1.2.5、1.3.3、1.4.2、1.5.2、1.6.7 | C13: 4,360.87 M3 | D13: =VLOOKUP(L13,'210'!A:T,2,0) -> 45492 | E13: =M13&M14 -> 81 M3 | F13: =D13 -> 45492 | H13: =N13&M14 -> 374 M3 | I13: 合格 | J13: =IF(R13=0,"上 溢："&S13,IF(Q13=0,"任 泰："&R13&" "&"上 溢："&S13, "水利處："&Q13&" "&"任 泰："&R13&" "&"上 溢："&S13)) -> 任 泰：白博文 上 溢：葉展志 | K13: 113年9月27日 113任泰顧字 第1130927622號 | L13: =L11+1 -> 4 | M13: =VLOOKUP(L13,'210'!A:T,5,0) -> 81 | N13: =N11+M13 -> 374 | O13: =VLOOKUP(L13,'210'!A:T,6,0) -> 1 | P13: =P11+O13 -> 5 | Q13: =VLOOKUP(L13,'210'!A:T,18,0) -> 0 | R13: =VLOOKUP(L13,'210'!A:T,19,0) -> 白博文 | S13: =VLOOKUP(L13,'210'!A:T,20,0) -> 葉展志
B14: 結構用混凝土，預拌，210kgf/cm2 | D14: =M13&M14 -> 81 M3 | F14: =E13&CHAR(10)&"("&O13&O14&")" -> 81 M3 (1組) | H14: =H13&CHAR(10)&"("&P13&O14&")" -> 374 M3 (5組) | M14: M3 | O14: 組
A15: ="1-210 -"&L15 -> 1-210 -5 | B15: 1.2.5、1.3.3、1.4.2、1.5.2、1.6.7 | C15: 4,360.87 M3 | D15: =VLOOKUP(L15,'210'!A:T,2,0) -> 45496 | E15: =M15&M16 -> 188 M3 | F15: =D15 -> 45496 | H15: =N15&M16 -> 562 M3 | I15: 合格 | J15: =IF(R15=0,"上 溢："&S15,IF(Q15=0,"任 泰："&R15&" "&"上 溢："&S15, "水利處："&Q15&" "&"任 泰："&R15&" "&"上 溢："&S15)) -> 任 泰：白博文 上 溢：葉展志 | K15: 113年9月27日 113任泰顧字 第1130927623號 | L15: =L13+1 -> 5 | M15: =VLOOKUP(L15,'210'!A:T,5,0) -> 188 | N15: =N13+M15 -> 562 | O15: =VLOOKUP(L15,'210'!A:T,6,0) -> 2 | P15: =P13+O15 -> 7 | Q15: =VLOOKUP(L15,'210'!A:T,18,0) -> 0 | R15: =VLOOKUP(L15,'210'!A:T,19,0) -> 白博文 | S15: =VLOOKUP(L15,'210'!A:T,20,0) -> 葉展志
B16: 結構用混凝土，預拌，210kgf/cm2 | D16: =M15&M16 -> 188 M3 | F16: =E15&CHAR(10)&"("&O15&O16&")" -> 188 M3 (2組) | H16: =H15&CHAR(10)&"("&P15&O16&")" -> 562 M3 (7組) | M16: M3 | O16: 組
A17: ="1-210 -"&L17 -> 1-210 -6 | B17: 1.2.5、1.3.3、1.4.2、1.5.2、1.6.7 | C17: 4,360.87 M3 | D17: =VLOOKUP(L17,'210'!A:T,2,0) -> 45523 | E17: =M17&M18 -> 99 M3 | F17: =D17 -> 45523 | H17: =N17&M18 -> 661 M3 | I17: 合格 | J17: =IF(R17=0,"上 溢："&S17,IF(Q17=0,"任 泰："&R17&" "&"上 溢："&S17, "水利處："&Q17&" "&"任 泰："&R17&" "&"上 溢："&S17)) -> 任 泰：白博文 上 溢：葉展志 | K17: 113年9月27日 113任泰顧字 第1130927624號 | L17: =L15+1 -> 6 | M17: =VLOOKUP(L17,'210'!A:T,5,0) -> 99 | N17: =N15+M17 -> 661 | O17: =VLOOKUP(L17,'210'!A:T,6,0) -> 1 | P17: =P15+O17 -> 8 | Q17: =VLOOKUP(L17,'210'!A:T,18,0) -> 0 | R17: =VLOOKUP(L17,'210'!A:T,19,0) -> 白博文 | S17: =VLOOKUP(L17,'210'!A:T,20,0) -> 葉展志
B18: 結構用混凝土，預拌，210kgf/cm2 | D18: =M17&M18 -> 99 M3 | F18: =E17&CHAR(10)&"("&O17&O18&")" -> 99 M3 (1組) | H18: =H17&CHAR(10)&"("&P17&O18&")" -> 661 M3 (8組) | M18: M3 | O18: 組
A19: 編制： | D19: 工地主任： | H19: 附註：
A20: 1.本表於施工期間監造單位依契約約定之「材料、設備送審文件、樣品一覽表」分類登錄，俾利控管材料檢驗使用情形。 2.監造單位應依監造計畫之材料設備抽驗程序及標準辦理材料設備抽驗，如有單項材料設備廠商自主檢查頻率未達 3次時，廠商在辦理自主檢查取樣前，應通知監造單位轉知考工單位會同廠商辦理抽驗（即前2次均由本處派員抽驗）。 3.本表規定檢驗頻率請依據工程契約或施工規範約定填寫。
A21: ="1-210 -"&L21 -> 1-210 -7 | B21: 1.2.5、1.3.3、1.4.2、1.5.2、1.6.7 | C21: 4,360.87 M3 | D21: =VLOOKUP(L21,'210'!A:T,2,0) -> 45526 | E21: =M21&M22 -> 99 M3 | F21: =D21 -> 45526 | G21: 1.每批次數量未達20 m3時，免檢驗。 2.每批次數量達20～100 m3檢驗1組。 3.每批次數量超過100 m3時，每100 m3加驗1組，餘數未達100m³亦加驗1組。 | H21: =N21&M22 -> 760 M3 | I21: 合格 | J21: =IF(R21=0,"上 溢："&S21,IF(Q21=0,"任 泰："&R21&" "&"上 溢："&S21, "水利處："&Q21&" "&"任 泰："&R21&" "&"上 溢："&S21)) -> 上 溢：葉展志 | K21: 113年10月21日 113任泰顧字 第1131021621號 | L21: =L17+1 -> 7 | M21: =VLOOKUP(L21,'210'!A:T,5,0) -> 99 | N21: =N17+M21 -> 760 | O21: =VLOOKUP(L21,'210'!A:T,6,0) -> 1 | P21: =P17+O21 -> 9 | Q21: =VLOOKUP(L21,'210'!A:T,18,0) -> 0 | R21: =VLOOKUP(L21,'210'!A:T,19,0) -> 0 | S21: =VLOOKUP(L21,'210'!A:T,20,0) -> 葉展志
B22: 結構用混凝土，預拌，210kgf/cm2 | D22: =M21&M22 -> 99 M3 | F22: =E21&CHAR(10)&"("&O21&O22&")" -> 99 M3 (1組) | H22: =H21&CHAR(10)&"("&P21&O22&")" -> 760 M3 (9組) | M22: M3 | O22: 組
A23: ="1-210 -"&L23 -> 1-210 -8 | B23: 1.2.5、1.3.3、1.4.2、1.5.2、1.6.7 | C23: 4,360.87 M3 | D23: =VLOOKUP(L23,'210'!A:T,2,0) -> 45531 | E23: =M23&M24 -> 99 M3 | F23: =D23 -> 45531 | H23: =N23&M24 -> 859 M3 | I23: 合格 | J23: =IF(R23=0,"上 溢："&S23,IF(Q23=0,"任 泰："&R23&" "&"上 溢："&S23, "水利處："&Q23&" "&"任 泰："&R23&" "&"上 溢："&S23)) -> 上 溢：葉展志 | K23: 113年10月21日 113任泰顧字 第1131021622號 | L23: =L21+1 -> 8 | M23: =VLOOKUP(L23,'210'!A:T,5,0) -> 99 | N23: =N21+M23 -> 859 | O23: =VLOOKUP(L23,'210'!A:T,6,0) -> 1 | P23: =P21+O23 -> 10 | Q23: =VLOOKUP(L23,'210'!A:T,18,0) -> 0 | R23: =VLOOKUP(L23,'210'!A:T,19,0) -> 0 | S23: =VLOOKUP(L23,'210'!A:T,20,0) -> 葉展志
B24: 結構用混凝土，預拌，210kgf/cm2 | D24: =M23&M24 -> 99 M3 | F24: =E23&CHAR(10)&"("&O23&O24&")" -> 99 M3 (1組) | H24: =H23&CHAR(10)&"("&P23&O24&")" -> 859 M3 (10組) | M24: M3 | O24: 組
A25: ="1-210 -"&L25 -> 1-210 -9 | B25: 1.2.5、1.3.3、1.4.2、1.5.2、1.6.7 | C25: 4,360.87 M3 | D25: =VLOOKUP(L25,'210'!A:T,2,0) -> 45532 | E25: =M25&M26 -> 95 M3 | F25: =D25 -> 45532 | H25: =N25&M26 -> 954 M3 | I25: 合格 | J25: =IF(R25=0,"上 溢："&S25,IF(Q25=0,"任 泰："&R25&" "&"上 溢："&S25, "水利處："&Q25&" "&"任 泰："&R25&" "&"上 溢："&S25)) -> 任 泰：王淑慧 上 溢：康祐銓 | K25: 113年10月21日 113任泰顧字 第1131021623號 | L25: =L23+1 -> 9 | M25: =VLOOKUP(L25,'210'!A:T,5,0) -> 95 | N25: =N23+M25 -> 954 | O25: =VLOOKUP(L25,'210'!A:T,6,0) -> 1 | P25: =P23+O25 -> 11 | Q25: =VLOOKUP(L25,'210'!A:T,18,0) -> 0 | R25: =VLOOKUP(L25,'210'!A:T,19,0) -> 王淑慧 | S25: =VLOOKUP(L25,'210'!A:T,20,0) -> 康祐銓
B26: 結構用混凝土，預拌，210kgf/cm2 | D26: =M25&M26 -> 95 M3 | F26: =E25&CHAR(10)&"("&O25&O26&")" -> 95 M3 (1組) | H26: =H25&CHAR(10)&"("&P25&O26&")" -> 954 M3 (11組) | M26: M3 | O26: 組
A27: ="1-210 -"&L27 -> 1-210 -10 | B27: 1.2.5、1.3.3、1.4.2、1.5.2、1.6.7 | C27: 4,360.87 M3 | D27: =VLOOKUP(L27,'210'!A:T,2,0) -> 45534 | E27: =M27&M28 -> 99 M3 | F27: =D27 -> 45534 | H27: =N27&M28 -> 1053 M3 | I27: 合格 | J27: =IF(R27=0,"上 溢："&S27,IF(Q27=0,"任 泰："&R27&" "&"上 溢："&S27, "水利處："&Q27&" "&"任 泰："&R27&" "&"上 溢："&S27)) -> 上 溢：葉展志 | K27: 113年10月21日 113任泰顧字 第1131021624號 | L27: =L25+1 -> 10 | M27: =VLOOKUP(L27,'210'!A:T,5,0) -> 99 | N27: =N25+M27 -> 1053 | O27: =VLOOKUP(L27,'210'!A:T,6,0) -> 1 | P27: =P25+O27 -> 12 | Q27: =VLOOKUP(L27,'210'!A:T,18,0) -> 0 | R27: =VLOOKUP(L27,'210'!A:T,19,0) -> 0 | S27: =VLOOKUP(L27,'210'!A:T,20,0) -> 葉展志
B28: 結構用混凝土，預拌，210kgf/cm2 | D28: =M27&M28 -> 99 M3 | F28: =E27&CHAR(10)&"("&O27&O28&")" -> 99 M3 (1組) | H28: =H27&CHAR(10)&"("&P27&O28&")" -> 1053 M3 (12組) | M28: M3 | O28: 組
A29: ="1-210 -"&L29 -> 1-210 -11 | B29: 1.2.5、1.3.3、1.4.2、1.5.2、1.6.7 | C29: 4,360.87 M3 | D29: =VLOOKUP(L29,'210'!A:T,2,0) -> 45540 | E29: =M29&M30 -> 99 M3 | F29: =D29 -> 45540 | H29: =N29&M30 -> 1152 M3 | I29: 合格 | J29: =IF(R29=0,"上 溢："&S29,IF(Q29=0,"任 泰："&R29&" "&"上 溢："&S29, "水利處："&Q29&" "&"任 泰："&R29&" "&"上 溢："&S29)) -> 上 溢：葉展志 | K29: 113年11月6日 113任泰顧字 第1131106623號 | L29: =L27+1 -> 11 | M29: =VLOOKUP(L29,'210'!A:T,5,0) -> 99 | N29: =N27+M29 -> 1152 | O29: =VLOOKUP(L29,'210'!A:T,6,0) -> 1 | P29: =P27+O29 -> 13 | Q29: =VLOOKUP(L29,'210'!A:T,18,0) -> 0 | R29: =VLOOKUP(L29,'210'!A:T,19,0) -> 0 | S29: =VLOOKUP(L29,'210'!A:T,20,0) -> 葉展志
B30: 結構用混凝土，預拌，210kgf/cm2 | D30: =M29&M30 -> 99 M3 | F30: =E29&CHAR(10)&"("&O29&O30&")" -> 99 M3 (1組) | H30: =H29&CHAR(10)&"("&P29&O30&")" -> 1152 M3 (13組) | M30: M3 | O30: 組
A31: ="1-210 -"&L31 -> 1-210 -12 | B31: 1.2.5、1.3.3、1.4.2、1.5.2、1.6.7 | C31: 4,360.87 M3 | D31: =VLOOKUP(L31,'210'!A:T,2,0) -> 45544 | E31: =M31&M32 -> 99 M3 | F31: =D31 -> 45544 | H31: =N31&M32 -> 1251 M3 | I31: 合格 | J31: =IF(R31=0,"上 溢："&S31,IF(Q31=0,"任 泰："&R31&" "&"上 溢："&S31, "水利處："&Q31&" "&"任 泰："&R31&" "&"上 溢："&S31)) -> 上 溢：康祐銓 | K31: 113年11月6日 113任泰顧字 第1131106624號 | L31: =L29+1 -> 12 | M31: =VLOOKUP(L31,'210'!A:T,5,0) -> 99 | N31: =N29+M31 -> 1251 | O31: =VLOOKUP(L31,'210'!A:T,6,0) -> 1 | P31: =P29+O31 -> 14 | Q31: =VLOOKUP(L31,'210'!A:T,18,0) -> 0 | R31: =VLOOKUP(L31,'210'!A:T,19,0) -> 0 | S31: =VLOOKUP(L31,'210'!A:T,20,0) -> 康祐銓
B32: 結構用混凝土，預拌，210kgf/cm2 | D32: =M31&M32 -> 99 M3 | F32: =E31&CHAR(10)&"("&O31&O32&")" -> 99 M3 (1組) | H32: =H31&CHAR(10)&"("&P31&O32&")" -> 1251 M3 (14組) | M32: M3 | O32: 組
A33: 編制： | D33: 工地主任： | H33: 附註：
A34: 1.本表於施工期間監造單位依契約約定之「材料、設備送審文件、樣品一覽表」分類登錄，俾利控管材料檢驗使用情形。 2.監造單位應依監造計畫之材料設備抽驗程序及標準辦理材料設備抽驗，如有單項材料設備廠商自主檢查頻率未達 3次時，廠商在辦理自主檢查取樣前，應通知監造單位轉知考工單位會同廠商辦理抽驗（即前2次均由本處派員抽驗）。 3.本表規定檢驗頻率請依據工程契約或施工規範約定填寫。
A35: ="1-210 -"&L35 -> 1-210 -13 | B35: 1.2.5、1.3.3、1.4.2、1.5.2、1.6.7 | C35: 4,360.87 M3 | D35: =VLOOKUP(L35,'210'!A:T,2,0) -> 45545 | E35: =M35&M36 -> 95 M3 | F35: =D35 -> 45545 | G35: 1.每批次數量未達20 m3時，免檢驗。 2.每批次數量達20～100 m3檢驗1組。 3.每批次數量超過100 m3時，每100 m3加驗1組，餘數未達100m³亦加驗1組。 | H35: =N35&M36 -> 1346 M3 | I35: 合格 | J35: =IF(R35=0,"上 溢："&S35,IF(Q35=0,"任 泰："&R35&" "&"上 溢："&S35, "水利處："&Q35&" "&"任 泰："&R35&" "&"上 溢："&S35)) -> 上 溢：葉展志 | K35: 113年11月19日 113任泰顧字 第1131119621號 | L35: =L31+1 -> 13 | M35: =VLOOKUP(L35,'210'!A:T,5,0) -> 95 | N35: =N31+M35 -> 1346 | O35: =VLOOKUP(L35,'210'!A:T,6,0) -> 1 | P35: =P31+O35 -> 15 | Q35: =VLOOKUP(L35,'210'!A:T,18,0) -> 0 | R35: =VLOOKUP(L35,'210'!A:T,19,0) -> 0 | S35: =VLOOKUP(L35,'210'!A:T,20,0) -> 葉展志
B36: 結構用混凝土，預拌，210kgf/cm2 | D36: =M35&M36 -> 95 M3 | F36: =E35&CHAR(10)&"("&O35&O36&")" -> 95 M3 (1組) | H36: =H35&CHAR(10)&"("&P35&O36&")" -> 1346 M3 (15組) | M36: M3 | O36: 組
A37: ="1-210 -"&L37 -> 1-210 -14 | B37: 1.2.5、1.3.3、1.4.2、1.5.2、1.6.7 | C37: 4,360.87 M3 | D37: =VLOOKUP(L37,'210'!A:T,2,0) -> 45549 | E37: =M37&M38 -> 52 M3 | F37: =D37 -> 45549 | H37: =N37&M38 -> 1398 M3 | I37: 合格 | J37: =IF(R37=0,"上 溢："&S37,IF(Q37=0,"任 泰："&R37&" "&"上 溢："&S37, "水利處："&Q37&" "&"任 泰："&R37&" "&"上 溢："&S37)) -> 上 溢：葉展志 | K37: 113年11月19日 113任泰顧字 第1131119622號 | L37: =L35+1 -> 14 | M37: =VLOOKUP(L37,'210'!A:T,5,0) -> 52 | N37: =N35+M37 -> 1398 | O37: =VLOOKUP(L37,'210'!A:T,6,0) -> 1 | P37: =P35+O37 -> 16 | Q37: =VLOOKUP(L37,'210'!A:T,18,0) -> 0 | R37: =VLOOKUP(L37,'210'!A:T,19,0) -> 0 | S37: =VLOOKUP(L37,'210'!A:T,20,0) -> 葉展志
B38: 結構用混凝土，預拌，210kgf/cm2 | D38: =M37&M38 -> 52 M3 | F38: =E37&CHAR(10)&"("&O37&O38&")" -> 52 M3 (1組) | H38: =H37&CHAR(10)&"("&P37&O38&")" -> 1398 M3 (16組) | M38: M3 | O38: 組
A39: ="1-210 -"&L39 -> 1-210 -15 | B39: 1.2.5、1.3.3、1.4.2、1.5.2、1.6.7 | C39: 4,360.87 M3 | D39: =VLOOKUP(L39,'210'!A:T,2,0) -> 45553 | E39: =M39&M40 -> 95 M3 | F39: =D39 -> 45553 | H39: =N39&M40 -> 1493 M3 | I39: 合格 | J39: =IF(R39=0,"上 溢："&S39,IF(Q39=0,"任 泰："&R39&" "&"上 溢："&S39, "水利處："&Q39&" "&"任 泰："&R39&" "&"上 溢："&S39)) -> 上 溢：胡舜豪 | K39: 113年11月19日 113任泰顧字 第1131119623號 | L39: =L37+1 -> 15 | M39: =VLOOKUP(L39,'210'!A:T,5,0) -> 95 | N39: =N37+M39 -> 1493 | O39: =VLOOKUP(L39,'210'!A:T,6,0) -> 1 | P39: =P37+O39 -> 17 | Q39: =VLOOKUP(L39,'210'!A:T,18,0) -> 0 | R39: =VLOOKUP(L39,'210'!A:T,19,0) -> 0 | S39: =VLOOKUP(L39,'210'!A:T,20,0) -> 胡舜豪
B40: 結構用混凝土，預拌，210kgf/cm2 | D40: =M39&M40 -> 95 M3 | F40: =E39&CHAR(10)&"("&O39&O40&")" -> 95 M3 (1組) | H40: =H39&CHAR(10)&"("&P39&O40&")" -> 1493 M3 (17組) | M40: M3 | O40: 組
A41: ="1-210 -"&L41 -> 1-210 -16 | B41: 1.2.5、1.3.3、1.4.2、1.5.2、1.6.7 | C41: 4,360.87 M3 | D41: =VLOOKUP(L41,'210'!A:T,2,0) -> 45554 | E41: =M41&M42 -> 95 M3 | F41: =D41 -> 45554 | H41: =N41&M42 -> 1588 M3 | I41: 合格 | J41: =IF(R41=0,"上 溢："&S41,IF(Q41=0,"任 泰："&R41&" "&"上 溢："&S41, "水利處："&Q41&" "&"任 泰："&R41&" "&"上 溢："&S41)) -> 水利處：李晏然 任 泰：陳勇智 上 溢：胡舜豪 | K41: 113年11月19日 113任泰顧字 第1131119624號 | L41: =L39+1 -> 16 | M41: =VLOOKUP(L41,'210'!A:T,5,0) -> 95 | N41: =N39+M41 -> 1588 | O41: =VLOOKUP(L41,'210'!A:T,6,0) -> 1 | P41: =P39+O41 -> 18 | Q41: =VLOOKUP(L41,'210'!A:T,18,0) -> 李晏然 | R41: =VLOOKUP(L41,'210'!A:T,19,0) -> 陳勇智 | S41: =VLOOKUP(L41,'210'!A:T,20,0) -> 胡舜豪
B42: 結構用混凝土，預拌，210kgf/cm2 | D42: =M41&M42 -> 95 M3 | F42: =E41&CHAR(10)&"("&O41&O42&")" -> 95 M3 (1組) | H42: =H41&CHAR(10)&"("&P41&O42&")" -> 1588 M3 (18組) | M42: M3 | O42: 組
A43: ="1-210 -"&L43 -> 1-210 -17 | B43: 1.2.5、1.3.3、1.4.2、1.5.2、1.6.7 | C43: 4,360.87 M3 | D43: =VLOOKUP(L43,'210'!A:T,2,0) -> 45561 | E43: =M43&M44 -> 78 M3 | F43: =D43 -> 45561 | H43: =N43&M44 -> 1666 M3 | I43: 合格 | J43: =IF(R43=0,"上 溢："&S43,IF(Q43=0,"任 泰："&R43&" "&"上 溢："&S43, "水利處："&Q43&" "&"任 泰："&R43&" "&"上 溢："&S43)) -> 上 溢：胡舜豪 | K43: 113年11月19日 113任泰顧字 第1131119625號 | L43: =L41+1 -> 17 | M43: =VLOOKUP(L43,'210'!A:T,5,0) -> 78 | N43: =N41+M43 -> 1666 | O43: =VLOOKUP(L43,'210'!A:T,6,0) -> 1 | P43: =P41+O43 -> 19 | Q43: =VLOOKUP(L43,'210'!A:T,18,0) -> 0 | R43: =VLOOKUP(L43,'210'!A:T,19,0) -> 0 | S43: =VLOOKUP(L43,'210'!A:T,20,0) -> 胡舜豪
B44: 結構用混凝土，預拌，210kgf/cm2 | D44: =M43&M44 -> 78 M3 | F44: =E43&CHAR(10)&"("&O43&O44&")" -> 78 M3 (1組) | H44: =H43&CHAR(10)&"("&P43&O44&")" -> 1666 M3 (19組) | M44: M3 | O44: 組
A45: ="1-210 -"&L45 -> 1-210 -18 | B45: 1.2.5、1.3.3、1.4.2、1.5.2、1.6.7 | C45: 4,360.87 M3 | D45: =VLOOKUP(L45,'210'!A:T,2,0) -> 45562 | E45: =M45&M46 -> 95 M3 | F45: =D45 -> 45562 | H45: =N45&M46 -> 1761 M3 | I45: 合格 | J45: =IF(R45=0,"上 溢："&S45,IF(Q45=0,"任 泰："&R45&" "&"上 溢："&S45, "水利處："&Q45&" "&"任 泰："&R45&" "&"上 溢："&S45)) -> 上 溢：李建豪 | K45: 113年12月17日 113任泰顧字 第1131217621號 | L45: =L43+1 -> 18 | M45: =VLOOKUP(L45,'210'!A:T,5,0) -> 95 | N45: =N43+M45 -> 1761 | O45: =VLOOKUP(L45,'210'!A:T,6,0) -> 1 | P45: =P43+O45 -> 20 | Q45: =VLOOKUP(L45,'210'!A:T,18,0) -> 0 | R45: =VLOOKUP(L45,'210'!A:T,19,0) -> 0 | S45: =VLOOKUP(L45,'210'!A:T,20,0) -> 李建豪
B46: 結構用混凝土，預拌，210kgf/cm2 | D46: =M45&M46 -> 95 M3 | F46: =E45&CHAR(10)&"("&O45&O46&")" -> 95 M3 (1組) | H46: =H45&CHAR(10)&"("&P45&O46&")" -> 1761 M3 (20組) | M46: M3 | O46: 組
A47: 編制： | D47: 工地主任： | H47: 附註：
A48: 1.本表於施工期間監造單位依契約約定之「材料、設備送審文件、樣品一覽表」分類登錄，俾利控管材料檢驗使用情形。 2.監造單位應依監造計畫之材料設備抽驗程序及標準辦理材料設備抽驗，如有單項材料設備廠商自主檢查頻率未達 3次時，廠商在辦理自主檢查取樣前，應通知監造單位轉知考工單位會同廠商辦理抽驗（即前2次均由本處派員抽驗）。 3.本表規定檢驗頻率請依據工程契約或施工規範約定填寫。
A49: ="1-210 -"&L49 -> 1-210 -19 | B49: 1.2.5、1.3.3、1.4.2、1.5.2、1.6.7 | C49: 4,360.87 M3 | D49: =VLOOKUP(L49,'210'!A:T,2,0) -> 45563 | E49: =M49&M50 -> 95 M3 | F49: =D49 -> 45563 | G49: 1.每批次數量未達20 m3時，免檢驗。 2.每批次數量達20～100 m3檢驗1組。 3.每批次數量超過100 m3時，每100 m3加驗1組，餘數未達100m³亦加驗1組。 | H49: =N49&M50 -> 1856 M3 | I49: 合格 | J49: =IF(R49=0,"上 溢："&S49,IF(Q49=0,"任 泰："&R49&" "&"上 溢："&S49, "水利處："&Q49&" "&"任 泰："&R49&" "&"上 溢："&S49)) -> 任 泰：陳勇智 上 溢：李建豪 | K49: 113年12月17日 113任泰顧字 第1131217622號 | L49: =L45+1 -> 19 | M49: =VLOOKUP(L49,'210'!A:T,5,0) -> 95 | N49: =N45+M49 -> 1856 | O49: =VLOOKUP(L49,'210'!A:T,6,0) -> 1 | P49: =P45+O49 -> 21 | Q49: =VLOOKUP(L49,'210'!A:T,18,0) -> 0 | R49: =VLOOKUP(L49,'210'!A:T,19,0) -> 陳勇智 | S49: =VLOOKUP(L49,'210'!A:T,20,0) -> 李建豪
B50: 結構用混凝土，預拌，210kgf/cm2 | D50: =M49&M50 -> 95 M3 | F50: =E49&CHAR(10)&"("&O49&O50&")" -> 95 M3 (1組) | H50: =H49&CHAR(10)&"("&P49&O50&")" -> 1856 M3 (21組) | M50: M3 | O50: 組
A51: ="1-210 -"&L51 -> 1-210 -20 | B51: 1.2.5、1.3.3、1.4.2、1.5.2、1.6.7 | C51: 4,360.87 M3 | D51: =VLOOKUP(L51,'210'!A:T,2,0) -> 45572 | E51: =M51&M52 -> 22 M3 | F51: =D51 -> 45572 | H51: =N51&M52 -> 1878 M3 | I51: 合格 | J51: =IF(R51=0,"上 溢："&S51,IF(Q51=0,"任 泰："&R51&" "&"上 溢："&S51, "水利處："&Q51&" "&"任 泰："&R51&" "&"上 溢："&S51)) -> 上 溢：李建豪 | K51: 113年12月17日 113任泰顧字 第1131217623號 | L51: =L49+1 -> 20 | M51: =VLOOKUP(L51,'210'!A:T,5,0) -> 22 | N51: =N49+M51 -> 1878 | O51: =VLOOKUP(L51,'210'!A:T,6,0) -> 1 | P51: =P49+O51 -> 22 | Q51: =VLOOKUP(L51,'210'!A:T,18,0) -> 0 | R51: =VLOOKUP(L51,'210'!A:T,19,0) -> 0 | S51: =VLOOKUP(L51,'210'!A:T,20,0) -> 李建豪
B52: 結構用混凝土，預拌，210kgf/cm2 | D52: =M51&M52 -> 22 M3 | F52: =E51&CHAR(10)&"("&O51&O52&")" -> 22 M3 (1組) | H52: =H51&CHAR(10)&"("&P51&O52&")" -> 1878 M3 (22組) | M52: M3 | O52: 組
A53: ="1-210 -"&L53 -> 1-210 -21 | B53: 1.2.5、1.3.3、1.4.2、1.5.2、1.6.7 | C53: 4,360.87 M3 | D53: =VLOOKUP(L53,'210'!A:T,2,0) -> 45575 | E53: =M53&M54 -> 95 M3 | F53: =D53 -> 45575 | H53: =N53&M54 -> 1973 M3 | I53: 合格 | J53: =IF(R53=0,"上 溢："&S53,IF(Q53=0,"任 泰："&R53&" "&"上 溢："&S53, "水利處："&Q53&" "&"任 泰："&R53&" "&"上 溢："&S53)) -> 上 溢：胡舜豪 | K53: 114年1月8日 任泰顧字 第1140108622號 | L53: =L51+1 -> 21 | M53: =VLOOKUP(L53,'210'!A:T,5,0) -> 95 | N53: =N51+M53 -> 1973 | O53: =VLOOKUP(L53,'210'!A:T,6,0) -> 1 | P53: =P51+O53 -> 23 | Q53: =VLOOKUP(L53,'210'!A:T,18,0) -> 0 | R53: =VLOOKUP(L53,'210'!A:T,19,0) -> 0 | S53: =VLOOKUP(L53,'210'!A:T,20,0) -> 胡舜豪
B54: 結構用混凝土，預拌，210kgf/cm2 | D54: =M53&M54 -> 95 M3 | F54: =E53&CHAR(10)&"("&O53&O54&")" -> 95 M3 (1組) | H54: =H53&CHAR(10)&"("&P53&O54&")" -> 1973 M3 (23組) | M54: M3 | O54: 組
A55: ="1-210 -"&L55 -> 1-210 -22 | B55: 1.2.5、1.3.3、1.4.2、1.5.2、1.6.7 | C55: 4,360.87 M3 | D55: =VLOOKUP(L55,'210'!A:T,2,0) -> 45577 | E55: =M55&M56 -> 26 M3 | F55: =D55 -> 45577 | H55: =N55&M56 -> 1999 M3 | I55: 合格 | J55: =IF(R55=0,"上 溢："&S55,IF(Q55=0,"任 泰："&R55&" "&"上 溢："&S55, "水利處："&Q55&" "&"任 泰："&R55&" "&"上 溢："&S55)) -> 上 溢：胡舜豪 | K55: 114年1月8日 任泰顧字 第1140108623號 | L55: =L53+1 -> 22 | M55: =VLOOKUP(L55,'210'!A:T,5,0) -> 26 | N55: =N53+M55 -> 1999 | O55: =VLOOKUP(L55,'210'!A:T,6,0) -> 1 | P55: =P53+O55 -> 24 | Q55: =VLOOKUP(L55,'210'!A:T,18,0) -> 0 | R55: =VLOOKUP(L55,'210'!A:T,19,0) -> 0 | S55: =VLOOKUP(L55,'210'!A:T,20,0) -> 胡舜豪
B56: 結構用混凝土，預拌，210kgf/cm2 | D56: =M55&M56 -> 26 M3 | F56: =E55&CHAR(10)&"("&O55&O56&")" -> 26 M3 (1組) | H56: =H55&CHAR(10)&"("&P55&O56&")" -> 1999 M3 (24組) | M56: M3 | O56: 組
A57: ="1-210 -"&L57 -> 1-210 -23 | B57: 1.2.5、1.3.3、1.4.2、1.5.2、1.6.7 | C57: 4,360.87 M3 | D57: =VLOOKUP(L57,'210'!A:T,2,0) -> 45579 | E57: =M57&M58 -> 35 M3 | F57: =D57 -> 45579 | H57: =N57&M58 -> 2034 M3 | I57: 合格 | J57: =IF(R57=0,"上 溢："&S57,IF(Q57=0,"任 泰："&R57&" "&"上 溢："&S57, "水利處："&Q57&" "&"任 泰："&R57&" "&"上 溢："&S57)) -> 上 溢：胡舜豪 | K57: 113年12月18日 113任泰顧字 第1131218623號 | L57: =L55+1 -> 23 | M57: =VLOOKUP(L57,'210'!A:T,5,0) -> 35 | N57: =N55+M57 -> 2034 | O57: =VLOOKUP(L57,'210'!A:T,6,0) -> 1 | P57: =P55+O57 -> 25 | Q57: =VLOOKUP(L57,'210'!A:T,18,0) -> 0 | R57: =VLOOKUP(L57,'210'!A:T,19,0) -> 0 | S57: =VLOOKUP(L57,'210'!A:T,20,0) -> 胡舜豪
B58: 結構用混凝土，預拌，210kgf/cm2 | D58: =M57&M58 -> 35 M3 | F58: =E57&CHAR(10)&"("&O57&O58&")" -> 35 M3 (1組) | H58: =H57&CHAR(10)&"("&P57&O58&")" -> 2034 M3 (25組) | M58: M3 | O58: 組
A59: ="1-210 -"&L59 -> 1-210 -24 | B59: 1.2.5、1.3.3、1.4.2、1.5.2、1.6.7 | C59: 4,360.87 M3 | D59: =VLOOKUP(L59,'210'!A:T,2,0) -> 45589 | E59: =M59&M60 -> 135 M3 | F59: =D59 -> 45589 | H59: =N59&M60 -> 2169 M3 | I59: 合格 | J59: =IF(R59=0,"上 溢："&S59,IF(Q59=0,"任 泰："&R59&" "&"上 溢："&S59, "水利處："&Q59&" "&"任 泰："&R59&" "&"上 溢："&S59)) -> 上 溢：胡舜豪 | K59: 113年12月18日 113任泰顧字 第1131218624號 | L59: =L57+1 -> 24 | M59: =VLOOKUP(L59,'210'!A:T,5,0) -> 135 | N59: =N57+M59 -> 2169 | O59: =VLOOKUP(L59,'210'!A:T,6,0) -> 2 | P59: =P57+O59 -> 27 | Q59: =VLOOKUP(L59,'210'!A:T,18,0) -> 0 | R59: =VLOOKUP(L59,'210'!A:T,19,0) -> 0 | S59: =VLOOKUP(L59,'210'!A:T,20,0) -> 胡舜豪
B60: 結構用混凝土，預拌，210kgf/cm2 | D60: =M59&M60 -> 135 M3 | F60: =E59&CHAR(10)&"("&O59&O60&")" -> 135 M3 (2組) | H60: =H59&CHAR(10)&"("&P59&O60&")" -> 2169 M3 (27組) | M60: M3 | O60: 組
A61: 編制： | D61: 工地主任： | H61: 附註：
A62: 1.本表於施工期間監造單位依契約約定之「材料、設備送審文件、樣品一覽表」分類登錄，俾利控管材料檢驗使用情形。 2.監造單位應依監造計畫之材料設備抽驗程序及標準辦理材料設備抽驗，如有單項材料設備廠商自主檢查頻率未達 3次時，廠商在辦理自主檢查取樣前，應通知監造單位轉知考工單位會同廠商辦理抽驗（即前2次均由本處派員抽驗）。 3.本表規定檢驗頻率請依據工程契約或施工規範約定填寫。
A63: ="1-210 -"&L63 -> 1-210 -25 | B63: 1.2.5、1.3.3、1.4.2、1.5.2、1.6.7 | C63: 4,360.87 M3 | D63: =VLOOKUP(L63,'210'!A:T,2,0) -> 45594 | E63: =M63&M64 -> 86 M3 | F63: =D63 -> 45594 | G63: 1.每批次數量未達20 m3時，免檢驗。 2.每批次數量達20～100 m3檢驗1組。 3.每批次數量超過100 m3時，每100 m3加驗1組，餘數未達100m³亦加驗1組。 | H63: =N63&M64 -> 2255 M3 | I63: 合格 | J63: =IF(R63=0,"上 溢："&S63,IF(Q63=0,"任 泰："&R63&" "&"上 溢："&S63, "水利處："&Q63&" "&"任 泰："&R63&" "&"上 溢："&S63)) -> 上 溢：胡舜豪 | K63: 114年1月13日 任泰顧字 第1140113622號 | L63: =L59+1 -> 25 | M63: =VLOOKUP(L63,'210'!A:T,5,0) -> 86 | N63: =N59+M63 -> 2255 | O63: =VLOOKUP(L63,'210'!A:T,6,0) -> 1 | P63: =P59+O63 -> 28 | Q63: =VLOOKUP(L63,'210'!A:T,18,0) -> 0 | R63: =VLOOKUP(L63,'210'!A:T,19,0) -> 0 | S63: =VLOOKUP(L63,'210'!A:T,20,0) -> 胡舜豪
B64: 結構用混凝土，預拌，210kgf/cm2 | D64: =M63&M64 -> 86 M3 | F64: =E63&CHAR(10)&"("&O63&O64&")" -> 86 M3 (1組) | H64: =H63&CHAR(10)&"("&P63&O64&")" -> 2255 M3 (28組) | M64: M3 | O64: 組
A65: ="1-210 -"&L65 -> 1-210 -26 | B65: 1.2.5、1.3.3、1.4.2、1.5.2、1.6.7 | C65: 4,360.87 M3 | D65: =VLOOKUP(L65,'210'!A:T,2,0) -> 45595 | E65: =M65&M66 -> 99 M3 | F65: =D65 -> 45595 | H65: =N65&M66 -> 2354 M3 | I65: 合格 | J65: =IF(R65=0,"上 溢："&S65,IF(Q65=0,"任 泰："&R65&" "&"上 溢："&S65, "水利處："&Q65&" "&"任 泰："&R65&" "&"上 溢："&S65)) -> 上 溢：周昱辰 | K65: 114年1月9日 任泰顧字 第1140109621號 | L65: =L63+1 -> 26 | M65: =VLOOKUP(L65,'210'!A:T,5,0) -> 99 | N65: =N63+M65 -> 2354 | O65: =VLOOKUP(L65,'210'!A:T,6,0) -> 1 | P65: =P63+O65 -> 29 | Q65: =VLOOKUP(L65,'210'!A:T,18,0) -> 0 | R65: =VLOOKUP(L65,'210'!A:T,19,0) -> 0 | S65: =VLOOKUP(L65,'210'!A:T,20,0) -> 周昱辰
B66: 結構用混凝土，預拌，210kgf/cm2 | D66: =M65&M66 -> 99 M3 | F66: =E65&CHAR(10)&"("&O65&O66&")" -> 99 M3 (1組) | H66: =H65&CHAR(10)&"("&P65&O66&")" -> 2354 M3 (29組) | M66: M3 | O66: 組
A67: ="1-210 -"&L67 -> 1-210 -27 | B67: 1.2.5、1.3.3、1.4.2、1.5.2、1.6.7 | C67: 4,360.87 M3 | D67: =VLOOKUP(L67,'210'!A:T,2,0) -> 45603 | E67: =M67&M68 -> 52 M3 | F67: =D67 -> 45603 | H67: =N67&M68 -> 2406 M3 | I67: 合格 | J67: =IF(R67=0,"上 溢："&S67,IF(Q67=0,"任 泰："&R67&" "&"上 溢："&S67, "水利處："&Q67&" "&"任 泰："&R67&" "&"上 溢："&S67)) -> 上 溢：周昱辰 | K67: 114年2月19日 任泰顧字 第1140219624號 | L67: =L65+1 -> 27 | M67: =VLOOKUP(L67,'210'!A:T,5,0) -> 52 | N67: =N65+M67 -> 2406 | O67: =VLOOKUP(L67,'210'!A:T,6,0) -> 1 | P67: =P65+O67 -> 30 | Q67: =VLOOKUP(L67,'210'!A:T,18,0) -> 0 | R67: =VLOOKUP(L67,'210'!A:T,19,0) -> 0 | S67: =VLOOKUP(L67,'210'!A:T,20,0) -> 周昱辰
B68: 結構用混凝土，預拌，210kgf/cm2 | D68: =M67&M68 -> 52 M3 | F68: =E67&CHAR(10)&"("&O67&O68&")" -> 52 M3 (1組) | H68: =H67&CHAR(10)&"("&P67&O68&")" -> 2406 M3 (30組) | M68: M3 | O68: 組
A69: ="1-210 -"&L69 -> 1-210 -28 | B69: 1.2.5、1.3.3、1.4.2、1.5.2、1.6.7 | C69: 4,360.87 M3 | D69: =VLOOKUP(L69,'210'!A:T,2,0) -> 45605 | E69: =M69&M70 -> 110 M3 | F69: =D69 -> 45605 | H69: =N69&M70 -> 2516 M3 | I69: 合格 | J69: =IF(R69=0,"上 溢："&S69,IF(Q69=0,"任 泰："&R69&" "&"上 溢："&S69, "水利處："&Q69&" "&"任 泰："&R69&" "&"上 溢："&S69)) -> 上 溢：周昱辰 | K69: 114年1月9日 任泰顧字 第1140109622號 | L69: =L67+1 -> 28 | M69: =VLOOKUP(L69,'210'!A:T,5,0) -> 110 | N69: =N67+M69 -> 2516 | O69: =VLOOKUP(L69,'210'!A:T,6,0) -> 2 | P69: =P67+O69 -> 32 | Q69: =VLOOKUP(L69,'210'!A:T,18,0) -> 0 | R69: =VLOOKUP(L69,'210'!A:T,19,0) -> 0 | S69: =VLOOKUP(L69,'210'!A:T,20,0) -> 周昱辰
B70: 結構用混凝土，預拌，210kgf/cm2 | D70: =M69&M70 -> 110 M3 | F70: =E69&CHAR(10)&"("&O69&O70&")" -> 110 M3 (2組) | H70: =H69&CHAR(10)&"("&P69&O70&")" -> 2516 M3 (32組) | M70: M3 | O70: 組
A71: ="1-210 -"&L71 -> 1-210 -29 | B71: 1.2.5、1.3.3、1.4.2、1.5.2、1.6.7 | C71: 4,360.87 M3 | D71: =VLOOKUP(L71,'210'!A:T,2,0) -> 45610 | E71: =M71&M72 -> 102 M3 | F71: =D71 -> 45610 | H71: =N71&M72 -> 2618 M3 | I71: 合格 | J71: =IF(R71=0,"上 溢："&S71,IF(Q71=0,"任 泰："&R71&" "&"上 溢："&S71, "水利處："&Q71&" "&"任 泰："&R71&" "&"上 溢："&S71)) -> 上 溢：張志禕 | K71: 114年2月19日 任泰顧字 第1140219625號 | L71: =L69+1 -> 29 | M71: =VLOOKUP(L71,'210'!A:T,5,0) -> 102 | N71: =N69+M71 -> 2618 | O71: =VLOOKUP(L71,'210'!A:T,6,0) -> 2 | P71: =P69+O71 -> 34 | Q71: =VLOOKUP(L71,'210'!A:T,18,0) -> 0 | R71: =VLOOKUP(L71,'210'!A:T,19,0) -> 0 | S71: =VLOOKUP(L71,'210'!A:T,20,0) -> 張志禕
B72: 結構用混凝土，預拌，210kgf/cm2 | D72: =M71&M72 -> 102 M3 | F72: =E71&CHAR(10)&"("&O71&O72&")" -> 102 M3 (2組) | H72: =H71&CHAR(10)&"("&P71&O72&")" -> 2618 M3 (34組) | M72: M3 | O72: 組
A73: ="1-210 -"&L73 -> 1-210 -30 | B73: 1.2.5、1.3.3、1.4.2、1.5.2、1.6.7 | C73: 4,360.87 M3 | D73: =VLOOKUP(L73,'210'!A:T,2,0) -> 45615 | E73: =M73&M74 -> 95 M3 | F73: =D73 -> 45615 | H73: =N73&M74 -> 2713 M3 | I73: 合格 | J73: =IF(R73=0,"上 溢："&S73,IF(Q73=0,"任 泰："&R73&" "&"上 溢："&S73, "水利處："&Q73&" "&"任 泰："&R73&" "&"上 溢："&S73)) -> 任 泰：陳勇智 上 溢：周昱辰 | K73: 114年2月18日 任泰顧字 第1140218623號 | L73: =L71+1 -> 30 | M73: =VLOOKUP(L73,'210'!A:T,5,0) -> 95 | N73: =N71+M73 -> 2713 | O73: =VLOOKUP(L73,'210'!A:T,6,0) -> 1 | P73: =P71+O73 -> 35 | Q73: =VLOOKUP(L73,'210'!A:T,18,0) -> 0 | R73: =VLOOKUP(L73,'210'!A:T,19,0) -> 陳勇智 | S73: =VLOOKUP(L73,'210'!A:T,20,0) -> 周昱辰
B74: 結構用混凝土，預拌，210kgf/cm2 | D74: =M73&M74 -> 95 M3 | F74: =E73&CHAR(10)&"("&O73&O74&")" -> 95 M3 (1組) | H74: =H73&CHAR(10)&"("&P73&O74&")" -> 2713 M3 (35組) | M74: M3 | O74: 組
A75: 編制： | D75: 工地主任： | H75: 附註：
A76: 1.本表於施工期間監造單位依契約約定之「材料、設備送審文件、樣品一覽表」分類登錄，俾利控管材料檢驗使用情形。 2.監造單位應依監造計畫之材料設備抽驗程序及標準辦理材料設備抽驗，如有單項材料設備廠商自主檢查頻率未達 3次時，廠商在辦理自主檢查取樣前，應通知監造單位轉知考工單位會同廠商辦理抽驗（即前2次均由本處派員抽驗）。 3.本表規定檢驗頻率請依據工程契約或施工規範約定填寫。
A77: ="1-210 -"&L77 -> 1-210 -31 | B77: 1.2.5、1.3.3、1.4.2、1.5.2、1.6.7 | C77: 4,360.87 M3 | D77: =VLOOKUP(L77,'210'!A:T,2,0) -> 45619 | E77: =M77&M78 -> 95 M3 | F77: =D77 -> 45619 | G77: 1.每批次數量未達20 m3時，免檢驗。 2.每批次數量達20～100 m3檢驗1組。 3.每批次數量超過100 m3時，每100 m3加驗1組，餘數未達100m³亦加驗1組。 | H77: =N77&M78 -> 2808 M3 | I77: 合格 | J77: =IF(R77=0,"上 溢："&S77,IF(Q77=0,"任 泰："&R77&" "&"上 溢："&S77, "水利處："&Q77&" "&"任 泰："&R77&" "&"上 溢："&S77)) -> 任 泰：王淑慧 上 溢：周昱辰 | K77: 114年2月18日 任泰顧字 第1140218622號 | L77: =L73+1 -> 31 | M77: =VLOOKUP(L77,'210'!A:T,5,0) -> 95 | N77: =N73+M77 -> 2808 | O77: =VLOOKUP(L77,'210'!A:T,6,0) -> 1 | P77: =P73+O77 -> 36 | Q77: =VLOOKUP(L77,'210'!A:T,18,0) -> 0 | R77: =VLOOKUP(L77,'210'!A:T,19,0) -> 王淑慧 | S77: =VLOOKUP(L77,'210'!A:T,20,0) -> 周昱辰
B78: 結構用混凝土，預拌，210kgf/cm2 | D78: =M77&M78 -> 95 M3 | F78: =E77&CHAR(10)&"("&O77&O78&")" -> 95 M3 (1組) | H78: =H77&CHAR(10)&"("&P77&O78&")" -> 2808 M3 (36組) | M78: M3 | O78: 組
A79: ="1-210 -"&L79 -> 1-210 -32 | B79: 1.2.5、1.3.3、1.4.2、1.5.2、1.6.7 | C79: 4,360.87 M3 | D79: =VLOOKUP(L79,'210'!A:T,2,0) -> 45626 | E79: =M79&M80 -> 99 M3 | F79: =D79 -> 45626 | H79: =N79&M80 -> 2907 M3 | I79: 合格 | J79: =IF(R79=0,"上 溢："&S79,IF(Q79=0,"任 泰："&R79&" "&"上 溢："&S79, "水利處："&Q79&" "&"任 泰："&R79&" "&"上 溢："&S79)) -> 上 溢：周昱辰 | K79: 114年3月7日 任泰顧字 第1140307621號 | L79: =L77+1 -> 32 | M79: =VLOOKUP(L79,'210'!A:T,5,0) -> 99 | N79: =N77+M79 -> 2907 | O79: =VLOOKUP(L79,'210'!A:T,6,0) -> 1 | P79: =P77+O79 -> 37 | Q79: =VLOOKUP(L79,'210'!A:T,18,0) -> 0 | R79: =VLOOKUP(L79,'210'!A:T,19,0) -> 0 | S79: =VLOOKUP(L79,'210'!A:T,20,0) -> 周昱辰
B80: 結構用混凝土，預拌，210kgf/cm2 | D80: =M79&M80 -> 99 M3 | F80: =E79&CHAR(10)&"("&O79&O80&")" -> 99 M3 (1組) | H80: =H79&CHAR(10)&"("&P79&O80&")" -> 2907 M3 (37組) | M80: M3 | O80: 組
A81: ="1-210 -"&L81 -> 1-210 -33 | B81: 1.2.5、1.3.3、1.4.2、1.5.2、1.6.7 | C81: 4,360.87 M3 | D81: =VLOOKUP(L81,'210'!A:T,2,0) -> 45632 | E81: =M81&M82 -> 12 M3 | F81: =D81 -> 45632 | H81: =N81&M82 -> 2919 M3 | I81: =IF(K81="","","合格") -> 合格 | J81: =IF(R81=0,"上 溢："&S81,IF(Q81=0,"任 泰："&R81&" "&"上 溢："&S81, "水利處："&Q81&" "&"任 泰："&R81&" "&"上 溢："&S81)) -> 上 溢：周昱辰 | K81: 本次澆置數量 未達20M3 免取樣 | L81: =L79+1 -> 33 | M81: =VLOOKUP(L81,'210'!A:T,5,0) -> 12 | N81: =N79+M81 -> 2919 | O81: =VLOOKUP(L81,'210'!A:T,6,0) -> 0 | P81: =P79+O81 -> 37 | Q81: =VLOOKUP(L81,'210'!A:T,18,0) -> 0 | R81: =VLOOKUP(L81,'210'!A:T,19,0) -> 0 | S81: =VLOOKUP(L81,'210'!A:T,20,0) -> 周昱辰
B82: 結構用混凝土，預拌，210kgf/cm2 | D82: =M81&M82 -> 12 M3 | F82: =E81&CHAR(10)&"("&O81&O82&")" -> 12 M3 (0組) | H82: =H81&CHAR(10)&"("&P81&O82&")" -> 2919 M3 (37組) | K82: EF-1131206 混凝土 自主檢查表 | M82: M3 | O82: 組
A83: ="1-210 -"&L83 -> 1-210 -34 | B83: 1.2.5、1.3.3、1.4.2、1.5.2、1.6.7 | C83: 4,360.87 M3 | D83: =VLOOKUP(L83,'210'!A:T,2,0) -> 45639 | E83: =M83&M84 -> 68 M3 | F83: =D83 -> 45639 | H83: =N83&M84 -> 2987 M3 | I83: 合格 | J83: =IF(R83=0,"上 溢："&S83,IF(Q83=0,"任 泰："&R83&" "&"上 溢："&S83, "水利處："&Q83&" "&"任 泰："&R83&" "&"上 溢："&S83)) -> 水利處：李晏然 任 泰：陳勇智 上 溢：周昱辰 | K83: 114年3月7日 任泰顧字 第1140307622號 | L83: =L81+1 -> 34 | M83: =VLOOKUP(L83,'210'!A:T,5,0) -> 68 | N83: =N81+M83 -> 2987 | O83: =VLOOKUP(L83,'210'!A:T,6,0) -> 1 | P83: =P81+O83 -> 38 | Q83: =VLOOKUP(L83,'210'!A:T,18,0) -> 李晏然 | R83: =VLOOKUP(L83,'210'!A:T,19,0) -> 陳勇智 | S83: =VLOOKUP(L83,'210'!A:T,20,0) -> 周昱辰
B84: 結構用混凝土，預拌，210kgf/cm2 | D84: =M83&M84 -> 68 M3 | F84: =E83&CHAR(10)&"("&O83&O84&")" -> 68 M3 (1組) | H84: =H83&CHAR(10)&"("&P83&O84&")" -> 2987 M3 (38組) | M84: M3 | O84: 組
A85: ="1-210 -"&L85 -> 1-210 -35 | B85: 1.2.5、1.3.3、1.4.2、1.5.2、1.6.7 | C85: 4,360.87 M3 | D85: =VLOOKUP(L85,'210'!A:T,2,0) -> 45646 | E85: =M85&M86 -> 118 M3 | F85: =D85 -> 45646 | H85: =N85&M86 -> 3105 M3 | I85: 合格 | J85: =IF(R85=0,"上 溢："&S85,IF(Q85=0,"任 泰："&R85&" "&"上 溢："&S85, "水利處："&Q85&" "&"任 泰："&R85&" "&"上 溢："&S85)) -> 水利處：李晏然 任 泰：陳勇智 上 溢：周昱辰 | K85: 114年2月26日 任泰顧字 第1140226622號 | L85: =L83+1 -> 35 | M85: =VLOOKUP(L85,'210'!A:T,5,0) -> 118 | N85: =N83+M85 -> 3105 | O85: =VLOOKUP(L85,'210'!A:T,6,0) -> 2 | P85: =P83+O85 -> 40 | Q85: =VLOOKUP(L85,'210'!A:T,18,0) -> 李晏然 | R85: =VLOOKUP(L85,'210'!A:T,19,0) -> 陳勇智 | S85: =VLOOKUP(L85,'210'!A:T,20,0) -> 周昱辰
B86: 結構用混凝土，預拌，210kgf/cm2 | D86: =M85&M86 -> 118 M3 | F86: =E85&CHAR(10)&"("&O85&O86&")" -> 118 M3 (2組) | H86: =H85&CHAR(10)&"("&P85&O86&")" -> 3105 M3 (40組) | M86: M3 | O86: 組
A87: ="1-210 -"&L87 -> 1-210 -36 | B87: 1.2.5、1.3.3、1.4.2、1.5.2、1.6.7 | C87: 4,360.87 M3 | D87: =VLOOKUP(L87,'210'!A:T,2,0) -> 45699 | E87: =M87&M88 -> 45 M3 | F87: =D87 -> 45699 | H87: =N87&M88 -> 3150 M3 | I87: 合格 | J87: =IF(R87=0,"上 溢："&S87,IF(Q87=0,"任 泰："&R87&" "&"上 溢："&S87, "水利處："&Q87&" "&"任 泰："&R87&" "&"上 溢："&S87)) -> 任 泰：陳勇智 上 溢：康祐銓 | K87: 114年2月18日 任泰顧字 第1140326622號 | L87: =L85+1 -> 36 | M87: =VLOOKUP(L87,'210'!A:T,5,0) -> 45 | N87: =N85+M87 -> 3150 | O87: =VLOOKUP(L87,'210'!A:T,6,0) -> 1 | P87: =P85+O87 -> 41 | Q87: =VLOOKUP(L87,'210'!A:T,18,0) -> 0 | R87: =VLOOKUP(L87,'210'!A:T,19,0) -> 陳勇智 | S87: =VLOOKUP(L87,'210'!A:T,20,0) -> 康祐銓
B88: 結構用混凝土，預拌，210kgf/cm2 | D88: =M87&M88 -> 45 M3 | F88: =E87&CHAR(10)&"("&O87&O88&")" -> 45 M3 (1組) | H88: =H87&CHAR(10)&"("&P87&O88&")" -> 3150 M3 (41組) | M88: M3 | O88: 組
A89: 編制： | D89: 工地主任： | H89: 附註：
A90: 1.本表於施工期間監造單位依契約約定之「材料、設備送審文件、樣品一覽表」分類登錄，俾利控管材料檢驗使用情形。 2.監造單位應依監造計畫之材料設備抽驗程序及標準辦理材料設備抽驗，如有單項材料設備廠商自主檢查頻率未達 3次時，廠商在辦理自主檢查取樣前，應通知監造單位轉知考工單位會同廠商辦理抽驗（即前2次均由本處派員抽驗）。 3.本表規定檢驗頻率請依據工程契約或施工規範約定填寫。
A91: ="1-210 -"&L91 -> 1-210 -37 | B91: 1.2.5、1.3.3、1.4.2、1.5.2、1.6.7 | C91: 4,360.87 M3 | D91: =VLOOKUP(L91,'210'!A:T,2,0) -> 45700 | E91: =M91&M92 -> 45 M3 | F91: =D91 -> 45700 | G91: 1.每批次數量未達20 m3時，免檢驗。 2.每批次數量達20～100 m3檢驗1組。 3.每批次數量超過100 m3時，每100 m3加驗1組，餘數未達100m³亦加驗1組。 | H91: =N91&M92 -> 3195 M3 | I91: 合格 | J91: =IF(R91=0,"上 溢："&S91,IF(Q91=0,"任 泰："&R91&" "&"上 溢："&S91, "水利處："&Q91&" "&"任 泰："&R91&" "&"上 溢："&S91)) -> 上 溢：康祐銓 | K91: 114年2月18日 任泰顧字 第1140326623號 | L91: =L87+1 -> 37 | M91: =VLOOKUP(L91,'210'!A:T,5,0) -> 45 | N91: =N87+M91 -> 3195 | O91: =VLOOKUP(L91,'210'!A:T,6,0) -> 1 | P91: =P87+O91 -> 42 | Q91: =VLOOKUP(L91,'210'!A:T,18,0) -> 0 | R91: =VLOOKUP(L91,'210'!A:T,19,0) -> 0 | S91: =VLOOKUP(L91,'210'!A:T,20,0) -> 康祐銓
B92: 結構用混凝土，預拌，210kgf/cm2 | D92: =M91&M92 -> 45 M3 | F92: =E91&CHAR(10)&"("&O91&O92&")" -> 45 M3 (1組) | H92: =H91&CHAR(10)&"("&P91&O92&")" -> 3195 M3 (42組) | M92: M3 | O92: 組
A93: ="1-210 -"&L93 -> 1-210 -38 | B93: 1.2.5、1.3.3、1.4.2、1.5.2、1.6.7 | C93: 4,360.87 M3 | D93: =VLOOKUP(L93,'210'!A:T,2,0) -> 45703 | E93: =M93&M94 -> 18 M3 | F93: =D93 -> 45703 | H93: =N93&M94 -> 3213 M3 | I93: - | J93: =IF(R93=0,"上 溢："&S93,IF(Q93=0,"任 泰："&R93&" "&"上 溢："&S93, "水利處："&Q93&" "&"任 泰："&R93&" "&"上 溢："&S93)) -> 上 溢：康祐銓 | K93: 本次澆置數量 未達20M3 免取樣 | L93: =L91+1 -> 38 | M93: =VLOOKUP(L93,'210'!A:T,5,0) -> 18 | N93: =N91+M93 -> 3213 | O93: =VLOOKUP(L93,'210'!A:T,6,0) -> 0 | P93: =P91+O93 -> 42 | Q93: =VLOOKUP(L93,'210'!A:T,18,0) -> 0 | R93: =VLOOKUP(L93,'210'!A:T,19,0) -> 0 | S93: =VLOOKUP(L93,'210'!A:T,20,0) -> 康祐銓
B94: 結構用混凝土，預拌，210kgf/cm2 | D94: =M93&M94 -> 18 M3 | F94: =E93&CHAR(10)&"("&O93&O94&")" -> 18 M3 (0組) | H94: =H93&CHAR(10)&"("&P93&O94&")" -> 3213 M3 (42組) | K94: EF-1140215 混凝土 自主檢查表 | M94: M3 | O94: 組
A95: ="1-210 -"&L95 -> 1-210 -39 | B95: 1.2.5、1.3.3、1.4.2、1.5.2、1.6.7 | C95: 4,360.87 M3 | D95: =VLOOKUP(L95,'210'!A:T,2,0) -> 45706 | E95: =M95&M96 -> 18 M3 | F95: =D95 -> 45706 | H95: =N95&M96 -> 3231 M3 | I95: - | J95: =IF(R95=0,"上 溢："&S95,IF(Q95=0,"任 泰："&R95&" "&"上 溢："&S95, "水利處："&Q95&" "&"任 泰："&R95&" "&"上 溢："&S95)) -> 上 溢：康祐銓 | K95: 本次澆置數量 未達20M3 免取樣 | L95: =L93+1 -> 39 | M95: =VLOOKUP(L95,'210'!A:T,5,0) -> 18 | N95: =N93+M95 -> 3231 | O95: =VLOOKUP(L95,'210'!A:T,6,0) -> 0 | P95: =P93+O95 -> 42 | Q95: =VLOOKUP(L95,'210'!A:T,18,0) -> 0 | R95: =VLOOKUP(L95,'210'!A:T,19,0) -> 0 | S95: =VLOOKUP(L95,'210'!A:T,20,0) -> 康祐銓
B96: 結構用混凝土，預拌，210kgf/cm2 | D96: =M95&M96 -> 18 M3 | F96: =E95&CHAR(10)&"("&O95&O96&")" -> 18 M3 (0組) | H96: =H95&CHAR(10)&"("&P95&O96&")" -> 3231 M3 (42組) | K96: EF-1140218 混凝土 自主檢查表 | M96: M3 | O96: 組
A97: ="1-210 -"&L97 -> 1-210 -40 | B97: 1.2.5、1.3.3、1.4.2、1.5.2、1.6.7 | C97: 4,360.87 M3 | D97: =VLOOKUP(L97,'210'!A:T,2,0) -> 45707 | E97: =M97&M98 -> 25 M3 | F97: =D97 -> 45707 | H97: =N97&M98 -> 3256 M3 | I97: 合格 | J97: =IF(R97=0,"上 溢："&S97,IF(Q97=0,"任 泰："&R97&" "&"上 溢："&S97, "水利處："&Q97&" "&"任 泰："&R97&" "&"上 溢："&S97)) -> 上 溢：康祐銓 | K97: 114年4月7日 任泰顧字 第1140407623號 | L97: =L95+1 -> 40 | M97: =VLOOKUP(L97,'210'!A:T,5,0) -> 25 | N97: =N95+M97 -> 3256 | O97: =VLOOKUP(L97,'210'!A:T,6,0) -> 1 | P97: =P95+O97 -> 43 | Q97: =VLOOKUP(L97,'210'!A:T,18,0) -> 0 | R97: =VLOOKUP(L97,'210'!A:T,19,0) -> 0 | S97: =VLOOKUP(L97,'210'!A:T,20,0) -> 康祐銓
B98: 結構用混凝土，預拌，210kgf/cm2 | D98: =M97&M98 -> 25 M3 | F98: =E97&CHAR(10)&"("&O97&O98&")" -> 25 M3 (1組) | H98: =H97&CHAR(10)&"("&P97&O98&")" -> 3256 M3 (43組) | M98: M3 | O98: 組
A99: ="1-210 -"&L99 -> 1-210 -41 | B99: 1.2.5、1.3.3、1.4.2、1.5.2、1.6.7 | C99: 4,360.87 M3 | D99: =VLOOKUP(L99,'210'!A:T,2,0) -> 45709 | E99: =M99&M100 -> 24 M3 | F99: =D99 -> 45709 | H99: =N99&M100 -> 3280 M3 | I99: 合格 | J99: =IF(R99=0,"上 溢："&S99,IF(Q99=0,"任 泰："&R99&" "&"上 溢："&S99, "水利處："&Q99&" "&"任 泰："&R99&" "&"上 溢："&S99)) -> 上 溢：康祐銓 | K99: 114年4月7日 任泰顧字 第1140407624號 | L99: =L97+1 -> 41 | M99: =VLOOKUP(L99,'210'!A:T,5,0) -> 24 | N99: =N97+M99 -> 3280 | O99: =VLOOKUP(L99,'210'!A:T,6,0) -> 1 | P99: =P97+O99 -> 44 | Q99: =VLOOKUP(L99,'210'!A:T,18,0) -> 0 | R99: =VLOOKUP(L99,'210'!A:T,19,0) -> 0 | S99: =VLOOKUP(L99,'210'!A:T,20,0) -> 康祐銓
B100: 結構用混凝土，預拌，210kgf/cm2 | D100: =M99&M100 -> 24 M3 | F100: =E99&CHAR(10)&"("&O99&O100&")" -> 24 M3 (1組) | H100: =H99&CHAR(10)&"("&P99&O100&")" -> 3280 M3 (44組) | M100: M3 | O100: 組
...

Sheet 5-1.試驗280
A1: 臺北市政府工務局水利工程處
A2: 材料設備檢（試）驗管制總表
A3: ="工程名稱:"&'1.計畫'!A1:I1 -> 工程名稱:磺港溪再造C段護岸及步道整建工程（延壽橋至三合橋） | H3: 契約編號：H-111-03-112080
A4: 監造單位：任泰技術顧問有限公司 | H4: 施工廠商：上溢營造份有限公司
A5: 項次 | B5: 契約詳細表項次 | C5: 契約 數量 | D5: 進場 日期 | E5: 進場 數量 | F5: 抽樣 日期 | G5: 規定抽（取）樣頻率 | H5: 累積進場數量 | I5: 抽試驗結果 | J5: 抽驗及會同人員 | K5: 備註
B6: 材料(設備)名稱 | D6: 進場 數量 | F6: 抽樣 數量 | H6: 累積抽樣數量 | K6: (歸檔編號) | M6: 數量 | N6: 累計數量 | O6: 組數 | P6: 累計組數 | Q6: 水利處 | R6: 監造 | S6: 廠商
A7: ="1-280 -"&L7 -> 1-280 -1 | B7: 1.4.3 | C7: 709.04 M3 | D7: =VLOOKUP(L7,'280'!A:T,2,0) -> 45181 | E7: =M7&M8 -> 0 M3 | F7: =D7 -> 45181 | G7: 1.每批次數量未達20 m3時，免檢驗。 2.每批次數量達20～100 m3檢驗1組。 3.每批次數量超過100 m3時，每100 m3加驗1組，餘數未達100m³亦加驗1組。 | H7: =N7&M8 -> 0 M3 | I7: 合格 | J7: =IF(R7=0,"上 溢："&S7,IF(Q7=0,"任 泰："&R7&" "&"上 溢："&S7, "水利處："&Q7&" "&"任 泰："&R7&" "&"上 溢："&S7)) -> 水利處：李晏然 任 泰：游文圃 上 溢：康祐銓 | K7: 112年11月10日 112任泰顧字 第1110010001號 | L7: 1 | M7: =VLOOKUP(L7,'280'!A:T,5,0) -> 0 | N7: =M7 -> 0 | O7: =VLOOKUP(L7,'280'!A:T,6,0) -> 1 | P7: =O7 -> 1 | Q7: =VLOOKUP(L7,'280'!A:T,18,0) -> 李晏然 | R7: =VLOOKUP(L7,'280'!A:T,19,0) -> 游文圃 | S7: =VLOOKUP(L7,'280'!A:T,20,0) -> 康祐銓
B8: 結構用混凝土，預拌，280kgf/cm2 | D8: =M7&M8 -> 0 M3 | F8: =E7&CHAR(10)&"("&O7&O8&")" -> 0 M3 (1組) | H8: =H7&CHAR(10)&"("&P7&O8&")" -> 0 M3 (1組) | M8: M3 | O8: 組
A9: ="1-280 -"&L9 -> 1-280 -2 | B9: 1.4.3 | C9: 709.04 M3 | D9: =VLOOKUP(L9,'280'!A:T,2,0) -> 45563 | E9: =M9&M10 -> 72 M3 | F9: =D9 -> 45563 | H9: =N9&M10 -> 72 M3 | I9: 合格 | J9: =IF(R9=0,"上 溢："&S9,IF(Q9=0,"任 泰："&R9&" "&"上 溢："&S9, "水利處："&Q9&" "&"任 泰："&R9&" "&"上 溢："&S9)) -> 任 泰：陳勇智 上 溢：李建豪 | K9: 113年12月17日 113任泰顧字 第1131217624號 | L9: =L7+1 -> 2 | M9: =VLOOKUP(L9,'280'!A:T,5,0) -> 72 | N9: =N7+M9 -> 72 | O9: =VLOOKUP(L9,'280'!A:T,6,0) -> 1 | P9: =P7+O9 -> 2 | Q9: =VLOOKUP(L9,'280'!A:T,18,0) -> 0 | R9: =VLOOKUP(L9,'280'!A:T,19,0) -> 陳勇智 | S9: =VLOOKUP(L9,'280'!A:T,20,0) -> 李建豪
B10: 結構用混凝土，預拌，280kgf/cm2 | D10: =M9&M10 -> 72 M3 | F10: =E9&CHAR(10)&"("&O9&O10&")" -> 72 M3 (1組) | H10: =H9&CHAR(10)&"("&P9&O10&")" -> 72 M3 (2組) | M10: M3 | O10: 組
A11: ="1-280 -"&L11 -> 1-280 -3 | B11: 1.4.3 | C11: 709.04 M3 | D11: =VLOOKUP(L11,'280'!A:T,2,0) -> 45584 | E11: =M11&M12 -> 35 M3 | F11: =D11 -> 45584 | H11: =N11&M12 -> 107 M3 | I11: 合格 | J11: =IF(R11=0,"上 溢："&S11,IF(Q11=0,"任 泰："&R11&" "&"上 溢："&S11, "水利處："&Q11&" "&"任 泰："&R11&" "&"上 溢："&S11)) -> 任 泰：陳勇智 上 溢：李建豪 | K11: 113年12月18日 113任泰顧字 第1131218625號 | L11: =L9+1 -> 3 | M11: =VLOOKUP(L11,'280'!A:T,5,0) -> 35 | N11: =N9+M11 -> 107 | O11: =VLOOKUP(L11,'280'!A:T,6,0) -> 1 | P11: =P9+O11 -> 3 | Q11: =VLOOKUP(L11,'280'!A:T,18,0) -> 0 | R11: =VLOOKUP(L11,'280'!A:T,19,0) -> 陳勇智 | S11: =VLOOKUP(L11,'280'!A:T,20,0) -> 李建豪
B12: 結構用混凝土，預拌，280kgf/cm2 | D12: =M11&M12 -> 35 M3 | F12: =E11&CHAR(10)&"("&O11&O12&")" -> 35 M3 (1組) | H12: =H11&CHAR(10)&"("&P11&O12&")" -> 107 M3 (3組) | M12: M3 | O12: 組
A13: ="1-280 -"&L13 -> 1-280 -4 | B13: 1.4.3 | C13: 709.04 M3 | D13: =VLOOKUP(L13,'280'!A:T,2,0) -> 45649 | E13: =M13&M14 -> 8 M3 | F13: =D13 -> 45649 | H13: =N13&M14 -> 115 M3 | I13: - | J13: =IF(R13=0,"上 溢："&S13,IF(Q13=0,"任 泰："&R13&" "&"上 溢："&S13, "水利處："&Q13&" "&"任 泰："&R13&" "&"上 溢："&S13)) -> 上 溢：周昱辰 | K13: 本次澆置數量 未達20M3 免取樣 | L13: =L11+1 -> 4 | M13: =VLOOKUP(L13,'280'!A:T,5,0) -> 8 | N13: =N11+M13 -> 115 | O13: =VLOOKUP(L13,'280'!A:T,6,0) -> 0 | P13: =P11+O13 -> 3 | Q13: =VLOOKUP(L13,'280'!A:T,18,0) -> 0 | R13: =VLOOKUP(L13,'280'!A:T,19,0) -> 0 | S13: =VLOOKUP(L13,'280'!A:T,20,0) -> 周昱辰
B14: 結構用混凝土，預拌，280kgf/cm2 | D14: =M13&M14 -> 8 M3 | F14: =E13&CHAR(10)&"("&O13&O14&")" -> 8 M3 (0組) | H14: =H13&CHAR(10)&"("&P13&O14&")" -> 115 M3 (3組) | K14: EF-1131226 混凝土 自主檢查表 | M14: M3 | O14: 組
L16: =L13+1 -> 5 | M16: =VLOOKUP(L16,'280'!A:T,5,0) -> #N/A | N16: =#REF!+M16 -> #REF! | O16: =VLOOKUP(L16,'280'!A:T,6,0) -> #N/A | P16: =#REF!+O16 -> #REF! | Q16: =VLOOKUP(L16,'280'!A:T,18,0) -> #N/A | R16: =VLOOKUP(L16,'280'!A:T,19,0) -> #N/A | S16: =VLOOKUP(L16,'280'!A:T,20,0) -> #N/A
A17: 編制： | D17: 工地主任： | H17: 附註：
A18: 1.本表於施工期間監造單位依契約約定之「材料、設備送審文件、樣品一覽表」分類登錄，俾利控管材料檢驗使用情形。 2.監造單位應依監造計畫之材料設備抽驗程序及標準辦理材料設備抽驗，如有單項材料設備廠商自主檢查頻率未達 3次時，廠商在辦理自主檢查取樣前，應通知監造單位轉知考工單位會同廠商辦理抽驗（即前2次均由本處派員抽驗）。 3.本表規定檢驗頻率請依據工程契約或施工規範約定填寫。
A26: 註：1.本表單於開工後應由廠商檢討提出預定進場日期，並由監造單位會同廠商定期檢討辦理情形。 2.材料或設備之現場抽樣檢驗項目(例如：外觀、尺度、型號、運轉功能等)，及抽樣送實驗室試驗項目(例如：混凝土高壓磚 抗壓強度、鋼筋抗拉強度及化學性質等)均應納入本表管制。 3.本表單格式僅提供參考，使用單位可依個別需要調整。

Sheet 5-1.420
A1: 臺北市政府工務局水利工程處
A2: 材料設備檢（試）驗管制總表
A3: ="工程名稱:"&'1.計畫'!A1:I1 -> 工程名稱:磺港溪再造C段護岸及步道整建工程（延壽橋至三合橋） | H3: 契約編號：H-111-03-112080
A4: 監造單位：任泰技術顧問有限公司 | H4: 施工廠商：上溢營造份有限公司
A5: 項次 | B5: 契約詳細表項次 | C5: 契約 數量 | D5: 進場 日期 | E5: 進場 數量 | F5: 抽樣 日期 | G5: 規定抽（取）樣頻率 | H5: 累積進場數量 | I5: 抽試驗結果 | J5: 抽驗及會同人員 | K5: 備註
B6: 材料(設備)名稱 | D6: 進場 數量 | F6: 抽樣 數量 | H6: 累積抽樣數量 | K6: (歸檔編號) | M6: 數量 | N6: 累計數量 | O6: 組數 | P6: 累計組數 | Q6: 水利處 | R6: 監造 | S6: 廠商
A7: ="1-420-"&L7 -> 1-420-1 | B7: - | C7: 0 M3 | D7: =VLOOKUP(L7,'420'!A:T,2,0) -> 45609 | E7: =M7&M8 -> 2 M3 | F7: =D7 -> 45609 | G7: 每日澆置量在1m3以下時取樣1次，每增加1m3增加取樣1次，每次必須取3個試體。 | H7: =N7&M8 -> 2 M3 | I7: 合格 | J7: =IF(R7=0,"上 溢："&S7,IF(Q7=0,"任 泰："&R7&" "&"上 溢："&S7, "水利處："&Q7&" "&"任 泰："&R7&" "&"上 溢："&S7)) -> 水利處：李晏然 任 泰：王淑慧 上 溢：張志禕 | K7: 114年2月19日 任泰顧字 第1140219627號 | L7: 1 | M7: =VLOOKUP(L7,'420'!A:T,5,0) -> 2 | N7: =M7 -> 2 | O7: =VLOOKUP(L7,'420'!A:T,6,0) -> 2 | P7: =O7 -> 2 | Q7: =VLOOKUP(L7,'420'!A:T,18,0) -> 李晏然 | R7: =VLOOKUP(L7,'420'!A:T,19,0) -> 王淑慧 | S7: =VLOOKUP(L7,'420'!A:T,20,0) -> 張志禕
B8: 無收縮混凝土，抗壓強度420 kgf/cm2 | D8: =M7&M8 -> 2 M3 | F8: =E7&CHAR(10)&"("&O7&O8&")" -> 2 M3 (2組) | H8: =H7&CHAR(10)&"("&P7&O8&")" -> 2 M3 (2組) | M8: M3 | O8: 組
A9: ="1-420-"&L9 -> 1-420-2 | B9: - | C9: 0 M3 | D9: =VLOOKUP(L9,'420'!A:T,2,0) -> 45609 | E9: =M9&M10 -> 11 M3 | F9: =D9 -> 45609 | H9: =N9&M10 -> 13 M3 | I9: 合格 | J9: =IF(R9=0,"上 溢："&S9,IF(Q9=0,"任 泰："&R9&" "&"上 溢："&S9, "水利處："&Q9&" "&"任 泰："&R9&" "&"上 溢："&S9)) -> 任 泰：王淑慧 上 溢：張志禕 | K9: 114年2月19日 任泰顧字 第1140219626號 | L9: =L7+1 -> 2 | M9: =VLOOKUP(L9,'420'!A:T,5,0) -> 11 | N9: =N7+M9 -> 13 | O9: =VLOOKUP(L9,'420'!A:T,6,0) -> 11 | P9: =P7+O9 -> 13 | Q9: =VLOOKUP(L9,'420'!A:T,18,0) -> 0 | R9: =VLOOKUP(L9,'420'!A:T,19,0) -> 王淑慧 | S9: =VLOOKUP(L9,'420'!A:T,20,0) -> 張志禕
B10: 無收縮混凝土，抗壓強度420 kgf/cm2 | D10: =M9&M10 -> 11 M3 | F10: =E9&CHAR(10)&"("&O9&O10&")" -> 11 M3 (11組) | H10: =H9&CHAR(10)&"("&P9&O10&")" -> 13 M3 (13組) | M10: M3 | O10: 組
A11: 編制： | D11: 工地主任： | H11: 附註：
A12: 1.本表於施工期間監造單位依契約約定之「材料、設備送審文件、樣品一覽表」分類登錄，俾利控管材料檢驗使用情形。 2.監造單位應依監造計畫之材料設備抽驗程序及標準辦理材料設備抽驗，如有單項材料設備廠商自主檢查頻率未達 3次時，廠商在辦理自主檢查取樣前，應通知監造單位轉知考工單位會同廠商辦理抽驗（即前2次均由本處派員抽驗）。 3.本表規定檢驗頻率請依據工程契約或施工規範約定填寫。
A30: 註：1.本表單於開工後應由廠商檢討提出預定進場日期，並由監造單位會同廠商定期檢討辦理情形。 2.材料或設備之現場抽樣檢驗項目(例如：外觀、尺度、型號、運轉功能等)，及抽樣送實驗室試驗項目(例如：混凝土高壓磚 抗壓強度、鋼筋抗拉強度及化學性質等)均應納入本表管制。 3.本表單格式僅提供參考，使用單位可依個別需要調整。

Sheet 5-1.試驗280W
A1: 臺北市政府工務局水利工程處
A2: 材料設備檢（試）驗管制總表
A3: ="工程名稱:"&'1.計畫'!A1:I1 -> 工程名稱:磺港溪再造C段護岸及步道整建工程（延壽橋至三合橋） | H3: 契約編號：H-111-03-112080
A4: 監造單位：任泰技術顧問有限公司 | H4: 施工廠商：上溢營造份有限公司
A5: 項次 | B5: 契約詳細表項次 | C5: 契約 數量 | D5: 進場 日期 | E5: 進場 數量 | F5: 抽樣 日期 | G5: 規定抽（取）樣頻率 | H5: 累積進場數量 | I5: 抽試驗結果 | J5: 抽驗及會同人員 | K5: 備註
B6: 材料(設備)名稱 | D6: 進場 數量 | F6: 抽樣 數量 | H6: 累積抽樣數量 | K6: (歸檔編號) | M6: 數量 | N6: 累計數量 | O6: 組數 | P6: 累計組數 | Q6: 水利處 | R6: 監造 | S6: 廠商
A7: ="1-280W-"&L7 -> 1-280W-1 | B7: 1.3.20 | C7: 883.62 M3 | D7: =VLOOKUP(L7,'280W'!A:T,2,0) -> 45181 | E7: =M7&M8 -> 0 M3 | F7: =D7 -> 45181 | G7: 1.每批次數量未達20 m3時，免檢驗。 2.每批次數量達20～100 m3檢驗1組。 3.每批次數量超過100 m3時，每100 m3加驗1組，餘數未達100m³亦加驗1組。 | H7: =N7&M8 -> 0 M3 | I7: 合格 | J7: =IF(R7=0,"上 溢："&S7,IF(Q7=0,"任 泰："&R7&" "&"上 溢："&S7, "水利處："&Q7&" "&"任 泰："&R7&" "&"上 溢："&S7)) -> 水利處：李晏然 任 泰：游文圃 上 溢：康祐銓 | K7: 112年11月10日 112任泰顧字 第1110010001號 | L7: 1 | M7: =VLOOKUP(L7,'280W'!A:T,5,0) -> 0 | N7: =M7 -> 0 | O7: =VLOOKUP(L7,'280W'!A:T,6,0) -> 1 | P7: =O7 -> 1 | Q7: =VLOOKUP(L7,'280W'!A:T,18,0) -> 李晏然 | R7: =VLOOKUP(L7,'280W'!A:T,19,0) -> 游文圃 | S7: =VLOOKUP(L7,'280W'!A:T,20,0) -> 康祐銓
B8: 結構用混凝土，(預拌，水中)，280kgf/cm2 | D8: =M7&M8 -> 0 M3 | F8: =E7&CHAR(10)&"("&O7&O8&")" -> 0 M3 (1組) | H8: =H7&CHAR(10)&"("&P7&O8&")" -> 0 M3 (1組) | M8: M3 | O8: 組
A9: ="1-280W-"&L9 -> 1-280W-2 | B9: 1.3.20 | C9: 883.62 M3 | D9: =VLOOKUP(L9,'280W'!A:T,2,0) -> 45289 | E9: =M9&M10 -> 58 M3 | F9: =D9 -> 45289 | H9: =N9&M10 -> 58 M3 | I9: 合格 | J9: =IF(R9=0,"上 溢："&S9,IF(Q9=0,"任 泰："&R9&" "&"上 溢："&S9, "水利處："&Q9&" "&"任 泰："&R9&" "&"上 溢："&S9)) -> 任 泰：游文圃 上 溢：康祐銓 | K9: 113年3月4日 113任泰顧字 第0304010010號 | L9: =L7+1 -> 2 | M9: =VLOOKUP(L9,'280W'!A:T,5,0) -> 58 | N9: =N7+M9 -> 58 | O9: =VLOOKUP(L9,'280W'!A:T,6,0) -> 1 | P9: =P7+O9 -> 2 | Q9: =VLOOKUP(L9,'280W'!A:T,18,0) -> 0 | R9: =VLOOKUP(L9,'280W'!A:T,19,0) -> 游文圃 | S9: =VLOOKUP(L9,'280W'!A:T,20,0) -> 康祐銓
B10: 結構用混凝土，(預拌，水中)，280kgf/cm2 | D10: =M9&M10 -> 58 M3 | F10: =E9&CHAR(10)&"("&O9&O10&")" -> 58 M3 (1組) | H10: =H9&CHAR(10)&"("&P9&O10&")" -> 58 M3 (2組) | M10: M3 | O10: 組
A11: ="1-280W-"&L11 -> 1-280W-3 | B11: 1.3.20 | C11: 883.62 M3 | D11: =VLOOKUP(L11,'280W'!A:T,2,0) -> 45296 | E11: =M11&M12 -> 58 M3 | F11: =D11 -> 45296 | H11: =N11&M12 -> 116 M3 | I11: 合格 | J11: =IF(R11=0,"上 溢："&S11,IF(Q11=0,"任 泰："&R11&" "&"上 溢："&S11, "水利處："&Q11&" "&"任 泰："&R11&" "&"上 溢："&S11)) -> 任 泰：游文圃 上 溢：康祐銓 | K11: 113年3月6日 113任泰顧字 第0306010010號 | L11: =L9+1 -> 3 | M11: =VLOOKUP(L11,'280W'!A:T,5,0) -> 58 | N11: =N9+M11 -> 116 | O11: =VLOOKUP(L11,'280W'!A:T,6,0) -> 1 | P11: =P9+O11 -> 3 | Q11: =VLOOKUP(L11,'280W'!A:T,18,0) -> 0 | R11: =VLOOKUP(L11,'280W'!A:T,19,0) -> 游文圃 | S11: =VLOOKUP(L11,'280W'!A:T,20,0) -> 康祐銓
B12: 結構用混凝土，(預拌，水中)，280kgf/cm2 | D12: =M11&M12 -> 58 M3 | F12: =E11&CHAR(10)&"("&O11&O12&")" -> 58 M3 (1組) | H12: =H11&CHAR(10)&"("&P11&O12&")" -> 116 M3 (3組) | M12: M3 | O12: 組
A13: ="1-280W-"&L13 -> 1-280W-4 | B13: 1.3.20 | C13: 883.62 M3 | D13: =VLOOKUP(L13,'280W'!A:T,2,0) -> 45300 | E13: =M13&M14 -> 58 M3 | F13: =D13 -> 45300 | H13: =N13&M14 -> 174 M3 | I13: 合格 | J13: =IF(R13=0,"上 溢："&S13,IF(Q13=0,"任 泰："&R13&" "&"上 溢："&S13, "水利處："&Q13&" "&"任 泰："&R13&" "&"上 溢："&S13)) -> 任 泰：游文圃 上 溢：郭冠廷 | K13: 113年3月7日 113任泰顧字 第0307010010號 | L13: =L11+1 -> 4 | M13: =VLOOKUP(L13,'280W'!A:T,5,0) -> 58 | N13: =N11+M13 -> 174 | O13: =VLOOKUP(L13,'280W'!A:T,6,0) -> 1 | P13: =P11+O13 -> 4 | Q13: =VLOOKUP(L13,'280W'!A:T,18,0) -> 0 | R13: =VLOOKUP(L13,'280W'!A:T,19,0) -> 游文圃 | S13: =VLOOKUP(L13,'280W'!A:T,20,0) -> 郭冠廷
B14: 結構用混凝土，(預拌，水中)，280kgf/cm2 | D14: =M13&M14 -> 58 M3 | F14: =E13&CHAR(10)&"("&O13&O14&")" -> 58 M3 (1組) | H14: =H13&CHAR(10)&"("&P13&O14&")" -> 174 M3 (4組) | M14: M3 | O14: 組
A15: ="1-280W-"&L15 -> 1-280W-5 | B15: 1.3.20 | C15: 883.62 M3 | D15: =VLOOKUP(L15,'280W'!A:T,2,0) -> 45303 | E15: =M15&M16 -> 58 M3 | F15: =D15 -> 45303 | H15: =N15&M16 -> 232 M3 | I15: 合格 | J15: =IF(R15=0,"上 溢："&S15,IF(Q15=0,"任 泰："&R15&" "&"上 溢："&S15, "水利處："&Q15&" "&"任 泰："&R15&" "&"上 溢："&S15)) -> 水利處：李晏然 任 泰：游文圃 上 溢：郭冠廷 | K15: 113年3月7日 113任泰顧字 第0308010010號 | L15: =L13+1 -> 5 | M15: =VLOOKUP(L15,'280W'!A:T,5,0) -> 58 | N15: =N13+M15 -> 232 | O15: =VLOOKUP(L15,'280W'!A:T,6,0) -> 1 | P15: =P13+O15 -> 5 | Q15: =VLOOKUP(L15,'280W'!A:T,18,0) -> 李晏然 | R15: =VLOOKUP(L15,'280W'!A:T,19,0) -> 游文圃 | S15: =VLOOKUP(L15,'280W'!A:T,20,0) -> 郭冠廷
B16: 結構用混凝土，(預拌，水中)，280kgf/cm2 | D16: =M15&M16 -> 58 M3 | F16: =E15&CHAR(10)&"("&O15&O16&")" -> 58 M3 (1組) | H16: =H15&CHAR(10)&"("&P15&O16&")" -> 232 M3 (5組) | M16: M3 | O16: 組
A17: 編制： | D17: 工地主任： | H17: 附註：
A18: 1.本表於施工期間監造單位依契約約定之「材料、設備送審文件、樣品一覽表」分類登錄，俾利控管材料檢驗使用情形。 2.監造單位應依監造計畫之材料設備抽驗程序及標準辦理材料設備抽驗，如有單項材料設備廠商自主檢查頻率未達 3次時，廠商在辦理自主檢查取樣前，應通知監造單位轉知考工單位會同廠商辦理抽驗（即前2次均由本處派員抽驗）。 3.本表規定檢驗頻率請依據工程契約或施工規範約定填寫。
A19: ="1-280W-"&L19 -> 1-280W-6 | B19: 1.3.20 | C19: 883.62 M3 | D19: =VLOOKUP(L19,'280W'!A:T,2,0) -> 45309 | E19: =M19&M20 -> 58 M3 | F19: =D19 -> 45309 | G19: 1.每批次數量未達20 m3時，免檢驗。 2.每批次數量達20～100 m3檢驗1組。 3.每批次數量超過100 m3時，每100 m3加驗1組，餘數未達100m³亦加驗1組。 | H19: =N19&M20 -> 290 M3 | I19: 合格 | J19: =IF(R19=0,"上 溢："&S19,IF(Q19=0,"任 泰："&R19&" "&"上 溢："&S19, "水利處："&Q19&" "&"任 泰："&R19&" "&"上 溢："&S19)) -> 任 泰：游文圃 上 溢：郭冠廷 | K19: 113年3月7日 113任泰顧字 第0311010010號 | L19: =L15+1 -> 6 | M19: =VLOOKUP(L19,'280W'!A:T,5,0) -> 58 | N19: =N15+M19 -> 290 | O19: =VLOOKUP(L19,'280W'!A:T,6,0) -> 1 | P19: =P15+O19 -> 6 | Q19: =VLOOKUP(L19,'280W'!A:T,18,0) -> 0 | R19: =VLOOKUP(L19,'280W'!A:T,19,0) -> 游文圃 | S19: =VLOOKUP(L19,'280W'!A:T,20,0) -> 郭冠廷
B20: 結構用混凝土，(預拌，水中)，280kgf/cm2 | D20: =M19&M20 -> 58 M3 | F20: =E19&CHAR(10)&"("&O19&O20&")" -> 58 M3 (1組) | H20: =H19&CHAR(10)&"("&P19&O20&")" -> 290 M3 (6組) | M20: M3 | O20: 組
A21: ="1-280W-"&L21 -> 1-280W-7 | B21: 1.3.20 | C21: 883.62 M3 | D21: =VLOOKUP(L21,'280W'!A:T,2,0) -> 45311 | E21: =M21&M22 -> 58 M3 | F21: =D21 -> 45311 | H21: =N21&M22 -> 348 M3 | I21: 合格 | J21: =IF(R21=0,"上 溢："&S21,IF(Q21=0,"任 泰："&R21&" "&"上 溢："&S21, "水利處："&Q21&" "&"任 泰："&R21&" "&"上 溢："&S21)) -> 任 泰：白博文 上 溢：郭冠廷 | K21: 113年3月12日 113任泰顧字 第1130312021號 | L21: =L19+1 -> 7 | M21: =VLOOKUP(L21,'280W'!A:T,5,0) -> 58 | N21: =N19+M21 -> 348 | O21: =VLOOKUP(L21,'280W'!A:T,6,0) -> 1 | P21: =P19+O21 -> 7 | Q21: =VLOOKUP(L21,'280W'!A:T,18,0) -> 0 | R21: =VLOOKUP(L21,'280W'!A:T,19,0) -> 白博文 | S21: =VLOOKUP(L21,'280W'!A:T,20,0) -> 郭冠廷
B22: 結構用混凝土，(預拌，水中)，280kgf/cm2 | D22: =M21&M22 -> 58 M3 | F22: =E21&CHAR(10)&"("&O21&O22&")" -> 58 M3 (1組) | H22: =H21&CHAR(10)&"("&P21&O22&")" -> 348 M3 (7組) | M22: M3 | O22: 組
A23: ="1-280W-"&L23 -> 1-280W-8 | B23: 1.3.20 | C23: 883.62 M3 | D23: =VLOOKUP(L23,'280W'!A:T,2,0) -> 45314 | E23: =M23&M24 -> 58 M3 | F23: =D23 -> 45314 | H23: =N23&M24 -> 406 M3 | I23: 合格 | J23: =IF(R23=0,"上 溢："&S23,IF(Q23=0,"任 泰："&R23&" "&"上 溢："&S23, "水利處："&Q23&" "&"任 泰："&R23&" "&"上 溢："&S23)) -> 任 泰：白博文 上 溢：郭冠廷 | K23: 113年3月20日 113任泰顧字 第0320010010號 | L23: =L21+1 -> 8 | M23: =VLOOKUP(L23,'280W'!A:T,5,0) -> 58 | N23: =N21+M23 -> 406 | O23: =VLOOKUP(L23,'280W'!A:T,6,0) -> 1 | P23: =P21+O23 -> 8 | Q23: =VLOOKUP(L23,'280W'!A:T,18,0) -> 0 | R23: =VLOOKUP(L23,'280W'!A:T,19,0) -> 白博文 | S23: =VLOOKUP(L23,'280W'!A:T,20,0) -> 郭冠廷
B24: 結構用混凝土，(預拌，水中)，280kgf/cm2 | D24: =M23&M24 -> 58 M3 | F24: =E23&CHAR(10)&"("&O23&O24&")" -> 58 M3 (1組) | H24: =H23&CHAR(10)&"("&P23&O24&")" -> 406 M3 (8組) | M24: M3 | O24: 組
A25: ="1-280W-"&L25 -> 1-280W-9 | B25: 1.3.20 | C25: 883.62 M3 | D25: =VLOOKUP(L25,'280W'!A:T,2,0) -> 45320 | E25: =M25&M26 -> 58 M3 | F25: =D25 -> 45320 | H25: =N25&M26 -> 464 M3 | I25: 合格 | J25: =IF(R25=0,"上 溢："&S25,IF(Q25=0,"任 泰："&R25&" "&"上 溢："&S25, "水利處："&Q25&" "&"任 泰："&R25&" "&"上 溢："&S25)) -> 任 泰：白博文 上 溢：郭冠廷 | K25: 113年3月20日 113任泰顧字 第0320010011號 | L25: =L23+1 -> 9 | M25: =VLOOKUP(L25,'280W'!A:T,5,0) -> 58 | N25: =N23+M25 -> 464 | O25: =VLOOKUP(L25,'280W'!A:T,6,0) -> 1 | P25: =P23+O25 -> 9 | Q25: =VLOOKUP(L25,'280W'!A:T,18,0) -> 0 | R25: =VLOOKUP(L25,'280W'!A:T,19,0) -> 白博文 | S25: =VLOOKUP(L25,'280W'!A:T,20,0) -> 郭冠廷
B26: 結構用混凝土，(預拌，水中)，280kgf/cm2 | D26: =M25&M26 -> 58 M3 | F26: =E25&CHAR(10)&"("&O25&O26&")" -> 58 M3 (1組) | H26: =H25&CHAR(10)&"("&P25&O26&")" -> 464 M3 (9組) | M26: M3 | O26: 組
A27: ="1-280W-"&L27 -> 1-280W-10 | B27: 1.3.20 | C27: 883.62 M3 | D27: =VLOOKUP(L27,'280W'!A:T,2,0) -> 45321 | E27: =M27&M28 -> 41 M3 | F27: =D27 -> 45321 | H27: =N27&M28 -> 505 M3 | I27: 合格 | J27: =IF(R27=0,"上 溢："&S27,IF(Q27=0,"任 泰："&R27&" "&"上 溢："&S27, "水利處："&Q27&" "&"任 泰："&R27&" "&"上 溢："&S27)) -> 任 泰：白博文 上 溢：郭冠廷 | K27: 113年3月20日 113任泰顧字 第0320010012號 | L27: =L25+1 -> 10 | M27: =VLOOKUP(L27,'280W'!A:T,5,0) -> 41 | N27: =N25+M27 -> 505 | O27: =VLOOKUP(L27,'280W'!A:T,6,0) -> 1 | P27: =P25+O27 -> 10 | Q27: =VLOOKUP(L27,'280W'!A:T,18,0) -> 0 | R27: =VLOOKUP(L27,'280W'!A:T,19,0) -> 白博文 | S27: =VLOOKUP(L27,'280W'!A:T,20,0) -> 郭冠廷
B28: 結構用混凝土，(預拌，水中)，280kgf/cm2 | D28: =M27&M28 -> 41 M3 | F28: =E27&CHAR(10)&"("&O27&O28&")" -> 41 M3 (1組) | H28: =H27&CHAR(10)&"("&P27&O28&")" -> 505 M3 (10組) | M28: M3 | O28: 組
A29: 編制： | D29: 工地主任： | H29: 附註：
A30: 1.本表於施工期間監造單位依契約約定之「材料、設備送審文件、樣品一覽表」分類登錄，俾利控管材料檢驗使用情形。 2.監造單位應依監造計畫之材料設備抽驗程序及標準辦理材料設備抽驗，如有單項材料設備廠商自主檢查頻率未達 3次時，廠商在辦理自主檢查取樣前，應通知監造單位轉知考工單位會同廠商辦理抽驗（即前2次均由本處派員抽驗）。 3.本表規定檢驗頻率請依據工程契約或施工規範約定填寫。
A31: ="1-280W-"&L31 -> 1-280W-11 | B31: 1.3.20 | C31: 883.62 M3 | D31: =VLOOKUP(L31,'280W'!A:T,2,0) -> 45323 | E31: =M31&M32 -> 62 M3 | F31: =D31 -> 45323 | G31: 1.每批次數量未達20 m3時，免檢驗。 2.每批次數量達20～100 m3檢驗1組。 3.每批次數量超過100 m3時，每100 m3加驗1組，餘數未達100m³亦加驗1組。 | H31: =N31&M32 -> 567 M3 | I31: 合格 | J31: =IF(R31=0,"上 溢："&S31,IF(Q31=0,"任 泰："&R31&" "&"上 溢："&S31, "水利處："&Q31&" "&"任 泰："&R31&" "&"上 溢："&S31)) -> 任 泰：白博文 上 溢：郭冠廷 | K31: 113年4月11日 113任泰顧字 第0411010011號 | L31: =L27+1 -> 11 | M31: =VLOOKUP(L31,'280W'!A:T,5,0) -> 62 | N31: =N27+M31 -> 567 | O31: =VLOOKUP(L31,'280W'!A:T,6,0) -> 1 | P31: =P27+O31 -> 11 | Q31: =VLOOKUP(L31,'280W'!A:T,18,0) -> 0 | R31: =VLOOKUP(L31,'280W'!A:T,19,0) -> 白博文 | S31: =VLOOKUP(L31,'280W'!A:T,20,0) -> 郭冠廷
B32: 結構用混凝土，(預拌，水中)，280kgf/cm2 | D32: =M31&M32 -> 62 M3 | F32: =E31&CHAR(10)&"("&O31&O32&")" -> 62 M3 (1組) | H32: =H31&CHAR(10)&"("&P31&O32&")" -> 567 M3 (11組) | M32: M3 | O32: 組
A33: ="1-280W-"&L33 -> 1-280W-12 | B33: 1.3.20 | C33: 883.62 M3 | D33: =VLOOKUP(L33,'280W'!A:T,2,0) -> 45401 | E33: =M33&M34 -> 58 M3 | F33: =D33 -> 45401 | H33: =N33&M34 -> 625 M3 | I33: 合格 | J33: =IF(R33=0,"上 溢："&S33,IF(Q33=0,"任 泰："&R33&" "&"上 溢："&S33, "水利處："&Q33&" "&"任 泰："&R33&" "&"上 溢："&S33)) -> 任 泰：白博文 上 溢：郭冠廷 | K33: 113年5月24日 113任泰顧字 第0524010019號 | L33: =L31+1 -> 12 | M33: =VLOOKUP(L33,'280W'!A:T,5,0) -> 58 | N33: =N31+M33 -> 625 | O33: =VLOOKUP(L33,'280W'!A:T,6,0) -> 1 | P33: =P31+O33 -> 12 | Q33: =VLOOKUP(L33,'280W'!A:T,18,0) -> 0 | R33: =VLOOKUP(L33,'280W'!A:T,19,0) -> 白博文 | S33: =VLOOKUP(L33,'280W'!A:T,20,0) -> 郭冠廷
B34: 結構用混凝土，(預拌，水中)，280kgf/cm2 | D34: =M33&M34 -> 58 M3 | F34: =E33&CHAR(10)&"("&O33&O34&")" -> 58 M3 (1組) | H34: =H33&CHAR(10)&"("&P33&O34&")" -> 625 M3 (12組) | M34: M3 | O34: 組
A35: ="1-280W-"&L35 -> 1-280W-13 | B35: 1.3.20 | C35: 883.62 M3 | D35: =VLOOKUP(L35,'280W'!A:T,2,0) -> 45404 | E35: =M35&M36 -> 58 M3 | F35: =D35 -> 45404 | H35: =N35&M36 -> 683 M3 | I35: 合格 | J35: =IF(R35=0,"上 溢："&S35,IF(Q35=0,"任 泰："&R35&" "&"上 溢："&S35, "水利處："&Q35&" "&"任 泰："&R35&" "&"上 溢："&S35)) -> 任 泰：白博文 上 溢：郭冠廷 | K35: 113年5月24日 113任泰顧字 第0524010018號 | L35: =L33+1 -> 13 | M35: =VLOOKUP(L35,'280W'!A:T,5,0) -> 58 | N35: =N33+M35 -> 683 | O35: =VLOOKUP(L35,'280W'!A:T,6,0) -> 1 | P35: =P33+O35 -> 13 | Q35: =VLOOKUP(L35,'280W'!A:T,18,0) -> 0 | R35: =VLOOKUP(L35,'280W'!A:T,19,0) -> 白博文 | S35: =VLOOKUP(L35,'280W'!A:T,20,0) -> 郭冠廷
B36: 結構用混凝土，(預拌，水中)，280kgf/cm2 | D36: =M35&M36 -> 58 M3 | F36: =E35&CHAR(10)&"("&O35&O36&")" -> 58 M3 (1組) | H36: =H35&CHAR(10)&"("&P35&O36&")" -> 683 M3 (13組) | M36: M3 | O36: 組
A37: ="1-280W-"&L37 -> 1-280W-14 | B37: 1.3.20 | C37: 883.62 M3 | D37: =VLOOKUP(L37,'280W'!A:T,2,0) -> 45407 | E37: =M37&M38 -> 58 M3 | F37: =D37 -> 45407 | H37: =N37&M38 -> 741 M3 | I37: 合格 | J37: =IF(R37=0,"上 溢："&S37,IF(Q37=0,"任 泰："&R37&" "&"上 溢："&S37, "水利處："&Q37&" "&"任 泰："&R37&" "&"上 溢："&S37)) -> 任 泰：白博文 上 溢：郭冠廷 | K37: 113年6月19日 113任泰顧字 第1130619109號 | L37: =L35+1 -> 14 | M37: =VLOOKUP(L37,'280W'!A:T,5,0) -> 58 | N37: =N35+M37 -> 741 | O37: =VLOOKUP(L37,'280W'!A:T,6,0) -> 1 | P37: =P35+O37 -> 14 | Q37: =VLOOKUP(L37,'280W'!A:T,18,0) -> 0 | R37: =VLOOKUP(L37,'280W'!A:T,19,0) -> 白博文 | S37: =VLOOKUP(L37,'280W'!A:T,20,0) -> 郭冠廷
B38: 結構用混凝土，(預拌，水中)，280kgf/cm2 | D38: =M37&M38 -> 58 M3 | F38: =E37&CHAR(10)&"("&O37&O38&")" -> 58 M3 (1組) | H38: =H37&CHAR(10)&"("&P37&O38&")" -> 741 M3 (14組) | M38: M3 | O38: 組
A39: ="1-280W-"&L39 -> 1-280W-15 | B39: 1.3.20 | C39: 883.62 M3 | D39: =VLOOKUP(L39,'280W'!A:T,2,0) -> 45416 | E39: =M39&M40 -> 62 M3 | F39: =D39 -> 45416 | H39: =N39&M40 -> 803 M3 | I39: 合格 | J39: =IF(R39=0,"上 溢："&S39,IF(Q39=0,"任 泰："&R39&" "&"上 溢："&S39, "水利處："&Q39&" "&"任 泰："&R39&" "&"上 溢："&S39)) -> 任 泰：白博文 上 溢：郭冠廷 | K39: 113年6月19日 113任泰顧字 第1130619108號 | L39: =L37+1 -> 15 | M39: =VLOOKUP(L39,'280W'!A:T,5,0) -> 62 | N39: =N37+M39 -> 803 | O39: =VLOOKUP(L39,'280W'!A:T,6,0) -> 1 | P39: =P37+O39 -> 15 | Q39: =VLOOKUP(L39,'280W'!A:T,18,0) -> 0 | R39: =VLOOKUP(L39,'280W'!A:T,19,0) -> 白博文 | S39: =VLOOKUP(L39,'280W'!A:T,20,0) -> 郭冠廷
B40: 結構用混凝土，(預拌，水中)，280kgf/cm2 | D40: =M39&M40 -> 62 M3 | F40: =E39&CHAR(10)&"("&O39&O40&")" -> 62 M3 (1組) | H40: =H39&CHAR(10)&"("&P39&O40&")" -> 803 M3 (15組) | M40: M3 | O40: 組
A41: 編制： | D41: 工地主任： | H41: 附註：
A42: 1.本表於施工期間監造單位依契約約定之「材料、設備送審文件、樣品一覽表」分類登錄，俾利控管材料檢驗使用情形。 2.監造單位應依監造計畫之材料設備抽驗程序及標準辦理材料設備抽驗，如有單項材料設備廠商自主檢查頻率未達 3次時，廠商在辦理自主檢查取樣前，應通知監造單位轉知考工單位會同廠商辦理抽驗（即前2次均由本處派員抽驗）。 3.本表規定檢驗頻率請依據工程契約或施工規範約定填寫。
A43: ="1-280W-"&L43 -> 1-280W-16 | B43: 1.3.20 | C43: 883.62 M3 | D43: =VLOOKUP(L43,'280W'!A:T,2,0) -> 45422 | E43: =M43&M44 -> 62 M3 | F43: =D43 -> 45422 | G43: 1.每批次數量未達20 m3時，免檢驗。 2.每批次數量達20～100 m3檢驗1組。 3.每批次數量超過100 m3時，每100 m3加驗1組，餘數未達100m³亦加驗1組。 | H43: =N43&M44 -> 865 M3 | I43: 合格 | J43: =IF(R43=0,"上 溢："&S43,IF(Q43=0,"任 泰："&R43&" "&"上 溢："&S43, "水利處："&Q43&" "&"任 泰："&R43&" "&"上 溢："&S43)) -> 任 泰：白博文 上 溢：郭冠廷 | K43: 113年6月19日 113任泰顧字 第1130619107號 | L43: =L39+1 -> 16 | M43: =VLOOKUP(L43,'280W'!A:T,5,0) -> 62 | N43: =N39+M43 -> 865 | O43: =VLOOKUP(L43,'280W'!A:T,6,0) -> 1 | P43: =P39+O43 -> 16 | Q43: =VLOOKUP(L43,'280W'!A:T,18,0) -> 0 | R43: =VLOOKUP(L43,'280W'!A:T,19,0) -> 白博文 | S43: =VLOOKUP(L43,'280W'!A:T,20,0) -> 郭冠廷
B44: 結構用混凝土，(預拌，水中)，280kgf/cm2 | D44: =M43&M44 -> 62 M3 | F44: =E43&CHAR(10)&"("&O43&O44&")" -> 62 M3 (1組) | H44: =H43&CHAR(10)&"("&P43&O44&")" -> 865 M3 (16組) | M44: M3 | O44: 組
A45: ="1-280W-"&L45 -> 1-280W-17 | B45: 1.3.20 | C45: 883.62 M3 | D45: =VLOOKUP(L45,'280W'!A:T,2,0) -> 45426 | E45: =M45&M46 -> 65 M3 | F45: =D45 -> 45426 | H45: =N45&M46 -> 930 M3 | I45: 合格 | J45: =IF(R45=0,"上 溢："&S45,IF(Q45=0,"任 泰："&R45&" "&"上 溢："&S45, "水利處："&Q45&" "&"任 泰："&R45&" "&"上 溢："&S45)) -> 任 泰：白博文 上 溢：郭冠廷 | K45: 113年6月19日 113任泰顧字 第1130620109號 | L45: =L43+1 -> 17 | M45: =VLOOKUP(L45,'280W'!A:T,5,0) -> 65 | N45: =N43+M45 -> 930 | O45: =VLOOKUP(L45,'280W'!A:T,6,0) -> 1 | P45: =P43+O45 -> 17 | Q45: =VLOOKUP(L45,'280W'!A:T,18,0) -> 0 | R45: =VLOOKUP(L45,'280W'!A:T,19,0) -> 白博文 | S45: =VLOOKUP(L45,'280W'!A:T,20,0) -> 郭冠廷
B46: 結構用混凝土，(預拌，水中)，280kgf/cm2 | D46: =M45&M46 -> 65 M3 | F46: =E45&CHAR(10)&"("&O45&O46&")" -> 65 M3 (1組) | H46: =H45&CHAR(10)&"("&P45&O46&")" -> 930 M3 (17組) | M46: M3 | O46: 組
L47: =L45+1 -> 18 | M47: =VLOOKUP(L47,'280W'!A:T,5,0) -> #N/A | N47: =N45+M47 -> #N/A | O47: =VLOOKUP(L47,'280W'!A:T,6,0) -> #N/A | P47: =P45+O47 -> #N/A | Q47: =VLOOKUP(L47,'280W'!A:T,18,0) -> #N/A | R47: =VLOOKUP(L47,'280W'!A:T,19,0) -> #N/A | S47: =VLOOKUP(L47,'280W'!A:T,20,0) -> #N/A
M48: M3 | O48: 組
A49: 編制： | D49: 工地主任： | H49: 附註：
A50: 1.本表於施工期間監造單位依契約約定之「材料、設備送審文件、樣品一覽表」分類登錄，俾利控管材料檢驗使用情形。 2.監造單位應依監造計畫之材料設備抽驗程序及標準辦理材料設備抽驗，如有單項材料設備廠商自主檢查頻率未達 3次時，廠商在辦理自主檢查取樣前，應通知監造單位轉知考工單位會同廠商辦理抽驗（即前2次均由本處派員抽驗）。 3.本表規定檢驗頻率請依據工程契約或施工規範約定填寫。

Sheet 5-1.試驗280Ⅱ
A1: 臺北市政府工務局水利工程處
A2: 材料設備檢（試）驗管制總表
A3: ="工程名稱:"&'1.計畫'!A1:I1 -> 工程名稱:磺港溪再造C段護岸及步道整建工程（延壽橋至三合橋） | H3: 契約編號：H-111-03-112080
A4: 監造單位：任泰技術顧問有限公司 | H4: 施工廠商：上溢營造份有限公司
A5: 項次 | B5: 契約詳細表項次 | C5: 契約 數量 | D5: 進場 日期 | E5: 進場 數量 | F5: 抽樣 日期 | G5: 規定抽（取）樣頻率 | H5: 累積進場數量 | I5: 抽試驗結果 | J5: 抽驗及會同人員 | K5: 備註
B6: 材料(設備)名稱 | D6: 進場 數量 | F6: 抽樣 數量 | H6: 累積抽樣數量 | K6: (歸檔編號) | M6: 數量 | N6: 累計數量 | O6: 組數 | P6: 累計組數 | Q6: 水利處 | R6: 監造 | S6: 廠商
A7: ="1-280Ⅱ-"&L7 -> 1-280Ⅱ-1 | B7: 1.4.23 | C7: 1526.83 M3 | D7: =VLOOKUP(L7,'280Ⅱ'!A:T,2,0) -> 45344 | E7: =M7&M8 -> 98 M3 | F7: =D7 -> 45344 | G7: 1.每批次數量未達20 m3時，免檢驗。 2.每批次數量達20～100 m3檢驗1組。 3.每批次數量超過100 m3時，每100 m3加驗1組，餘數未達100m³亦加驗1組。 | H7: =N7&M8 -> 98 M3 | I7: =IF(K7="","","合格") -> 合格 | J7: =IF(R7=0,"上 溢："&S7,IF(Q7=0,"任 泰："&R7&" "&"上 溢："&S7, "水利處："&Q7&" "&"任 泰："&R7&" "&"上 溢："&S7)) -> 任 泰：游文圃 上 溢：郭冠廷 | K7: 113年4月11日 113任泰顧字 第0411010012號 | L7: 1 | M7: =VLOOKUP(L7,'280Ⅱ'!A:T,5,0) -> 98 | N7: =M7 -> 98 | O7: =VLOOKUP(L7,'280Ⅱ'!A:T,6,0) -> 1 | P7: =O7 -> 1 | Q7: =VLOOKUP(L7,'280Ⅱ'!A:T,18,0) -> 0 | R7: =VLOOKUP(L7,'280Ⅱ'!A:T,19,0) -> 游文圃 | S7: =VLOOKUP(L7,'280Ⅱ'!A:T,20,0) -> 郭冠廷
B8: 結構用混凝土，(預拌，二型)，280kgf/cm2 | D8: =M7&M8 -> 98 M3 | F8: =E7&CHAR(10)&"("&O7&O8&")" -> 98 M3 (1組) | H8: =H7&CHAR(10)&"("&P7&O8&")" -> 98 M3 (1組) | M8: M3 | O8: 組
A9: ="1-280Ⅱ-"&L9 -> 1-280Ⅱ-2 | B9: 1.4.23 | C9: 1526.83 M3 | D9: =VLOOKUP(L9,'280Ⅱ'!A:T,2,0) -> 45358 | E9: =M9&M10 -> 60 M3 | F9: =D9 -> 45358 | H9: =N9&M10 -> 158 M3 | I9: =IF(K9="","","合格") -> 合格 | J9: =IF(R9=0,"上 溢："&S9,IF(Q9=0,"任 泰："&R9&" "&"上 溢："&S9, "水利處："&Q9&" "&"任 泰："&R9&" "&"上 溢："&S9)) -> 任 泰：白博文 上 溢：郭冠廷 | K9: 113年5月10日 113任泰顧字 第0510010015號 | L9: =L7+1 -> 2 | M9: =VLOOKUP(L9,'280Ⅱ'!A:T,5,0) -> 60 | N9: =N7+M9 -> 158 | O9: =VLOOKUP(L9,'280Ⅱ'!A:T,6,0) -> 1 | P9: =P7+O9 -> 2 | Q9: =VLOOKUP(L9,'280Ⅱ'!A:T,18,0) -> 0 | R9: =VLOOKUP(L9,'280Ⅱ'!A:T,19,0) -> 白博文 | S9: =VLOOKUP(L9,'280Ⅱ'!A:T,20,0) -> 郭冠廷
B10: 結構用混凝土，(預拌，二型)，280kgf/cm2 | D10: =M9&M10 -> 60 M3 | F10: =E9&CHAR(10)&"("&O9&O10&")" -> 60 M3 (1組) | H10: =H9&CHAR(10)&"("&P9&O10&")" -> 158 M3 (2組) | M10: M3 | O10: 組
A11: ="1-280Ⅱ-"&L11 -> 1-280Ⅱ-3 | B11: 1.4.23 | C11: 1526.83 M3 | D11: =VLOOKUP(L11,'280Ⅱ'!A:T,2,0) -> 45364 | E11: =M11&M12 -> 20 M3 | F11: =D11 -> 45364 | H11: =N11&M12 -> 178 M3 | I11: =IF(K11="","","合格") -> 合格 | J11: =IF(R11=0,"上 溢："&S11,IF(Q11=0,"任 泰："&R11&" "&"上 溢："&S11, "水利處："&Q11&" "&"任 泰："&R11&" "&"上 溢："&S11)) -> 任 泰：白博文 上 溢：郭冠廷 | K11: 113年5月10日 113任泰顧字 第0510010016號 | L11: =L9+1 -> 3 | M11: =VLOOKUP(L11,'280Ⅱ'!A:T,5,0) -> 20 | N11: =N9+M11 -> 178 | O11: =VLOOKUP(L11,'280Ⅱ'!A:T,6,0) -> 1 | P11: =P9+O11 -> 3 | Q11: =VLOOKUP(L11,'280Ⅱ'!A:T,18,0) -> 0 | R11: =VLOOKUP(L11,'280Ⅱ'!A:T,19,0) -> 白博文 | S11: =VLOOKUP(L11,'280Ⅱ'!A:T,20,0) -> 郭冠廷
B12: 結構用混凝土，(預拌，二型)，280kgf/cm2 | D12: =M11&M12 -> 20 M3 | F12: =E11&CHAR(10)&"("&O11&O12&")" -> 20 M3 (1組) | H12: =H11&CHAR(10)&"("&P11&O12&")" -> 178 M3 (3組) | M12: M3 | O12: 組
A13: ="1-280Ⅱ-"&L13 -> 1-280Ⅱ-4 | B13: 1.4.23 | C13: 1526.83 M3 | D13: =VLOOKUP(L13,'280Ⅱ'!A:T,2,0) -> 45378 | E13: =M13&M14 -> 288 M3 | F13: =D13 -> 45378 | H13: =N13&M14 -> 466 M3 | I13: =IF(K13="","","合格") -> 合格 | J13: =IF(R13=0,"上 溢："&S13,IF(Q13=0,"任 泰："&R13&" "&"上 溢："&S13, "水利處："&Q13&" "&"任 泰："&R13&" "&"上 溢："&S13)) -> 任 泰：白博文 上 溢：郭冠廷 | K13: 113年5月10日 113任泰顧字 第0510010018號 | L13: =L11+1 -> 4 | M13: =VLOOKUP(L13,'280Ⅱ'!A:T,5,0) -> 288 | N13: =N11+M13 -> 466 | O13: =VLOOKUP(L13,'280Ⅱ'!A:T,6,0) -> 3 | P13: =P11+O13 -> 6 | Q13: =VLOOKUP(L13,'280Ⅱ'!A:T,18,0) -> 0 | R13: =VLOOKUP(L13,'280Ⅱ'!A:T,19,0) -> 白博文 | S13: =VLOOKUP(L13,'280Ⅱ'!A:T,20,0) -> 郭冠廷
B14: 結構用混凝土，(預拌，二型)，280kgf/cm2 | D14: =M13&M14 -> 288 M3 | F14: =E13&CHAR(10)&"("&O13&O14&")" -> 288 M3 (3組) | H14: =H13&CHAR(10)&"("&P13&O14&")" -> 466 M3 (6組) | M14: M3 | O14: 組
A15: ="1-280Ⅱ-"&L15 -> 1-280Ⅱ-5 | B15: 1.4.23 | C15: 1526.83 M3 | D15: =VLOOKUP(L15,'280Ⅱ'!A:T,2,0) -> 45385 | E15: =M15&M16 -> 75 M3 | F15: =D15 -> 45385 | H15: =N15&M16 -> 541 M3 | I15: =IF(K15="","","合格") -> 合格 | J15: =IF(R15=0,"上 溢："&S15,IF(Q15=0,"任 泰："&R15&" "&"上 溢："&S15, "水利處："&Q15&" "&"任 泰："&R15&" "&"上 溢："&S15)) -> 任 泰：白博文 上 溢：郭冠廷 | K15: 113年5月17日 113任泰顧字 第0517010016號 | L15: =L13+1 -> 5 | M15: =VLOOKUP(L15,'280Ⅱ'!A:T,5,0) -> 75 | N15: =M15+N13 -> 541 | O15: =VLOOKUP(L15,'280Ⅱ'!A:T,6,0) -> 1 | P15: =O15+P13 -> 7 | Q15: =VLOOKUP(L15,'280Ⅱ'!A:T,18,0) -> 0 | R15: =VLOOKUP(L15,'280Ⅱ'!A:T,19,0) -> 白博文 | S15: =VLOOKUP(L15,'280Ⅱ'!A:T,20,0) -> 郭冠廷
B16: 結構用混凝土，(預拌，二型)，280kgf/cm2 | D16: =M15&M16 -> 75 M3 | F16: =E15&CHAR(10)&"("&O15&O16&")" -> 75 M3 (1組) | H16: =H15&CHAR(10)&"("&P15&O16&")" -> 541 M3 (7組) | M16: M3 | O16: 組
A17: 編制： | D17: 工地主任： | H17: 附註：
A18: 1.本表於施工期間監造單位依契約約定之「材料、設備送審文件、樣品一覽表」分類登錄，俾利控管材料檢驗使用情形。 2.監造單位應依監造計畫之材料設備抽驗程序及標準辦理材料設備抽驗，如有單項材料設備廠商自主檢查頻率未達 3次時，廠商在辦理自主檢查取樣前，應通知監造單位轉知考工單位會同廠商辦理抽驗（即前2次均由本處派員抽驗）。 3.本表規定檢驗頻率請依據工程契約或施工規範約定填寫。
A19: ="1-280Ⅱ-"&L19 -> 1-280Ⅱ-6 | B19: 1.4.23 | C19: 1526.83 M3 | D19: =VLOOKUP(L19,'280Ⅱ'!A:T,2,0) -> 45401 | E19: =M19&M20 -> 52 M3 | F19: =D19 -> 45401 | G19: 1.每批次數量未達20 m3時，免檢驗。 2.每批次數量達20～100 m3檢驗1組。 3.每批次數量超過100 m3時，每100 m3加驗1組，餘數未達100m³亦加驗1組。 | H19: =N19&M20 -> 593 M3 | I19: =IF(K19="","","合格") -> 合格 | J19: =IF(R19=0,"上 溢："&S19,IF(Q19=0,"任 泰："&R19&" "&"上 溢："&S19, "水利處："&Q19&" "&"任 泰："&R19&" "&"上 溢："&S19)) -> 任 泰：白博文 上 溢：郭冠廷 | K19: 113年5月17日 113任泰顧字 第0524010017號 | L19: =L15+1 -> 6 | M19: =VLOOKUP(L19,'280Ⅱ'!A:T,5,0) -> 52 | N19: =N15+M19 -> 593 | O19: =VLOOKUP(L19,'280Ⅱ'!A:T,6,0) -> 1 | P19: =P15+O19 -> 8 | Q19: =VLOOKUP(L19,'280Ⅱ'!A:T,18,0) -> 0 | R19: =VLOOKUP(L19,'280Ⅱ'!A:T,19,0) -> 白博文 | S19: =VLOOKUP(L19,'280Ⅱ'!A:T,20,0) -> 郭冠廷
B20: 結構用混凝土，(預拌，二型)，280kgf/cm2 | D20: =M19&M20 -> 52 M3 | F20: =E19&CHAR(10)&"("&O19&O20&")" -> 52 M3 (1組) | H20: =H19&CHAR(10)&"("&P19&O20&")" -> 593 M3 (8組) | M20: M3 | O20: 組
A21: ="1-280Ⅱ-"&L21 -> 1-280Ⅱ-7 | B21: 1.4.23 | C21: 1526.83 M3 | D21: =VLOOKUP(L21,'280Ⅱ'!A:T,2,0) -> 45404 | E21: =M21&M22 -> 20 M3 | F21: =D21 -> 45404 | H21: =N21&M22 -> 613 M3 | I21: =IF(K21="","","合格") -> 合格 | J21: =IF(R21=0,"上 溢："&S21,IF(Q21=0,"任 泰："&R21&" "&"上 溢："&S21, "水利處："&Q21&" "&"任 泰："&R21&" "&"上 溢："&S21)) -> 任 泰：白博文 上 溢：郭冠廷 | K21: 113年5月17日 113任泰顧字 第0524010016號 | L21: =L19+1 -> 7 | M21: =VLOOKUP(L21,'280Ⅱ'!A:T,5,0) -> 20 | N21: =N19+M21 -> 613 | O21: =VLOOKUP(L21,'280Ⅱ'!A:T,6,0) -> 1 | P21: =P19+O21 -> 9 | Q21: =VLOOKUP(L21,'280Ⅱ'!A:T,18,0) -> 0 | R21: =VLOOKUP(L21,'280Ⅱ'!A:T,19,0) -> 白博文 | S21: =VLOOKUP(L21,'280Ⅱ'!A:T,20,0) -> 郭冠廷
B22: 結構用混凝土，(預拌，二型)，280kgf/cm2 | D22: =M21&M22 -> 20 M3 | F22: =E21&CHAR(10)&"("&O21&O22&")" -> 20 M3 (1組) | H22: =H21&CHAR(10)&"("&P21&O22&")" -> 613 M3 (9組) | M22: M3 | O22: 組
A23: ="1-280Ⅱ-"&L23 -> 1-280Ⅱ-8 | B23: 1.4.23 | C23: 1526.83 M3 | D23: =VLOOKUP(L23,'280Ⅱ'!A:T,2,0) -> 45439 | E23: =M23&M24 -> 94 M3 | F23: =D23 -> 45439 | H23: =N23&M24 -> 707 M3 | I23: =IF(K23="","","合格") -> 合格 | J23: =IF(R23=0,"上 溢："&S23,IF(Q23=0,"任 泰："&R23&" "&"上 溢："&S23, "水利處："&Q23&" "&"任 泰："&R23&" "&"上 溢："&S23)) -> 任 泰：白博文 上 溢：葉展志 | K23: 113年7月2日 任泰顧字 第1130702108號 | L23: =L21+1 -> 8 | M23: =VLOOKUP(L23,'280Ⅱ'!A:T,5,0) -> 94 | N23: =N21+M23 -> 707 | O23: =VLOOKUP(L23,'280Ⅱ'!A:T,6,0) -> 1 | P23: =P21+O23 -> 10 | Q23: =VLOOKUP(L23,'280Ⅱ'!A:T,18,0) -> 0 | R23: =VLOOKUP(L23,'280Ⅱ'!A:T,19,0) -> 白博文 | S23: =VLOOKUP(L23,'280Ⅱ'!A:T,20,0) -> 葉展志
B24: 結構用混凝土，(預拌，二型)，280kgf/cm2 | D24: =M23&M24 -> 94 M3 | F24: =E23&CHAR(10)&"("&O23&O24&")" -> 94 M3 (1組) | H24: =H23&CHAR(10)&"("&P23&O24&")" -> 707 M3 (10組) | M24: M3 | O24: 組
A25: ="1-280Ⅱ-"&L25 -> 1-280Ⅱ-9 | B25: 1.4.23 | C25: 1526.83 M3 | D25: =VLOOKUP(L25,'280Ⅱ'!A:T,2,0) -> 45439 | E25: =M25&M26 -> 94 M3 | F25: =D25 -> 45439 | H25: =N25&M26 -> 801 M3 | I25: =IF(K25="","","合格") -> 合格 | J25: =IF(R25=0,"上 溢："&S25,IF(Q25=0,"任 泰："&R25&" "&"上 溢："&S25, "水利處："&Q25&" "&"任 泰："&R25&" "&"上 溢："&S25)) -> 任 泰：白博文 上 溢：葉展志 | K25: 113年7月2日 任泰顧字 第1130702109號 | L25: =L23+1 -> 9 | M25: =VLOOKUP(L25,'280Ⅱ'!A:T,5,0) -> 94 | N25: =N23+M25 -> 801 | O25: =VLOOKUP(L25,'280Ⅱ'!A:T,6,0) -> 1 | P25: =P23+O25 -> 11 | Q25: =VLOOKUP(L25,'280Ⅱ'!A:T,18,0) -> 0 | R25: =VLOOKUP(L25,'280Ⅱ'!A:T,19,0) -> 白博文 | S25: =VLOOKUP(L25,'280Ⅱ'!A:T,20,0) -> 葉展志
B26: 結構用混凝土，(預拌，二型)，280kgf/cm2 | D26: =M25&M26 -> 94 M3 | F26: =E25&CHAR(10)&"("&O25&O26&")" -> 94 M3 (1組) | H26: =H25&CHAR(10)&"("&P25&O26&")" -> 801 M3 (11組) | M26: M3 | O26: 組
A27: ="1-280Ⅱ-"&L27 -> 1-280Ⅱ-10 | B27: 1.4.23 | C27: 1526.83 M3 | D27: =VLOOKUP(L27,'280Ⅱ'!A:T,2,0) -> 45442 | E27: =M27&M28 -> 68 M3 | F27: =D27 -> 45442 | H27: =N27&M28 -> 869 M3 | I27: =IF(K27="","","合格") -> 合格 | J27: =IF(R27=0,"上 溢："&S27,IF(Q27=0,"任 泰："&R27&" "&"上 溢："&S27, "水利處："&Q27&" "&"任 泰："&R27&" "&"上 溢："&S27)) -> 任 泰：白博文 上 溢：葉展志 | K27: 113年7月3日 任泰顧字 第1130703108號 | L27: =L25+1 -> 10 | M27: =VLOOKUP(L27,'280Ⅱ'!A:T,5,0) -> 68 | N27: =N25+M27 -> 869 | O27: =VLOOKUP(L27,'280Ⅱ'!A:T,6,0) -> 1 | P27: =P25+O27 -> 12 | Q27: =VLOOKUP(L27,'280Ⅱ'!A:T,18,0) -> 0 | R27: =VLOOKUP(L27,'280Ⅱ'!A:T,19,0) -> 白博文 | S27: =VLOOKUP(L27,'280Ⅱ'!A:T,20,0) -> 葉展志
B28: 結構用混凝土，(預拌，二型)，280kgf/cm2 | D28: =M27&M28 -> 68 M3 | F28: =E27&CHAR(10)&"("&O27&O28&")" -> 68 M3 (1組) | H28: =H27&CHAR(10)&"("&P27&O28&")" -> 869 M3 (12組) | M28: M3 | O28: 組
A29: 編制： | D29: 工地主任： | H29: 附註：
A30: 1.本表於施工期間監造單位依契約約定之「材料、設備送審文件、樣品一覽表」分類登錄，俾利控管材料檢驗使用情形。 2.監造單位應依監造計畫之材料設備抽驗程序及標準辦理材料設備抽驗，如有單項材料設備廠商自主檢查頻率未達 3次時，廠商在辦理自主檢查取樣前，應通知監造單位轉知考工單位會同廠商辦理抽驗（即前2次均由本處派員抽驗）。 3.本表規定檢驗頻率請依據工程契約或施工規範約定填寫。
A31: ="1-280Ⅱ-"&L31 -> 1-280Ⅱ-11 | B31: 1.4.23 | C31: 1526.83 M3 | D31: =VLOOKUP(L31,'280Ⅱ'!A:T,2,0) -> 45444 | E31: =M31&M32 -> 30 M3 | F31: =D31 -> 45444 | G31: 1.每批次數量未達20 m3時，免檢驗。 2.每批次數量達20～100 m3檢驗1組。 3.每批次數量超過100 m3時，每100 m3加驗1組，餘數未達100m³亦加驗1組。 | H31: =N31&M32 -> 899 M3 | I31: =IF(K31="","","合格") -> 合格 | J31: =IF(R31=0,"上 溢："&S31,IF(Q31=0,"任 泰："&R31&" "&"上 溢："&S31, "水利處："&Q31&" "&"任 泰："&R31&" "&"上 溢："&S31)) -> 任 泰：白博文 上 溢：葉展志 | K31: 113年7月8日 任泰顧字 第1130708108號 | L31: =L27+1 -> 11 | M31: =VLOOKUP(L31,'280Ⅱ'!A:T,5,0) -> 30 | N31: =N27+M31 -> 899 | O31: =VLOOKUP(L31,'280Ⅱ'!A:T,6,0) -> 1 | P31: =P27+O31 -> 13 | Q31: =VLOOKUP(L31,'280Ⅱ'!A:T,18,0) -> 0 | R31: =VLOOKUP(L31,'280Ⅱ'!A:T,19,0) -> 白博文 | S31: =VLOOKUP(L31,'280Ⅱ'!A:T,20,0) -> 葉展志
B32: 結構用混凝土，(預拌，二型)，280kgf/cm2 | D32: =M31&M32 -> 30 M3 | F32: =E31&CHAR(10)&"("&O31&O32&")" -> 30 M3 (1組) | H32: =H31&CHAR(10)&"("&P31&O32&")" -> 899 M3 (13組) | M32: M3 | O32: 組
A33: ="1-280Ⅱ-"&L33 -> 1-280Ⅱ-12 | B33: 1.4.23 | C33: 1526.83 M3 | D33: =VLOOKUP(L33,'280Ⅱ'!A:T,2,0) -> 45447 | E33: =M33&M34 -> 30 M3 | F33: =D33 -> 45447 | H33: =N33&M34 -> 929 M3 | I33: =IF(K33="","","合格") -> 合格 | J33: =IF(R33=0,"上 溢："&S33,IF(Q33=0,"任 泰："&R33&" "&"上 溢："&S33, "水利處："&Q33&" "&"任 泰："&R33&" "&"上 溢："&S33)) -> 任 泰：白博文 上 溢：葉展志 | K33: 113年7月8日 任泰顧字 第1130708109號 | L33: =L31+1 -> 12 | M33: =VLOOKUP(L33,'280Ⅱ'!A:T,5,0) -> 30 | N33: =N31+M33 -> 929 | O33: =VLOOKUP(L33,'280Ⅱ'!A:T,6,0) -> 1 | P33: =P31+O33 -> 14 | Q33: =VLOOKUP(L33,'280Ⅱ'!A:T,18,0) -> 0 | R33: =VLOOKUP(L33,'280Ⅱ'!A:T,19,0) -> 白博文 | S33: =VLOOKUP(L33,'280Ⅱ'!A:T,20,0) -> 葉展志
B34: 結構用混凝土，(預拌，二型)，280kgf/cm2 | D34: =M33&M34 -> 30 M3 | F34: =E33&CHAR(10)&"("&O33&O34&")" -> 30 M3 (1組) | H34: =H33&CHAR(10)&"("&P33&O34&")" -> 929 M3 (14組) | M34: M3 | O34: 組
A35: ="1-280Ⅱ-"&L35 -> 1-280Ⅱ-13 | B35: 1.4.23 | C35: 1526.83 M3 | D35: =VLOOKUP(L35,'280Ⅱ'!A:T,2,0) -> 45454 | E35: =M35&M36 -> 50 M3 | F35: =D35 -> 45454 | H35: =N35&M36 -> 979 M3 | I35: =IF(K35="","","合格") -> 合格 | J35: =IF(R35=0,"上 溢："&S35,IF(Q35=0,"任 泰："&R35&" "&"上 溢："&S35, "水利處："&Q35&" "&"任 泰："&R35&" "&"上 溢："&S35)) -> 任 泰：白博文 上 溢：葉展志 | K35: 113年7月16日 任泰顧字 第1130716105號 | L35: =L33+1 -> 13 | M35: =VLOOKUP(L35,'280Ⅱ'!A:T,5,0) -> 50 | N35: =N33+M35 -> 979 | O35: =VLOOKUP(L35,'280Ⅱ'!A:T,6,0) -> 1 | P35: =P33+O35 -> 15 | Q35: =VLOOKUP(L35,'280Ⅱ'!A:T,18,0) -> 0 | R35: =VLOOKUP(L35,'280Ⅱ'!A:T,19,0) -> 白博文 | S35: =VLOOKUP(L35,'280Ⅱ'!A:T,20,0) -> 葉展志
B36: 結構用混凝土，(預拌，二型)，280kgf/cm2 | D36: =M35&M36 -> 50 M3 | F36: =E35&CHAR(10)&"("&O35&O36&")" -> 50 M3 (1組) | H36: =H35&CHAR(10)&"("&P35&O36&")" -> 979 M3 (15組) | M36: M3 | O36: 組
A37: ="1-280Ⅱ-"&L37 -> 1-280Ⅱ-14 | B37: 1.4.23 | C37: 1526.83 M3 | D37: =VLOOKUP(L37,'280Ⅱ'!A:T,2,0) -> 45461 | E37: =M37&M38 -> 93 M3 | F37: =D37 -> 45461 | H37: =N37&M38 -> 1072 M3 | I37: =IF(K37="","","合格") -> 合格 | J37: =IF(R37=0,"上 溢："&S37,IF(Q37=0,"任 泰："&R37&" "&"上 溢："&S37, "水利處："&Q37&" "&"任 泰："&R37&" "&"上 溢："&S37)) -> 任 泰：白博文 上 溢：葉展志 | K37: 113年7月30日 任泰顧字 第1130730105號 | L37: =L35+1 -> 14 | M37: =VLOOKUP(L37,'280Ⅱ'!A:T,5,0) -> 93 | N37: =N35+M37 -> 1072 | O37: =VLOOKUP(L37,'280Ⅱ'!A:T,6,0) -> 1 | P37: =P35+O37 -> 16 | Q37: =VLOOKUP(L37,'280Ⅱ'!A:T,18,0) -> 0 | R37: =VLOOKUP(L37,'280Ⅱ'!A:T,19,0) -> 白博文 | S37: =VLOOKUP(L37,'280Ⅱ'!A:T,20,0) -> 葉展志
B38: 結構用混凝土，(預拌，二型)，280kgf/cm2 | D38: =M37&M38 -> 93 M3 | F38: =E37&CHAR(10)&"("&O37&O38&")" -> 93 M3 (1組) | H38: =H37&CHAR(10)&"("&P37&O38&")" -> 1072 M3 (16組) | M38: M3 | O38: 組
A39: ="1-280Ⅱ-"&L39 -> 1-280Ⅱ-15 | B39: 1.4.23 | C39: 1526.83 M3 | D39: =VLOOKUP(L39,'280Ⅱ'!A:T,2,0) -> 45464 | E39: =M39&M40 -> 66 M3 | F39: =D39 -> 45464 | H39: =N39&M40 -> 1138 M3 | I39: =IF(K39="","","合格") -> 合格 | J39: =IF(R39=0,"上 溢："&S39,IF(Q39=0,"任 泰："&R39&" "&"上 溢："&S39, "水利處："&Q39&" "&"任 泰："&R39&" "&"上 溢："&S39)) -> 任 泰：白博文 上 溢：葉展志 | K39: 113年7月30日 任泰顧字 第1130730106號 | L39: =L37+1 -> 15 | M39: =VLOOKUP(L39,'280Ⅱ'!A:T,5,0) -> 66 | N39: =N37+M39 -> 1138 | O39: =VLOOKUP(L39,'280Ⅱ'!A:T,6,0) -> 1 | P39: =P37+O39 -> 17 | Q39: =VLOOKUP(L39,'280Ⅱ'!A:T,18,0) -> 0 | R39: =VLOOKUP(L39,'280Ⅱ'!A:T,19,0) -> 白博文 | S39: =VLOOKUP(L39,'280Ⅱ'!A:T,20,0) -> 葉展志
B40: 結構用混凝土，(預拌，二型)，280kgf/cm2 | D40: =M39&M40 -> 66 M3 | F40: =E39&CHAR(10)&"("&O39&O40&")" -> 66 M3 (1組) | H40: =H39&CHAR(10)&"("&P39&O40&")" -> 1138 M3 (17組) | M40: M3 | O40: 組
A41: 編制： | D41: 工地主任： | H41: 附註：
A42: 1.本表於施工期間監造單位依契約約定之「材料、設備送審文件、樣品一覽表」分類登錄，俾利控管材料檢驗使用情形。 2.監造單位應依監造計畫之材料設備抽驗程序及標準辦理材料設備抽驗，如有單項材料設備廠商自主檢查頻率未達 3次時，廠商在辦理自主檢查取樣前，應通知監造單位轉知考工單位會同廠商辦理抽驗（即前2次均由本處派員抽驗）。 3.本表規定檢驗頻率請依據工程契約或施工規範約定填寫。
A43: ="1-280Ⅱ-"&L43 -> 1-280Ⅱ-16 | B43: 1.4.23 | C43: 1526.83 M3 | D43: =VLOOKUP(L43,'280Ⅱ'!A:T,2,0) -> 45470 | E43: =M43&M44 -> 68 M3 | F43: =D43 -> 45470 | G43: 1.每批次數量未達20 m3時，免檢驗。 2.每批次數量達20～100 m3檢驗1組。 3.每批次數量超過100 m3時，每100 m3加驗1組，餘數未達100m³亦加驗1組。 | H43: =N43&M44 -> 1206 M3 | I43: =IF(K43="","","合格") -> 合格 | J43: =IF(R43=0,"上 溢："&S43,IF(Q43=0,"任 泰："&R43&" "&"上 溢："&S43, "水利處："&Q43&" "&"任 泰："&R43&" "&"上 溢："&S43)) -> 任 泰：白博文 上 溢：葉展志 | K43: 113年8月2日 任泰顧字 第1130802106號 | L43: =L39+1 -> 16 | M43: =VLOOKUP(L43,'280Ⅱ'!A:T,5,0) -> 68 | N43: =N39+M43 -> 1206 | O43: =VLOOKUP(L43,'280Ⅱ'!A:T,6,0) -> 1 | P43: =P39+O43 -> 18 | Q43: =VLOOKUP(L43,'280Ⅱ'!A:T,18,0) -> 0 | R43: =VLOOKUP(L43,'280Ⅱ'!A:T,19,0) -> 白博文 | S43: =VLOOKUP(L43,'280Ⅱ'!A:T,20,0) -> 葉展志
B44: 結構用混凝土，(預拌，二型)，280kgf/cm2 | D44: =M43&M44 -> 68 M3 | F44: =E43&CHAR(10)&"("&O43&O44&")" -> 68 M3 (1組) | H44: =H43&CHAR(10)&"("&P43&O44&")" -> 1206 M3 (18組) | M44: M3 | O44: 組
A45: ="1-280Ⅱ-"&L45 -> 1-280Ⅱ-17 | B45: 1.4.23 | C45: 1526.83 M3 | D45: =VLOOKUP(L45,'280Ⅱ'!A:T,2,0) -> 45477 | E45: =M45&M46 -> 32 M3 | F45: =D45 -> 45477 | H45: =N45&M46 -> 1238 M3 | I45: =IF(K45="","","合格") -> 合格 | J45: =IF(R45=0,"上 溢："&S45,IF(Q45=0,"任 泰："&R45&" "&"上 溢："&S45, "水利處："&Q45&" "&"任 泰："&R45&" "&"上 溢："&S45)) -> 任 泰：白博文 上 溢：葉展志 | K45: 113年8月15日 任泰顧字 第1130815106號 | L45: =L43+1 -> 17 | M45: =VLOOKUP(L45,'280Ⅱ'!A:T,5,0) -> 32 | N45: =N43+M45 -> 1238 | O45: =VLOOKUP(L45,'280Ⅱ'!A:T,6,0) -> 1 | P45: =P43+O45 -> 19 | Q45: =VLOOKUP(L45,'280Ⅱ'!A:T,18,0) -> 0 | R45: =VLOOKUP(L45,'280Ⅱ'!A:T,19,0) -> 白博文 | S45: =VLOOKUP(L45,'280Ⅱ'!A:T,20,0) -> 葉展志
B46: 結構用混凝土，(預拌，二型)，280kgf/cm2 | D46: =M45&M46 -> 32 M3 | F46: =E45&CHAR(10)&"("&O45&O46&")" -> 32 M3 (1組) | H46: =H45&CHAR(10)&"("&P45&O46&")" -> 1238 M3 (19組) | M46: M3 | O46: 組
A47: ="1-280Ⅱ-"&L47 -> 1-280Ⅱ-18 | B47: 1.4.23 | C47: 1526.83 M3 | D47: =VLOOKUP(L47,'280Ⅱ'!A:T,2,0) -> 45591 | E47: =M47&M48 -> 58 M3 | F47: =D47 -> 45591 | H47: =N47&M48 -> 1296 M3 | I47: =IF(K47="","","合格") -> 合格 | J47: =IF(R47=0,"上 溢："&S47,IF(Q47=0,"任 泰："&R47&" "&"上 溢："&S47, "水利處："&Q47&" "&"任 泰："&R47&" "&"上 溢："&S47)) -> 上 溢：胡舜豪 | K47: 114年4月7日 任泰顧字 第1140407621號 | L47: =L45+1 -> 18 | M47: =VLOOKUP(L47,'280Ⅱ'!A:T,5,0) -> 58 | N47: =N45+M47 -> 1296 | O47: =VLOOKUP(L47,'280Ⅱ'!A:T,6,0) -> 1 | P47: =P45+O47 -> 20 | Q47: =VLOOKUP(L47,'280Ⅱ'!A:T,18,0) -> 0 | R47: =VLOOKUP(L47,'280Ⅱ'!A:T,19,0) -> 0 | S47: =VLOOKUP(L47,'280Ⅱ'!A:T,20,0) -> 胡舜豪
B48: 結構用混凝土，(預拌，二型)，280kgf/cm2 | D48: =M47&M48 -> 58 M3 | F48: =E47&CHAR(10)&"("&O47&O48&")" -> 58 M3 (1組) | H48: =H47&CHAR(10)&"("&P47&O48&")" -> 1296 M3 (20組) | M48: M3 | O48: 組
A49: ="1-280Ⅱ-"&L49 -> 1-280Ⅱ-19 | B49: 1.4.23 | C49: 1526.83 M3 | D49: =VLOOKUP(L49,'280Ⅱ'!A:T,2,0) -> 45595 | E49: =M49&M50 -> 48 M3 | F49: =D49 -> 45595 | H49: =N49&M50 -> 1344 M3 | I49: =IF(K49="","","合格") -> 合格 | J49: =IF(R49=0,"上 溢："&S49,IF(Q49=0,"任 泰："&R49&" "&"上 溢："&S49, "水利處："&Q49&" "&"任 泰："&R49&" "&"上 溢："&S49)) -> 上 溢：胡舜豪 | K49: 114年2月8日 任泰顧字 第1140208621號 | L49: =L47+1 -> 19 | M49: =VLOOKUP(L49,'280Ⅱ'!A:T,5,0) -> 48 | N49: =N47+M49 -> 1344 | O49: =VLOOKUP(L49,'280Ⅱ'!A:T,6,0) -> 1 | P49: =P47+O49 -> 21 | Q49: =VLOOKUP(L49,'280Ⅱ'!A:T,18,0) -> 0 | R49: =VLOOKUP(L49,'280Ⅱ'!A:T,19,0) -> 0 | S49: =VLOOKUP(L49,'280Ⅱ'!A:T,20,0) -> 胡舜豪
B50: 結構用混凝土，(預拌，二型)，280kgf/cm2 | D50: =M49&M50 -> 48 M3 | F50: =E49&CHAR(10)&"("&O49&O50&")" -> 48 M3 (1組) | H50: =H49&CHAR(10)&"("&P49&O50&")" -> 1344 M3 (21組) | M50: M3 | O50: 組
A51: ="1-280Ⅱ-"&L51 -> 1-280Ⅱ-20 | B51: 1.4.23 | C51: 1526.83 M3 | D51: =VLOOKUP(L51,'280Ⅱ'!A:T,2,0) -> 45696 | E51: =M51&M52 -> 12 M3 | F51: =D51 -> 45696 | H51: =N51&M52 -> 1356 M3 | I51: - | J51: =IF(R51=0,"上 溢："&S51,IF(Q51=0,"任 泰："&R51&" "&"上 溢："&S51, "水利處："&Q51&" "&"任 泰："&R51&" "&"上 溢："&S51)) -> 上 溢：康祐銓 | K51: 本次澆置數量 未達20M3 免取樣 | L51: =L49+1 -> 20 | M51: =VLOOKUP(L51,'280Ⅱ'!A:T,5,0) -> 12 | N51: =N49+M51 -> 1356 | O51: =VLOOKUP(L51,'280Ⅱ'!A:T,6,0) -> 0 | P51: =P49+O51 -> 21 | Q51: =VLOOKUP(L51,'280Ⅱ'!A:T,18,0) -> 0 | R51: =VLOOKUP(L51,'280Ⅱ'!A:T,19,0) -> 0 | S51: =VLOOKUP(L51,'280Ⅱ'!A:T,20,0) -> 康祐銓
B52: 結構用混凝土，(預拌，二型)，280kgf/cm2 | D52: =M51&M52 -> 12 M3 | F52: =E51&CHAR(10)&"("&O51&O52&")" -> 12 M3 (0組) | H52: =H51&CHAR(10)&"("&P51&O52&")" -> 1356 M3 (21組) | K52: EF-1140208 混凝土 自主檢查表 | M52: M3 | O52: 組
A53: 編制： | D53: 工地主任： | H53: 附註：
A54: 1.本表於施工期間監造單位依契約約定之「材料、設備送審文件、樣品一覽表」分類登錄，俾利控管材料檢驗使用情形。 2.監造單位應依監造計畫之材料設備抽驗程序及標準辦理材料設備抽驗，如有單項材料設備廠商自主檢查頻率未達 3次時，廠商在辦理自主檢查取樣前，應通知監造單位轉知考工單位會同廠商辦理抽驗（即前2次均由本處派員抽驗）。 3.本表規定檢驗頻率請依據工程契約或施工規範約定填寫。

Sheet 5-1.CLSM
A1: 臺北市政府工務局水利工程處
A2: 材料設備檢（試）驗管制總表
A3: ="工程名稱:"&'1.計畫'!A1:I1 -> 工程名稱:磺港溪再造C段護岸及步道整建工程（延壽橋至三合橋） | H3: 契約編號：H-111-03-112080
A4: 監造單位：任泰技術顧問有限公司 | H4: 施工廠商：上溢營造份有限公司
A5: 項次 | B5: 契約詳細表項次 | C5: 契約 數量 | D5: 進場 日期 | E5: 進場 數量 | F5: 抽樣 日期 | G5: 規定抽（取）樣頻率 | H5: 累積進場數量 | I5: 抽試驗結果 | J5: 抽驗及會同人員 | K5: 備註
B6: 材料(設備)名稱 | D6: 進場 數量 | F6: 抽樣 數量 | H6: 累積抽樣數量 | K6: (歸檔編號) | M6: 數量 | N6: 累計數量 | O6: 組數 | P6: 累計組數 | Q6: 水利處 | R6: 監造 | S6: 廠商
A7: ="1-CLSM-"&L7 -> 1-CLSM-1 | B7: 1.5.3 | C7: 1187 M3 | D7: =VLOOKUP(L7,CLSM!A:T,2,0) -> 45561 | E7: =M7&M8 -> 95 M3 | F7: =D7 -> 45561 | G7: 1. 每批次數量未達20m3時，免檢驗。 2. 每批次數量達20~50 m3時，檢驗1次，每次製作2组試體，其中1組為備用試體，每組3個圓試體。 3. 每批次數量超過50 m3時，每50 m3加驗1次。 4. 同一工程免檢驗之累計數量達50m3時，須辦理檢驗1次。 註：每批次數量係指同一日、同配比之數量而言，「同一日」之適用範圍，包括跨日澆置但未有中途中斷之一定連續時間的情形，前述之” 中途中斷之一定連續時間”由契約或工程司認定。 | H7: =N7&M8 -> 95 M3 | I7: 合格 | J7: =IF(R7=0,"上 溢："&S7,IF(Q7=0,"任 泰："&R7&" "&"上 溢："&S7, "水利處："&Q7&" "&"任 泰："&R7&" "&"上 溢："&S7)) -> 任 泰：王淑慧 上 溢：胡舜豪 | K7: 113年12月17日 任泰顧字 第1131217625號 | L7: 1 | M7: =VLOOKUP(L7,CLSM!A:T,5,0) -> 95 | N7: =M7 -> 95 | O7: =VLOOKUP(L7,CLSM!A:T,6,0) -> 2 | P7: =O7 -> 2 | Q7: =VLOOKUP(L7,CLSM!A:T,18,0) -> 0 | R7: =VLOOKUP(L7,CLSM!A:T,19,0) -> 王淑慧 | S7: =VLOOKUP(L7,CLSM!A:T,20,0) -> 胡舜豪
B8: 控制性低強度回填材料及澆置 | D8: =M7&M8 -> 95 M3 | F8: =E7&CHAR(10)&"("&O7&O8&")" -> 95 M3 (2組) | H8: =H7&CHAR(10)&"("&P7&O8&")" -> 95 M3 (2組) | M8: M3 | O8: 組
A9: ="1-CLSM-"&L9 -> 1-CLSM-2 | B9: 1.5.3 | C9: 1187 M3 | D9: =VLOOKUP(L9,CLSM!A:T,2,0) -> 45581 | E9: =M9&M10 -> 18 M3 | F9: =D9 -> 45581 | H9: =N9&M10 -> 113 M3 | I9: - | J9: =IF(R9=0,"上 溢："&S9,IF(Q9=0,"任 泰："&R9&" "&"上 溢："&S9, "水利處："&Q9&" "&"任 泰："&R9&" "&"上 溢："&S9)) -> 上 溢：康祐銓 | K9: 本次澆置數量 未達20M3 免取樣 | L9: =L7+1 -> 2 | M9: =VLOOKUP(L9,CLSM!A:T,5,0) -> 18 | N9: =N7+M9 -> 113 | O9: =VLOOKUP(L9,CLSM!A:T,6,0) -> 0 | P9: =P7+O9 -> 2 | Q9: =VLOOKUP(L9,CLSM!A:T,18,0) -> 0 | R9: =VLOOKUP(L9,CLSM!A:T,19,0) -> 0 | S9: =VLOOKUP(L9,CLSM!A:T,20,0) -> 康祐銓
B10: 控制性低強度回填材料及澆置 | D10: =M9&M10 -> 18 M3 | F10: =E9&CHAR(10)&"("&O9&O10&")" -> 18 M3 (0組) | H10: =H9&CHAR(10)&"("&P9&O10&")" -> 113 M3 (2組) | K10: EF-1131016 混凝土 自主檢查表 | M10: M3 | O10: 組
A11: ="1-CLSM-"&L11 -> 1-CLSM-3 | B11: 1.5.3 | C11: 1187 M3 | D11: =VLOOKUP(L11,CLSM!A:T,2,0) -> 45582 | E11: =M11&M12 -> 18 M3 | F11: =D11 -> 45582 | H11: =N11&M12 -> 131 M3 | I11: - | J11: =IF(R11=0,"上 溢："&S11,IF(Q11=0,"任 泰："&R11&" "&"上 溢："&S11, "水利處："&Q11&" "&"任 泰："&R11&" "&"上 溢："&S11)) -> 上 溢：康祐銓 | K11: 本次澆置數量 未達20M3 免取樣 | L11: =L9+1 -> 3 | M11: =VLOOKUP(L11,CLSM!A:T,5,0) -> 18 | N11: =N9+M11 -> 131 | O11: =VLOOKUP(L11,CLSM!A:T,6,0) -> 0 | P11: =P9+O11 -> 2 | Q11: =VLOOKUP(L11,CLSM!A:T,18,0) -> 0 | R11: =VLOOKUP(L11,CLSM!A:T,19,0) -> 0 | S11: =VLOOKUP(L11,CLSM!A:T,20,0) -> 康祐銓
B12: 控制性低強度回填材料及澆置 | D12: =M11&M12 -> 18 M3 | F12: =E11&CHAR(10)&"("&O11&O12&")" -> 18 M3 (0組) | H12: =H11&CHAR(10)&"("&P11&O12&")" -> 131 M3 (2組) | K12: EF-1131017-1 混凝土 自主檢查表 | M12: M3 | O12: 組
A13: ="1-CLSM-"&L13 -> 1-CLSM-4 | B13: 1.5.3 | C13: 1187 M3 | D13: =VLOOKUP(L13,CLSM!A:T,2,0) -> 45593 | E13: =M13&M14 -> 248 M3 | F13: =D13 -> 45593 | H13: =N13&M14 -> 379 M3 | I13: 合格 | J13: =IF(R13=0,"上 溢："&S13,IF(Q13=0,"任 泰："&R13&" "&"上 溢："&S13, "水利處："&Q13&" "&"任 泰："&R13&" "&"上 溢："&S13)) -> 上 溢：胡舜豪 | K13: 114年1月13日 任泰顧字 第1140113624號 | L13: =L11+1 -> 4 | M13: =VLOOKUP(L13,CLSM!A:T,5,0) -> 248 | N13: =N11+M13 -> 379 | O13: =VLOOKUP(L13,CLSM!A:T,6,0) -> 5 | P13: =P11+O13 -> 7 | Q13: =VLOOKUP(L13,CLSM!A:T,18,0) -> 0 | R13: =VLOOKUP(L13,CLSM!A:T,19,0) -> 0 | S13: =VLOOKUP(L13,CLSM!A:T,20,0) -> 胡舜豪
B14: 控制性低強度回填材料及澆置 | D14: =M13&M14 -> 248 M3 | F14: =E13&CHAR(10)&"("&O13&O14&")" -> 248 M3 (5組) | H14: =H13&CHAR(10)&"("&P13&O14&")" -> 379 M3 (7組) | M14: M3 | O14: 組
A15: ="1-CLSM-"&L15 -> 1-CLSM-5 | B15: 1.5.3 | C15: 1187 M3 | D15: =VLOOKUP(L15,CLSM!A:T,2,0) -> 45594 | E15: =M15&M16 -> 98 M3 | F15: =D15 -> 45594 | H15: =N15&M16 -> 477 M3 | I15: 合格 | J15: =IF(R15=0,"上 溢："&S15,IF(Q15=0,"任 泰："&R15&" "&"上 溢："&S15, "水利處："&Q15&" "&"任 泰："&R15&" "&"上 溢："&S15)) -> 水利處：李晏然 任 泰：王淑慧 上 溢：胡舜豪 | K15: 114年1月13日 任泰顧字 第1140113623號 | L15: =L13+1 -> 5 | M15: =VLOOKUP(L15,CLSM!A:T,5,0) -> 98 | N15: =M15+N13 -> 477 | O15: =VLOOKUP(L15,CLSM!A:T,6,0) -> 2 | P15: =O15+P13 -> 9 | Q15: =VLOOKUP(L15,CLSM!A:T,18,0) -> 李晏然 | R15: =VLOOKUP(L15,CLSM!A:T,19,0) -> 王淑慧 | S15: =VLOOKUP(L15,CLSM!A:T,20,0) -> 胡舜豪
B16: 控制性低強度回填材料及澆置 | D16: =M15&M16 -> 98 M3 | F16: =E15&CHAR(10)&"("&O15&O16&")" -> 98 M3 (2組) | H16: =H15&CHAR(10)&"("&P15&O16&")" -> 477 M3 (9組) | M16: M3 | O16: 組
A17: 編制： | D17: 工地主任： | H17: 附註：
A18: 1.本表於施工期間監造單位依契約約定之「材料、設備送審文件、樣品一覽表」分類登錄，俾利控管材料檢驗使用情形。 2.監造單位應依監造計畫之材料設備抽驗程序及標準辦理材料設備抽驗，如有單項材料設備廠商自主檢查頻率未達 3次時，廠商在辦理自主檢查取樣前，應通知監造單位轉知考工單位會同廠商辦理抽驗（即前2次均由本處派員抽驗）。 3.本表規定檢驗頻率請依據工程契約或施工規範約定填寫。
A19: ="1-CLSM-"&L19 -> 1-CLSM-6 | B19: 1.5.3 | C19: 1187 M3 | D19: =VLOOKUP(L19,CLSM!A:T,2,0) -> 45595 | E19: =M19&M20 -> 248 M3 | F19: =D19 -> 45595 | G19: 1. 每批次數量未達20m3時，免檢驗。 2. 每批次數量達20~50 m3時，檢驗1次，每次製作2组試體，其中1組為備用試體，每組3個圓試體。 3. 每批次數量超過50 m3時，每50 m3加驗1次。 4. 同一工程免檢驗之累計數量達50m3時，須辦理檢驗1次。 註：每批次數量係指同一日、同配比之數量而言，「同一日」之適用範圍，包括跨日澆置但未有中途中斷之一定連續時間的情形，前述之” 中途中斷之一定連續時間”由契約或工程司認定。 | H19: =N19&M20 -> 725 M3 | I19: 合格 | J19: =IF(R19=0,"上 溢："&S19,IF(Q19=0,"任 泰："&R19&" "&"上 溢："&S19, "水利處："&Q19&" "&"任 泰："&R19&" "&"上 溢："&S19)) -> 上 溢：胡舜豪 | K19: 114年1月13日 任泰顧字 第1140113625號 | L19: =L15+1 -> 6 | M19: =VLOOKUP(L19,CLSM!A:T,5,0) -> 248 | N19: =N15+M19 -> 725 | O19: =VLOOKUP(L19,CLSM!A:T,6,0) -> 5 | P19: =P15+O19 -> 14 | Q19: =VLOOKUP(L19,CLSM!A:T,18,0) -> 0 | R19: =VLOOKUP(L19,CLSM!A:T,19,0) -> 0 | S19: =VLOOKUP(L19,CLSM!A:T,20,0) -> 胡舜豪
B20: 控制性低強度回填材料及澆置 | D20: =M19&M20 -> 248 M3 | F20: =E19&CHAR(10)&"("&O19&O20&")" -> 248 M3 (5組) | H20: =H19&CHAR(10)&"("&P19&O20&")" -> 725 M3 (14組) | M20: M3 | O20: 組
A21: ="1-CLSM-"&L21 -> 1-CLSM-7 | B21: 1.5.3 | C21: 1187 M3 | D21: =VLOOKUP(L21,CLSM!A:T,2,0) -> 45643 | E21: =M21&M22 -> 48 M3 | F21: =D21 -> 45643 | H21: =N21&M22 -> 773 M3 | I21: 合格 | J21: =IF(R21=0,"上 溢："&S21,IF(Q21=0,"任 泰："&R21&" "&"上 溢："&S21, "水利處："&Q21&" "&"任 泰："&R21&" "&"上 溢："&S21)) -> 上 溢：周昱辰 | K21: 114年2月26日 任泰顧字 第1140226623號 | L21: =L19+1 -> 7 | M21: =VLOOKUP(L21,CLSM!A:T,5,0) -> 48 | N21: =N19+M21 -> 773 | O21: =VLOOKUP(L21,CLSM!A:T,6,0) -> 1 | P21: =P19+O21 -> 15 | Q21: =VLOOKUP(L21,CLSM!A:T,18,0) -> 0 | R21: =VLOOKUP(L21,CLSM!A:T,19,0) -> 0 | S21: =VLOOKUP(L21,CLSM!A:T,20,0) -> 周昱辰
B22: 控制性低強度回填材料及澆置 | D22: =M21&M22 -> 48 M3 | F22: =E21&CHAR(10)&"("&O21&O22&")" -> 48 M3 (1組) | H22: =H21&CHAR(10)&"("&P21&O22&")" -> 773 M3 (15組) | M22: M3 | O22: 組
A23: ="1-CLSM-"&L23 -> 1-CLSM-8 | B23: 1.5.3 | C23: 1187 M3 | D23: =VLOOKUP(L23,CLSM!A:T,2,0) -> 45644 | E23: =M23&M24 -> 98 M3 | F23: =D23 -> 45644 | H23: =N23&M24 -> 871 M3 | I23: 合格 | J23: =IF(R23=0,"上 溢："&S23,IF(Q23=0,"任 泰："&R23&" "&"上 溢："&S23, "水利處："&Q23&" "&"任 泰："&R23&" "&"上 溢："&S23)) -> 水利處：李晏然 任 泰：王淑慧 上 溢：周昱辰 | K23: 114年2月26日 任泰顧字 第1140226624號 | L23: =L21+1 -> 8 | M23: =VLOOKUP(L23,CLSM!A:T,5,0) -> 98 | N23: =N21+M23 -> 871 | O23: =VLOOKUP(L23,CLSM!A:T,6,0) -> 2 | P23: =P21+O23 -> 17 | Q23: =VLOOKUP(L23,CLSM!A:T,18,0) -> 李晏然 | R23: =VLOOKUP(L23,CLSM!A:T,19,0) -> 王淑慧 | S23: =VLOOKUP(L23,CLSM!A:T,20,0) -> 周昱辰
B24: 控制性低強度回填材料及澆置 | D24: =M23&M24 -> 98 M3 | F24: =E23&CHAR(10)&"("&O23&O24&")" -> 98 M3 (2組) | H24: =H23&CHAR(10)&"("&P23&O24&")" -> 871 M3 (17組) | M24: M3 | O24: 組
A25: ="1-CLSM-"&L25 -> 1-CLSM-9 | B25: 1.5.3 | C25: 1187 M3 | D25: =VLOOKUP(L25,CLSM!A:T,2,0) -> 45645 | E25: =M25&M26 -> 18 M3 | F25: =D25 -> 45645 | H25: =N25&M26 -> 889 M3 | I25: - | J25: =IF(R25=0,"上 溢："&S25,IF(Q25=0,"任 泰："&R25&" "&"上 溢："&S25, "水利處："&Q25&" "&"任 泰："&R25&" "&"上 溢："&S25)) -> 上 溢：周昱辰 | K25: 本次澆置數量 未達20M3 免取樣 | L25: =L23+1 -> 9 | M25: =VLOOKUP(L25,CLSM!A:T,5,0) -> 18 | N25: =M25+N23 -> 889 | O25: =VLOOKUP(L25,CLSM!A:T,6,0) -> 0 | P25: =O25+P23 -> 17 | Q25: =VLOOKUP(L25,CLSM!A:T,18,0) -> 0 | R25: =VLOOKUP(L25,CLSM!A:T,19,0) -> 0 | S25: =VLOOKUP(L25,CLSM!A:T,20,0) -> 周昱辰
B26: 控制性低強度回填材料及澆置 | D26: =M25&M26 -> 18 M3 | F26: =E25&CHAR(10)&"("&O25&O26&")" -> 18 M3 (0組) | H26: =H25&CHAR(10)&"("&P25&O26&")" -> 889 M3 (17組) | K26: EF-1131219 混凝土 自主檢查表 | M26: M3 | O26: 組
A27: ="1-CLSM-"&L27 -> 1-CLSM-10 | B27: 1.5.3 | C27: 1187 M3 | D27: =VLOOKUP(L27,CLSM!A:T,2,0) -> 45656 | E27: =M27&M28 -> 48 M3 | F27: =D27 -> 45656 | H27: =N27&M28 -> 937 M3 | I27: 合格 | J27: =IF(R27=0,"上 溢："&S27,IF(Q27=0,"任 泰："&R27&" "&"上 溢："&S27, "水利處："&Q27&" "&"任 泰："&R27&" "&"上 溢："&S27)) -> 上 溢：周昱辰 | K27: 114年3月26日 任泰顧字 第1140326624號 | L27: =L25+1 -> 10 | M27: =VLOOKUP(L27,CLSM!A:T,5,0) -> 48 | N27: =N25+M27 -> 937 | O27: =VLOOKUP(L27,CLSM!A:T,6,0) -> 1 | P27: =P25+O27 -> 18 | Q27: =VLOOKUP(L27,CLSM!A:T,18,0) -> 0 | R27: =VLOOKUP(L27,CLSM!A:T,19,0) -> 0 | S27: =VLOOKUP(L27,CLSM!A:T,20,0) -> 周昱辰
B28: 控制性低強度回填材料及澆置 | D28: =M27&M28 -> 48 M3 | F28: =E27&CHAR(10)&"("&O27&O28&")" -> 48 M3 (1組) | H28: =H27&CHAR(10)&"("&P27&O28&")" -> 937 M3 (18組) | M28: M3 | O28: 組
A29: 編制： | D29: 工地主任： | H29: 附註：
A30: 1.本表於施工期間監造單位依契約約定之「材料、設備送審文件、樣品一覽表」分類登錄，俾利控管材料檢驗使用情形。 2.監造單位應依監造計畫之材料設備抽驗程序及標準辦理材料設備抽驗，如有單項材料設備廠商自主檢查頻率未達 3次時，廠商在辦理自主檢查取樣前，應通知監造單位轉知考工單位會同廠商辦理抽驗（即前2次均由本處派員抽驗）。 3.本表規定檢驗頻率請依據工程契約或施工規範約定填寫。

Sheet 5-2.預鑄路緣石
A1: 臺北市政府工務局水利工程處
A2: 材料設備檢（試）驗管制總表
A3: ="工程名稱:"&'1.計畫'!A1:I1 -> 工程名稱:磺港溪再造C段護岸及步道整建工程（延壽橋至三合橋） | H3: 契約編號：H-111-03-112080
A4: 監造單位：任泰技術顧問有限公司 | H4: 施工廠商：上溢營造份有限公司
A5: 項次 | B5: 契約詳細表項次 | C5: 契約 數量 | D5: 進場 日期 | E5: 進場 數量 | F5: 抽樣 日期 | G5: 規定抽（取）樣頻率 | H5: 累積進場數量 | I5: 抽試驗結果 | J5: 抽驗及會同人員 | K5: 備註
B6: 材料(設備)名稱 | D6: 進場 數量 | F6: 抽樣 數量 | H6: 累積抽樣數量 | K6: (歸檔編號)
A7: 2-1-1 | B7: 1.2.24 | C7: 360.35 M | D7: 45931 | F7: 45818 | G7: 每1000m2檢驗一次，未滿1000m2以1000m2計。 | H7: 361m (1,000m2) | I7: 合格 | J7: 水利處：李晏然 任 泰：陳勇智 上 溢：康祐銓 | K7: 114年7月29日 任泰顧字第1140729255號 60*10*10cm
B8: 界石收邊 | D8: 361m (1,000m2) | F8: 361m (1,000m2) (1組) | H8: 361m (1,000m2) (1組)
A9: 2-2-1 | B9: 1.2.25 | C9: 691.14 M | D9: 45931 | F9: 45818 | H9: 700m (1,000m2) | I9: 合格 | J9: 水利處：李晏然 任 泰：陳勇智 上 溢：康祐銓 | K9: 114年7月29日 任泰顧字第1140729255號 60*10*20cm
B10: 緣石收邊 | D10: 700m (1,000m2) | F10: 700m (1,000m2) (1組) | H10: 700m (1,000m2) (1組)
A11: 2-3-1 | B11: 1.2.26 | C11: 890.62 M | D11: 45931 | F11: 45818 | H11: 900m (1,000m2) | I11: 合格 | J11: 水利處：李晏然 任 泰：陳勇智 上 溢：康祐銓 | K11: 114年7月29日 任泰顧字第1140729255號 60*(15/20)*22cm
B12: 道路緣石收邊 | D12: 900m (1,000m2) | F12: 900m (1,000m2) (1組) | H12: 900m (1,000m2) (1組)
A13: 編制： | D13: 工地主任： | H13: 附註：
A14: 1.本表於施工期間監造單位依契約約定之「材料、設備送審文件、樣品一覽表」分類登錄，俾利控管材料檢驗使用情形。 2.監造單位應依監造計畫之材料設備抽驗程序及標準辦理材料設備抽驗，如有單項材料設備廠商自主檢查頻率未達 3次時，廠商在辦理自主檢查取樣前，應通知監造單位轉知考工單位會同廠商辦理抽驗（即前2次均由本處派員抽驗）。 3.本表規定檢驗頻率請依據工程契約或施工規範約定填寫。
A30: 註：1.本表單於開工後應由廠商檢討提出預定進場日期，並由監造單位會同廠商定期檢討辦理情形。 2.材料或設備之現場抽樣檢驗項目(例如：外觀、尺度、型號、運轉功能等)，及抽樣送實驗室試驗項目(例如：混凝土高壓磚 抗壓強度、鋼筋抗拉強度及化學性質等)均應納入本表管制。 3.本表單格式僅提供參考，使用單位可依個別需要調整。

Sheet 5-3.280W鋼筋
A1: 臺北市政府工務局水利工程處
A2: 材料設備檢（試）驗管制總表
A3: ="工程名稱:"&'1.計畫'!A1:I1 -> 工程名稱:磺港溪再造C段護岸及步道整建工程（延壽橋至三合橋） | H3: 契約編號：H-111-03-112080
A4: 監造單位：任泰技術顧問有限公司 | H4: 施工廠商：上溢營造份有限公司
A5: 項次 | B5: 契約詳細表項次 | C5: 契約 數量 | D5: 進場 日期 | E5: 進場 數量 | F5: 抽樣 日期 | G5: 規定抽（取）樣頻率 | H5: 累積進場數量 | I5: 抽試驗結果 | J5: 抽驗及會同人員 | K5: 備註
B6: 材料(設備)名稱 | D6: 進場 數量 | F6: 抽樣 數量 | H6: 累積抽樣數量 | K6: (歸檔編號)
A7: 3-1 | B7: 1.2.3、1.3.5、1.4.7、1.5.8、1.6.11 | C7: 294353.68 KG | D7: - | E7: 49,000 KG | F7: - | G7: 以同一爐號及相同標稱直徑之鋼筋為1組，每組取1支試樣，但同一爐號質量超過50t至100t以下者，每組取2支，同一爐號質量超過100t者，每增加50t(不足50t，以50t計)，每組另加取1支。 | H7: - | I7: - | J7: -
B8: 鋼筋，SD280W | D8: - | F8: - | H8: -
A9: 3-2 | B9: 1.2.3、1.3.5、1.4.7、1.5.8、1.6.11 | C9: 294353.68 KG | D9: 45282 | E9: 73,000 KG | F9: 45287 | H9: 73,000 KG | I9: 合格 | J9: 水利處：李晏然 任 泰：游文圃 上 溢：郭冠廷 | K9: 113年1月22日 112任泰顧字 第0122010010號 D10*1、D13*1、 D16*2
B10: 鋼筋，SD280W | D10: 73,000 KG | F10: 73,000 KG (4組) | H10: 73,000 KG (4組)
A11: 3-3 | B11: 1.2.3、1.3.5、1.4.7、1.5.8、1.6.11 | C11: 294353.68 KG | D11: - | E11: 49,000 KG | F11: - | H11: 73,000 KG | I11: - | J11: -
B12: 鋼筋，SD280W | D12: - | F12: - | H12: 73,000 KG (4組)
A13: 3-4 | B13: 1.2.3、1.3.5、1.4.7、1.5.8、1.6.11 | C13: 294353.68 KG | D13: - | E13: 49,000 KG | F13: - | H13: 73,000 KG | I13: - | J13: -
B14: 鋼筋，SD280W | D14: - | F14: - | H14: 73,000 KG (4組)
A15: 3-5 | B15: 1.2.3、1.3.5、1.4.7、1.5.8、1.6.11 | C15: 294353.68 KG | D15: - | E15: 49,000 KG | F15: - | H15: 73,000 KG | I15: - | J15: -
B16: 鋼筋，SD280W | D16: - | F16: - | H16: 73,000 KG (4組)
A17: 3-6 | B17: 1.2.3、1.3.5、1.4.7、1.5.8、1.6.11 | C17: 294353.68 KG | D17: - | E17: 49,000 KG | F17: - | H17: 73,000 KG | I17: - | J17: -
B18: 鋼筋，SD280W | D18: - | F18: - | H18: 73,000 KG (4組)
A19: 編制： | D19: 工地主任： | H19: 附註：
A20: 1.本表於施工期間監造單位依契約約定之「材料、設備送審文件、樣品一覽表」分類登錄，俾利控管材料檢驗使用情形。 2.監造單位應依監造計畫之材料設備抽驗程序及標準辦理材料設備抽驗，如有單項材料設備廠商自主檢查頻率未達 3次時，廠商在辦理自主檢查取樣前，應通知監造單位轉知考工單位會同廠商辦理抽驗（即前2次均由本處派員抽驗）。 3.本表規定檢驗頻率請依據工程契約或施工規範約定填寫。
A21: 3-7 | B21: 1.2.3、1.3.5、1.4.7、1.5.8、1.6.11 | C21: 294353.68 KG | D21: 45463 | E21: 97,000 KG | F21: 45467 | G21: 以同一爐號及相同標稱直徑之鋼筋為1組，每組取1支試樣，但同一爐號質量超過50t至100t以下者，每組取2支，同一爐號質量超過100t者，每增加50t(不足50t，以50t計)，每組另加取1支。 | H21: 121,000 KG | I21: 合格 | J21: 水利處：李晏然 任 泰：白博文 上 溢：郭冠廷 | K21: 113年7月18日 任泰顧字 第1130718105號 D13*3
B22: 鋼筋，SD280W | D22: 48,000 KG | F22: 48,000 KG (3組) | H22: 121,000 KG (7組)
A23: 3-8 | B23: 1.2.3、1.3.5、1.4.7、1.5.8、1.6.11 | C23: 294353.68 KG | D23: 45518 | E23: 156,000 KG | F23: 45526 | H23: 147,000 KG | I23: 合格 | J23: 水利處：李晏然 任 泰：王淑慧 上 溢：葉展志 | K23: 113年9月26日 113任泰顧字 第1130926621號 D13*2
B24: 鋼筋，SD280W | D24: 26,000 KG | F24: 26,000 KG (2組) | H24: 147,000 KG (9組)
A25: 3-9 | B25: 1.2.3、1.3.5、1.4.7、1.5.8、1.6.11 | C25: 294353.68 KG | D25: 45548 | E25: 49,000 KG | F25: 45554 | H25: 221,400 KG | I25: 合格 | J25: 任 泰：王淑慧 上 溢：胡舜豪 | K25: 113年11月6日 任泰顧字 第1131106622號 D13*3
B26: 鋼筋，SD280W | D26: 74,400 KG | F26: 74,400 KG (3組) | H26: 221,400 KG (12組)
A27: 3-10 | B27: 1.2.3、1.3.5、1.4.7、1.5.8、1.6.11 | C27: 294353.68 KG | D27: 45705 | E27: 49,000 KG | F27: 45714 | H27: 264,400 KG | I27: 合格 | J27: 任 泰：王淑慧 上 溢：康祐銓 | K27: 114年4月17日 任泰顧字 第1140417622號 D13*2、D16*1
B28: 鋼筋，SD280W | D28: 43,000 KG | F28: 43,000 KG (3組) | H28: 264,400 KG (15組)
A29: 3-11 | B29: 1.2.3、1.3.5、1.4.7、1.5.8、1.6.11 | C29: 294353.68 KG | D29: 45946 | E29: 49,000 KG | F29: 45953 | H29: 316,400 KG | I29: 合格 | J29: 水利處：李晏然 任 泰：王淑慧 上 溢：康祐銓 | K29: 114年11月6日 任泰顧字 第1141106621號 D13*2
B30: 鋼筋，SD280W | D30: 52,000 KG | F30: 52,000 KG (2組) | H30: 316,400 KG (17組)
A31: 編制： | D31: 工地主任： | H31: 附註：
A32: 1.本表於施工期間監造單位依契約約定之「材料、設備送審文件、樣品一覽表」分類登錄，俾利控管材料檢驗使用情形。 2.監造單位應依監造計畫之材料設備抽驗程序及標準辦理材料設備抽驗，如有單項材料設備廠商自主檢查頻率未達 3次時，廠商在辦理自主檢查取樣前，應通知監造單位轉知考工單位會同廠商辦理抽驗（即前2次均由本處派員抽驗）。 3.本表規定檢驗頻率請依據工程契約或施工規範約定填寫。

Sheet 5-3.420W.鋼筋
A1: 臺北市政府工務局水利工程處
A2: 材料設備檢（試）驗管制總表
A3: ="工程名稱:"&'1.計畫'!A1:I1 -> 工程名稱:磺港溪再造C段護岸及步道整建工程（延壽橋至三合橋） | H3: 契約編號：H-111-03-112080
A4: 監造單位：任泰技術顧問有限公司 | H4: 施工廠商：上溢營造份有限公司
A5: 項次 | B5: 契約詳細表項次 | C5: 契約 數量 | D5: 進場 日期 | E5: 進場 數量 | F5: 抽樣 日期 | G5: 規定抽（取）樣頻率 | H5: 累積進場數量 | I5: 抽試驗結果 | J5: 抽驗及會同人員 | K5: 備註
B6: 材料(設備)名稱 | D6: 進場 數量 | F6: 抽樣 數量 | H6: 累積抽樣數量 | K6: (歸檔編號)
A7: 3-1 | B7: 1.3.6、1.3.20、1.4.8、1.5.9 | C7: 584649.02 KG | D7: 45275 | E7: 49,000 KG | F7: 45282 | G7: 以同一爐號及相同標稱直徑之鋼筋為1組，每組取1支試樣，但同一爐號質量超過50t至100t以下者，每組取2支，同一爐號質量超過100t者，每增加50t(不足50t，以50t計)，每組另加取1支。 | H7: 49,000 KG | I7: 合格 | J7: 水利處：李晏然 任 泰：游文圃 上 溢：郭冠廷 | K7: 113年1月22日 113任泰顧字 第0122010010號 D19*2、D25*2
B8: 鋼筋，SD420W | D8: 49,000 KG | F8: 49,000 KG (4組) | H8: 49,000 KG (4組)
A9: 3-2 | B9: 1.3.6、1.3.20、1.4.8、1.5.9 | C9: 584649.02 KG | D9: - | F9: - | H9: 49,000 KG | I9: - | J9: - | K9: -
B10: 鋼筋，SD420W | D10: - | F10: - | H10: 49,000 KG (4組)
A11: 3-3 | B11: 1.3.6、1.3.20、1.4.8、1.5.9 | C11: 584649.02 KG | D11: 45317 | E11: 146,000 KG | F11: 45321 | H11: 195,000 KG | I11: 合格 | J11: 水利處：李晏然 任 泰：白博文 上 溢：郭冠廷 | K11: 113年2月27日 113任泰顧字 第0227010010號 D13*2、D16*2、D19*1、D22*1、D25*2、D32*2
B12: 鋼筋，SD420W | D12: 146,000 KG | F12: 146,000 KG (10組) | H12: 195,000 KG (14組)
A13: 3-4 | B13: 1.3.6、1.3.20、1.4.8、1.5.9 | C13: 584649.02 KG | D13: 45376 | E13: 51,000 KG | F13: 45383 | H13: 246,000 KG | I13: 合格 | J13: 水利處：李晏然 任 泰：白博文 上 溢：郭冠廷 | K13: 113年5月14日 113任泰顧字 第0514010012號 D25*3
B14: 鋼筋，SD420W | D14: 51,000 KG | F14: 51,000 KG (3組) | H14: 246,000 KG (17組)
A15: 3-5 | B15: 1.3.6、1.3.20、1.4.8、1.5.9 | C15: 584649.02 KG | D15: 45317 | E15: 146,000 KG | F15: 45418 | H15: 246,000 KG | I15: 合格 | J15: 水利處：李晏然 任 泰：白博文 上 溢：郭冠廷 | K15: 113年5月22日 113任泰顧字 第0522010011號 D13*1
B16: 鋼筋，SD420W | D16: 0KG | F16: 府查核取樣 (1組) | H16: 246,000 KG (18組)
A17: 3-6 | B17: 1.3.6、1.3.20、1.4.8、1.5.9 | C17: 584649.02 KG | D17: 45435 | E17: 178,000 KG | F17: 45440 | H17: 442,000 KG | I17: 合格 | J17: 水利處：李晏然 任 泰：白博文 上 溢：郭冠廷 | K17: 113年6月12日 任泰顧字 第1130612108號 D10*2、D13*2、D16*1、D19*1、D22*2、D25*2、D32*1
B18: 鋼筋，SD420W | D18: 178,000 KG | F18: 178,000 KG (11組) | H18: 424,000 KG (29組)
A19: 編制： | D19: 工地主任： | H19: 附註：
A20: 1.本表於施工期間監造單位依契約約定之「材料、設備送審文件、樣品一覽表」分類登錄，俾利控管材料檢驗使用情形。 2.監造單位應依監造計畫之材料設備抽驗程序及標準辦理材料設備抽驗，如有單項材料設備廠商自主檢查頻率未達 3次時，廠商在辦理自主檢查取樣前，應通知監造單位轉知考工單位會同廠商辦理抽驗（即前2次均由本處派員抽驗）。 3.本表規定檢驗頻率請依據工程契約或施工規範約定填寫。
A21: 3-7 | B21: 1.3.6、1.3.20、1.4.8、1.5.9 | C21: 584649.02 KG | D21: 45463 | E21: 97,000 KG | F21: 45467 | G21: 以同一爐號及相同標稱直徑之鋼筋為1組，每組取1支試樣，但同一爐號質量超過50t至100t以下者，每組取2支，同一爐號質量超過100t者，每增加50t(不足50t，以50t計)，每組另加取1支。 | H21: 473,000 KG | I21: 合格 | J21: 水利處：李晏然 任 泰：白博文 上 溢：郭冠廷 | K21: 113年7月18日 任泰顧字 第1130718105號 D16*1、D25*2、D29*1
B22: 鋼筋，SD420W | D22: 49,000 KG | F22: 49,000 KG (4組) | H22: 473,000 KG (33組)
A23: 3-8 | B23: 1.3.6、1.3.20、1.4.8、1.5.9 | C23: 584649.02 KG | D23: 45518 | E23: 156,000 KG | F23: 45526 | H23: 603,000 KG | I23: 合格 | J23: 水利處：李晏然 任 泰：王淑慧 上 溢：葉展志 | K23: 113年9月26日 113任泰顧字 第1130926621號 D16*5、D22*2、D29*1
B24: 鋼筋，SD420W | D24: 130,000 KG | F24: 130,000 KG (8組) | H24: 603,000 KG (41組)
A25: 3-9 | B25: 1.3.6、1.3.20、1.4.8、1.5.9 | C25: 584649.02 KG | D25: 45548 | E25: 156,000 KG | F25: 45554 | H25: 736,000 KG | I25: 合格 | J25: 任 泰：王淑慧 上 溢：胡舜豪 | K25: 113年11月6日 113任泰顧字 第1131106622號 D19*1、D22*4、D25*1
B26: 鋼筋，SD420W | D26: 133,000 KG | F26: 133,000 KG (6組) | H26: 736,000 KG (47組)
A27: 3-10 | B27: 1.3.6、1.3.20、1.4.8、1.5.9 | C27: 584649.02 KG | D27: - | F27: - | H27: 736,000 KG | I27: - | J27: - | K27: -
B28: 鋼筋，SD420W | D28: - | F28: - | H28: 736,000 KG (47組) | K28: -
A29: 3-11 | B29: 1.3.6、1.3.20、1.4.8、1.5.9 | C29: 584649.02 KG | D29: - | F29: - | H29: 736,000 KG | I29: - | J29: - | K29: -
B30: 鋼筋，SD420W | D30: - | F30: - | H30: 736,000 KG (47組) | K30: -
A31: 編制： | D31: 工地主任： | H31: 附註：
A32: 1.本表於施工期間監造單位依契約約定之「材料、設備送審文件、樣品一覽表」分類登錄，俾利控管材料檢驗使用情形。 2.監造單位應依監造計畫之材料設備抽驗程序及標準辦理材料設備抽驗，如有單項材料設備廠商自主檢查頻率未達 3次時，廠商在辦理自主檢查取樣前，應通知監造單位轉知考工單位會同廠商辦理抽驗（即前2次均由本處派員抽驗）。 3.本表規定檢驗頻率請依據工程契約或施工規範約定填寫。

Sheet 5-4.AC(9.5)
A1: .
A2: 材料設備檢（試）驗管制總表
A3: ="工程名稱:"&'1.計畫'!A1:I1 -> 工程名稱:磺港溪再造C段護岸及步道整建工程（延壽橋至三合橋） | G3: 契約編號：H-111-03-112080
A4: 監造單位：任泰技術顧問有限公司 | G4: 施工廠商：上溢營造份有限公司
A5: 項次 | B5: 契約詳細表項次 | C5: 契約 數量 | D5: 進場 日期 | E5: 抽樣 日期 | F5: 規定抽（取）樣頻率 | G5: 累積進場數量 | H5: 抽試驗結果 | I5: 抽驗及會同人員 | J5: 備註 | Q5: =360.68*2.3 -> 829.564
B6: 材料(設備)名稱 | D6: 進場 數量 | E6: 抽樣 數量 | G6: 累積抽樣數量 | J6: (歸檔編號) | M6: 2.378 | N6: 2.3
A7: 4-9.5-1 | B7: 1.6.1 | C7: 380.68 M3 (905.26T) | D7: 45593 | E7: =D7 -> 45593 | F7: 含量抽油試驗每天檢驗2次(分層隨機抽樣)，可併同監造單位辦理；粒料檢驗頻率每2000m3一次 | G7: 33.64 M3 (80 T) | H7: 合格 | I7: 水利處：李晏然 任 泰：王淑慧 上 溢：康祐銓 | J7: 114年2月19日 任泰顧字 第1140219623號 | K7: =L7/$M$6 -> 33.641716 | L7: 80 | M7: =K7 -> 33.641716 | N7: 80
B8: 瀝青混凝土舖面，粗粒料9.5mm，黏度AC(1)-20 | D8: 33.64 M3 (80 T) | E8: 33.64 M3 (80 T) (1組) | G8: 33.64 M3 (80 T) (1組)
A9: 4-9.5-2 | B9: 1.6.1 | C9: 380.68 M3 (905.26T) | D9: 45620 | E9: =D9 -> 45620 | G9: 117.75 M3 (280 T) | H9: 合格 (扣罰允收) | I9: 任 泰：王淑慧 上 溢：李建豪 | J9: 114年2月21日 任泰顧字 第1140221621號 | K9: =L9/$M$6 -> 84.104289 | L9: 200 | M9: =M7+K9 -> 117.74601 | N9: =N7+L9 -> 280
B10: 瀝青混凝土舖面，粗粒料9.5mm，黏度AC(1)-20 | D10: 84.10 M3 (200 T) | E10: 84.10 M3 (200 T) (1組) | G10: 117.75 M3 (280 T) (2組)
A11: 4-9.5-3 | B11: 1.6.1 | C11: 380.68 M3 (905.26T) | D11: 45765 | E11: =D11 -> 45765 | G11: 199.75 M3 (475 T) | H11: 合格 | I11: 水利處：李晏然 任 泰：王淑慧 上 溢：康祐銓 | J11: 114年5月16日 任泰顧字 第1140516622號 | K11: =L11/$M$6 -> 82.001682 | L11: 195 | M11: =M9+K11 -> 199.74769 | N11: =N9+L11 -> 475
B12: 瀝青混凝土舖面，粗粒料9.5mm，黏度AC(1)-20 | D12: 82.00 M3 (195 T) | E12: 82.00 M3 (195 T) (1組) | G12: 199.75 M3 (475 T) (3組)
A13: 4-9.5-4 | B13: 1.6.1 | C13: 380.68 M3 (905.26T) | D13: 45774 | E13: 45774 | G13: 232.21 M3 (552.2 T) | H13: 合格 | I13: 任 泰：陳勇智 上 溢：康祐銓 | J13: 114年6月13日 任泰顧字 第1140613252號 | K13: =L13/$M$6 -> 32.464256 | L13: 77.2 | M13: =M11+K13 -> 232.21194 | N13: =N11+L13 -> 552.2
B14: 瀝青混凝土舖面，粗粒料9.5mm，黏度AC(1)-20 | D14: 35.46 M3 (77.2 T) | E14: 35.46 M3 (77.2 T) (1組) | G14: 232.21 M3 (552.2 T) (4組)
A15: 4-9.5-5 | B15: 1.6.1 | C15: 380.68 M3 (905.26T) | D15: 45920 | E15: 45920 | G15: 318.34 M3 (750.3 T) | H15: 合格 | I15: 水利處：李晏然 任 泰：陳勇智 上 溢：康祐銓 | J15: 114年10月30日 任泰顧字 第1141030623號 | K15: =L15/$N$6 -> 86.130435 | L15: 198.1 | M15: =M13+K15 -> 318.34238 | N15: =N13+L15 -> 750.3
B16: 瀝青混凝土舖面，粗粒料9.5mm，黏度AC(1)-20 | D16: 86.13 M3 (198.1 T) | E16: 86.13 M3 (198.1 T) (1組) | G16: 318.34 M3 (750.3 T) (5組)
A17: 編制： | D17: 工地主任： | G17: 附註：
A18: 1.本表於施工期間監造單位依契約約定之「材料、設備送審文件、樣品一覽表」分類登錄，俾利控管材料檢驗使用情形。 2.監造單位應依監造計畫之材料設備抽驗程序及標準辦理材料設備抽驗，如有單項材料設備廠商自主檢查頻率未達 3次時，廠商在辦理自主檢查取樣前，應通知監造單位轉知考工單位會同廠商辦理抽驗（即前2次均由本處派員抽驗）。 3.本表規定檢驗頻率請依據工程契約或施工規範約定填寫。
A19: 4-9.5-6 | B19: 1.6.1 | C19: 380.68 M3 (905.26T) | D19: 45920 | E19: 45920 | G19: 345.00 M3 (812.4 T) | H19: 合格 | I19: 水利處：李晏然 任 泰：陳勇智 上 溢：康祐銓 | J19: 114年10月30日 任泰顧字 第1141030622號 | K19: =L19/$N$6 -> 27 | L19: 62.1 | M19: =M15+K19 -> 345.34238 | N19: =N15+L19 -> 812.4
B20: 瀝青混凝土舖面，粗粒料9.5mm，黏度AC(1)-20 | D20: 27.00 M3 (62.1 T) | E20: 27.00 M3 (62.1 T) (1組) | G20: 345.00 M3 (812.4 T) (6組)
A21: 4-9.5-7 | B21: 1.6.1 | C21: 380.68 M3 (905.26T) | D21: 45921 | E21: 45921 | F21: 含量抽油試驗每天檢驗2次(分層隨機抽樣)，可併同監造單位辦理；粒料檢驗頻率每2000m3一次 | G21: 389 M3 (912.63 T) | H21: 合格 | I21: 水利處：李晏然 任 泰：陳勇智 上 溢：康祐銓 | J21: 114年10月31日 任泰顧字 第1141031623號 | K21: =L21/$N$6 -> 43.578261 | L21: 100.23 | M21: =M19+K21 -> 388.92064 | N21: =N19+L21 -> 912.63
B22: 瀝青混凝土舖面，粗粒料9.5mm，黏度AC(1)-20 | D22: 43.58 M3 (100.23 T) | E22: 43.58 M3 (100.23 T) (1組) | G22: 389 M3 (912.63 T) (7組)
A23: 4-9.5-8 | B23: 1.6.1 | C23: 380.68 M3 (905.26T) | D23: 45921 | E23: 45921 | G23: 442.00 M3 (1033.61 T) | H23: 合格 | I23: 水利處：李晏然 任 泰：陳勇智 上 溢：康祐銓 | J23: 114年10月31日 任泰顧字 第1141031624號 | K23: =L23/$N$6 -> 52.6 | L23: 120.98 | M23: =M21+K23 -> 441.52064 | N23: =N21+L23 -> 1033.61
B24: 瀝青混凝土舖面，粗粒料9.5mm，黏度AC(1)-20 | D24: 52.6 M3 (120.98 T) | E24: 52.6 M3 (120.98 T) (1組) | G24: 422.00 M3 (1033.61 T) (8組)
A25: 4-9.5-9 | B25: 1.6.1 | C25: 380.68 M3 (905.26T) | D25: 45926 | E25: 45926 | G25: 497 M3 (1162.11 T) | H25: 合格 | I25: 水利處：李晏然 任 泰：陳勇智 上 溢：康祐銓 | J25: 114年11月5日 任泰顧字 第1141105623號 | K25: =L25/$N$6 -> 55.869565 | L25: 128.5 | M25: =M23+K25 -> 497.3902 | N25: =N23+L25 -> 1162.11
B26: 瀝青混凝土舖面，粗粒料9.5mm，黏度AC(1)-20 | D26: 55.87 M3 (128.5 T) | E26: 55.87 M3 (128.5 T) (1組) | G26: 497 M3 (1162.11 T) (9組)
A27: 4-9.5-10 | B27: 1.6.1 | C27: 380.68 M3 (905.26T) | D27: 45927 | E27: 45927 | G27: 533.04 M3 (1244.11 T) | H27: 合格 | I27: 水利處：李晏然 任 泰：陳勇智 上 溢：康祐銓 | J27: 114年11月5日 任泰顧字 第1141105624號 | K27: =L27/$N$6 -> 35.652174 | L27: 82 | M27: =M25+K27 -> 533.04238 | N27: =N25+L27 -> 1244.11
B28: 瀝青混凝土舖面，粗粒料9.5mm，黏度AC(1)-20 | D28: 35.65 M3 (82 T) | E28: 35.65 M3 (82 T) (1組) | G28: 533.04 M3 (1244.11 T) (10組)
A29: 編制： | D29: 工地主任： | G29: 附註：
A30: 1.本表於施工期間監造單位依契約約定之「材料、設備送審文件、樣品一覽表」分類登錄，俾利控管材料檢驗使用情形。 2.監造單位應依監造計畫之材料設備抽驗程序及標準辦理材料設備抽驗，如有單項材料設備廠商自主檢查頻率未達 3次時，廠商在辦理自主檢查取樣前，應通知監造單位轉知考工單位會同廠商辦理抽驗（即前2次均由本處派員抽驗）。 3.本表規定檢驗頻率請依據工程契約或施工規範約定填寫。

Sheet 5-4.AC(19)
A1: 臺北市政府工務局水利工程處
A2: 材料設備檢（試）驗管制總表
A3: ="工程名稱:"&'1.計畫'!A1:I1 -> 工程名稱:磺港溪再造C段護岸及步道整建工程（延壽橋至三合橋） | G3: 契約編號：H-111-03-112080
A4: 監造單位：任泰技術顧問有限公司 | G4: 施工廠商：上溢營造份有限公司
A5: 項次 | B5: 契約詳細表項次 | C5: 契約 數量 | D5: 進場 日期 | E5: 抽樣 日期 | F5: 規定抽（取）樣頻率 | G5: 累積進場數量 | H5: 抽試驗結果 | I5: 抽驗及會同人員 | J5: 備註 | M5: =917.25*2.3 -> 2109.675
B6: 材料(設備)名稱 | D6: 進場 數量 | E6: 抽樣 數量 | G6: 累積抽樣數量 | J6: (歸檔編號) | M6: 2.3 | N6: 2.3
A7: 4-19-1 | B7: 1.6.2 | C7: 917.25 M3 (2109.68T) | D7: 45593 | E7: =D7 -> 45593 | F7: 含量抽油試驗每天檢驗2次(分層隨機抽樣)，可併同監造單位辦理；粒料檢驗頻率每2000m3一次 | G7: 26.09 M3 (60 T) | H7: 合格 | I7: 任 泰：王淑慧 上 溢：李建豪 | J7: 114年2月19日 任泰顧字 第1140219623號 | K7: =L7/M6 -> 26.086957 | L7: 60 | M7: =K7 -> 26.086957 | N7: =L7 -> 60
B8: 瀝青混凝土舖面，粗粒料19.0mm，黏度AC(1)-20 | D8: 26.09 M3 (60 T) | E8: 26.09 M3 (60 T) (1組) | G8: 26.09 M3 (60 T) (1組) | K8: =L7/K7 -> 2.3
A9: 4-19-2 | B9: 1.6.2 | C9: 917.25 M3 (2109.68T) | D9: 45743 | E9: =D9 -> 45743 | G9: 154.35 M3 (355 T) | H9: 合格 | I9: 水利處：李晏然 任 泰：陳勇智 上 溢：康祐銓 | J9: 114年4月29日 任泰顧字 第1140429623號 | K9: =ROUND(L9/K8,2) -> 128.26 | L9: 295 | M9: =M7+K9 -> 154.34696 | N9: =N7+L9 -> 355
B10: 瀝青混凝土舖面，粗粒料19.0mm，黏度AC(1)-20 | D10: 128.26 M3 (295 T) | E10: 128.26 M3 (295 T) (1組) | G10: 154.35 M3 (355 T) (2組)
A11: 4-19-3 | B11: 1.6.2 | C11: 917.25 M3 (2109.68T) | D11: 45743 | E11: =D11 -> 45743 | G11: 373.92 M3 (860 T) | H11: 合格 | I11: 水利處：李晏然 任 泰：陳勇智 上 溢：康祐銓 | J11: 114年4月29日 任泰顧字 第1140429623號 | K11: =ROUND(L11/K8,2) -> 219.57 | L11: 505 | M11: =M9+K11 -> 373.91696 | N11: =N9+L11 -> 860
B12: 瀝青混凝土舖面，粗粒料19.0mm，黏度AC(1)-20 | D12: 212.35 M3 (505 T) | E12: 212.35 M3 (505 T) (1組) | G12: 373.92 M3 (860 T) (3組)
A13: 4-19-4 | B13: 1.6.2 | C13: 917.25 M3 (2109.68T) | D13: 45920 | E13: 45920 | G13: 438.91 M3 (1009.47 T) | H13: 合格 | I13: 水利處：李晏然 任 泰：陳勇智 上 溢：康祐銓 | J13: 114年10月30日 任泰顧字 第1141030621號 | K13: =ROUND(L13/$N$6,2) -> 64.99 | L13: 149.47 | M13: =M11+K13 -> 438.90696 | N13: =N11+L13 -> 1009.47
B14: 瀝青混凝土舖面，粗粒料19.0mm，黏度AC(1)-20 | D14: 64.99 M3 (149.47 T) | E14: 64.99 M3 (149.47 T) (1組) | G14: 438.91 M3 (1009.47 T) (4組)
A15: 4-19-5 | B15: 1.6.2 | C15: 917.25 M3 (2109.68T) | D15: 45921 | E15: 45921 | G15: 546.14 M3 (1256.11 T) | H15: 合格 | I15: 水利處：李晏然 任 泰：陳勇智 上 溢：康祐銓 | J15: 114年10月31日 任泰顧字 第1141031622號 | K15: =ROUND(L15/$N$6,2) -> 107.23 | L15: 246.64 | M15: =M13+K15 -> 546.13696 | N15: =N13+L15 -> 1256.11
B16: 瀝青混凝土舖面，粗粒料19.0mm，黏度AC(1)-20 | D16: 107.23 M3 (246.64 T) | E16: 107.23 M3 (246.64 T) (1組) | G16: 546.14 M3 (1256.11 T) (5組)
A17: 編制： | D17: 工地主任： | G17: 附註：
A18: 1.本表於施工期間監造單位依契約約定之「材料、設備送審文件、樣品一覽表」分類登錄，俾利控管材料檢驗使用情形。 2.監造單位應依監造計畫之材料設備抽驗程序及標準辦理材料設備抽驗，如有單項材料設備廠商自主檢查頻率未達 3次時，廠商在辦理自主檢查取樣前，應通知監造單位轉知考工單位會同廠商辦理抽驗（即前2次均由本處派員抽驗）。 3.本表規定檢驗頻率請依據工程契約或施工規範約定填寫。
A19: 4-19-6 | B19: 1.6.2 | C19: 917.25 M3 (2109.68T) | D19: 45921 | E19: 45921 | F19: 含量抽油試驗每天檢驗2次(分層隨機抽樣)，可併同監造單位辦理；粒料檢驗頻率每2000m3一次 | G19: 697.08 M3 (1623.27 T) | H19: 合格 | I19: 水利處：李晏然 任 泰：陳勇智 上 溢：康祐銓 | J19: 114年10月31日 任泰顧字 第1141031621號 | K19: =ROUND(L19/$N$6,2) -> 150.94 | L19: 347.16 | M19: =M15+K19 -> 697.07696 | N19: =N15+L19 -> 1603.27
B20: 瀝青混凝土舖面，粗粒料19.0mm，黏度AC(1)-20 | D20: 150.94 M3 (347.16 T) | E20: 150.94 M3 (347.16 T) (1組) | G20: 697.08 M3 (1603.27 T) (6組)
A21: 編制： | D21: 工地主任： | G21: 附註：
A22: 1.本表於施工期間監造單位依契約約定之「材料、設備送審文件、樣品一覽表」分類登錄，俾利控管材料檢驗使用情形。 2.監造單位應依監造計畫之材料設備抽驗程序及標準辦理材料設備抽驗，如有單項材料設備廠商自主檢查頻率未達 3次時，廠商在辦理自主檢查取樣前，應通知監造單位轉知考工單位會同廠商辦理抽驗（即前2次均由本處派員抽驗）。 3.本表規定檢驗頻率請依據工程契約或施工規範約定填寫。

Sheet 5-4.AC(其他)
A1: 臺北市政府工務局水利工程處
A2: 材料設備檢（試）驗管制總表
A3: ="工程名稱:"&'1.計畫'!A1:I1 -> 工程名稱:磺港溪再造C段護岸及步道整建工程（延壽橋至三合橋） | G3: 契約編號：H-111-03-112080
A4: 監造單位：任泰技術顧問有限公司 | G4: 施工廠商：上溢營造份有限公司
A5: 項次 | B5: 契約詳細表項次 | C5: 契約 數量 | D5: 進場 日期 | E5: 抽樣 日期 | F5: 規定抽（取）樣頻率 | G5: 累積進場數量 | H5: 抽試驗結果 | I5: 抽驗及會同人員 | J5: 備註
B6: 材料(設備)名稱 | D6: 進場 數量 | E6: 抽樣 數量 | G6: 累積抽樣數量 | J6: (歸檔編號) | M6: 2.378
A7: 4-2-1 | B7: 1.6.1、1.6.2 | C7: 1,277.93 M3 | D7: 45927 | E7: 46000 | F7: 壓實試體厚度試驗 每1000m3鑽取1件樣品 | G7: =M7&"M3"&" ("&N7&""&" M2)" -> 504.36M3 (2521.79 M2) | H7: 合格 | I7: 水利處：李晏然 任 泰：王淑慧 上 溢：康祐銓 | J7: 115年2月3日 任泰顧字 第1150203623號 | K7: 504.36 | L7: 2521.79 | M7: =K7 -> 504.36 | N7: =L7 -> 2521.79 | O7: 3 | P7: =O7 -> 3
B8: 瀝青混凝土 | D8: 504.36M3 (2521.79M2) | E8: 504.36M3 (2521.79M2) (3組) | G8: =M7&"M3"&" ("&N7&" M2)"&" ("&P7&"組)" -> 504.36M3 (2521.79 M2) (3組)
A9: 4-2-2 | B9: 1.6.1、1.6.2 | C9: 1,277.93 M3 | D9: 45927 | E9: 46000 | G9: =M9&"M3"&" ("&N9&""&" M2)" -> 723.75M3 (3984.41 M2) | H9: 合格 | I9: 水利處：李晏然 任 泰：王淑慧 上 溢：康祐銓 | J9: 115年2月3日 任泰顧字 第1150203623號 | K9: 219.39 | L9: 1462.62 | M9: =K9+M7 -> 723.75 | N9: =L9+N7 -> 3984.41 | O9: 2 | P9: =P7+O9 -> 5
B10: 瀝青混凝土 | D10: 219.39M3 (1462.62M2) | E10: 219.39M3 (1462.62M2) (2組) | G10: =M9&"M3"&" ("&N9&" M2)"&" ("&P9&"組)" -> 723.75M3 (3984.41 M2) (5組)
A11: 4-2-3 | B11: 1.6.1、1.6.2 | C11: 1,277.93 M3 | D11: 45927 | E11: 46000 | G11: =M11&"M3"&" ("&N11&""&" M2)" -> 741.75M3 (4104.41 M2) | H11: 合格 | I11: 水利處：李晏然 任 泰：王淑慧 上 溢：康祐銓 | J11: 115年2月3日 任泰顧字 第1150203623號 | K11: 18 | L11: 120 | M11: =K11+M9 -> 741.75 | N11: =L11+N9 -> 4104.41 | O11: 1 | P11: =P9+O11 -> 6
B12: 瀝青混凝土 | D12: 18M3 (120M2) | E12: 18M3 (120M2) (1組) | G12: =M11&"M3"&" ("&N11&" M2)"&" ("&P11&"組)" -> 741.75M3 (4104.41 M2) (6組)
A13: 4-2-4 | B13: 1.6.1、1.6.2 | C13: 1,277.93 M3 | D13: 45927 | E13: 46000 | G13: =M13&"M3"&" ("&N13&""&" M2)" -> 804.4M3 (4730.94 M2) | H13: 合格 | I13: 水利處：李晏然 任 泰：王淑慧 上 溢：康祐銓 | J13: 115年2月3日 任泰顧字 第1150203623號 | K13: 62.65 | L13: 626.53 | M13: =K13+M11 -> 804.4 | N13: =L13+N11 -> 4730.94 | O13: 1 | P13: =P11+O13 -> 7
B14: 瀝青混凝土 | D14: 62.65M3 (626.53M2) | E14: 62.65M3 (626.53M2) (1組) | G14: =M13&"M3"&" ("&N13&" M2)"&" ("&P13&"組)" -> 804.4M3 (4730.94 M2) (7組)
A15: 編制： | D15: 工地主任： | G15: 附註：
A16: 1.本表於施工期間監造單位依契約約定之「材料、設備送審文件、樣品一覽表」分類登錄，俾利控管材料檢驗使用情形。 2.監造單位應依監造計畫之材料設備抽驗程序及標準辦理材料設備抽驗，如有單項材料設備廠商自主檢查頻率未達 3次時，廠商在辦理自主檢查取樣前，應通知監造單位轉知考工單位會同廠商辦理抽驗（即前2次均由本處派員抽驗）。 3.本表規定檢驗頻率請依據工程契約或施工規範約定填寫。
A17: 4-2-5 | B17: 1.6.1、1.6.2 | C17: 1,277.93 M3 (6,734.4M2) | D17: 45927 | E17: 46000 | F17: 壓實試體厚度試驗 每1000m3鑽取1件樣品 | G17: =M17&"M3"&" ("&N17&""&" M2)" -> 871.61M3 (5403.06 M2) | H17: 合格 | I17: 水利處：李晏然 任 泰：王淑慧 上 溢：康祐銓 | J17: 115年2月3日 任泰顧字 第1150203623號 | K17: 67.21 | L17: 672.12 | M17: =K17+M13 -> 871.61 | N17: =L17+N13 -> 5403.06 | O17: 1 | P17: =P13+O17 -> 8
B18: 瀝青混凝土 | D18: 67.21M3 (672.12M2) | E18: 67.21M3 (672.12M2) (1組) | G18: =M17&"M3"&" ("&N17&" M2)"&" ("&P17&"組)" -> 871.61M3 (5403.06 M2) (8組)
A19: 4-2-6 | B19: 1.6.1、1.6.2 | C19: 1,277.93 M3 (6,734.4M2) | D19: 45927 | E19: 46000 | G19: =M19&"M3"&" ("&N19&""&" M2)" -> 885.21M3 (5675.11 M2) | H19: 合格 | I19: 水利處：李晏然 任 泰：王淑慧 上 溢：康祐銓 | J19: 115年2月3日 任泰顧字 第1150203623號 | K19: 13.6 | L19: 272.05 | M19: =K19+M17 -> 885.21 | N19: =L19+N17 -> 5675.11 | O19: 1 | P19: =P17+O19 -> 9
B20: 瀝青混凝土 | D20: 13.60M3 (272.05M2) | E20: 13.60M3 (272.05M2) (1組) | G20: =M19&"M3"&" ("&N19&" M2)"&" ("&P19&"組)" -> 885.21M3 (5675.11 M2) (9組)
A25: 編制： | D25: 工地主任： | G25: 附註：
A26: 1.本表於施工期間監造單位依契約約定之「材料、設備送審文件、樣品一覽表」分類登錄，俾利控管材料檢驗使用情形。 2.監造單位應依監造計畫之材料設備抽驗程序及標準辦理材料設備抽驗，如有單項材料設備廠商自主檢查頻率未達 3次時，廠商在辦理自主檢查取樣前，應通知監造單位轉知考工單位會同廠商辦理抽驗（即前2次均由本處派員抽驗）。 3.本表規定檢驗頻率請依據工程契約或施工規範約定填寫。
A27: 4-3-1 | B27: 1.6.1、1.6.2 | C27: 1,297.93 M3 (6,734.4M2) | D27: 45927 | E27: 46027 | F27: 全區 平整度試驗 | G27: 2,089.15M2 | I27: 水利處：李晏然 任 泰：王淑慧 上 溢：康祐銓
B28: 瀝青混凝土 | D28: 2,089.15M2 | E28: 2,089.15M2 (1組) | G28: 2,089.15M2 (1組) | L28: 2089.15
A29: 4-3-2 | B29: 1.6.1、1.6.2 | C29: 1,297.93 M3 (6,734.4M2) | D29: 45927 | E29: 46027 | G29: 4,298.92M2 | I29: 水利處：李晏然 任 泰：王淑慧 上 溢：康祐銓
B30: 瀝青混凝土 | D30: 2,209.77M2 | E30: 2,209.77M2 (1組) | G30: 4,298.92M2 (2組) | L30: 2209.77 | M30: =L28+L30 -> 4298.92
A31: 4-3-3 | B31: 1.6.1、1.6.2 | C31: 1,297.93 M3 (6,734.4M2) | D31: 45927 | E31: 46027 | G31: 4,931.25M2 | I31: 水利處：李晏然 任 泰：王淑慧 上 溢：康祐銓
B32: 瀝青混凝土 | D32: 632.33M2 | E32: 632.33M2 (1組) | G32: 4,931.25M2 (3組) | L32: 632.33 | M32: =M30+L32 -> 4931.25
A33: 4-3-4 | B33: 1.6.1、1.6.2 | C33: 1,297.93 M3 (6,734.4M2) | D33: 45927 | E33: 46027 | G33: 5,675.10M2 | I33: 水利處：李晏然 任 泰：王淑慧 上 溢：康祐銓
B34: 瀝青混凝土 | D34: 743.85M2 | E34: 743.85M2 (1組) | G34: 5,675.10M2 (4組) | L34: 743.85 | M34: =M32+L34 -> 5675.1
A35: 編制： | D35: 工地主任： | G35: 附註：
A36: 1.本表於施工期間監造單位依契約約定之「材料、設備送審文件、樣品一覽表」分類登錄，俾利控管材料檢驗使用情形。 2.監造單位應依監造計畫之材料設備抽驗程序及標準辦理材料設備抽驗，如有單項材料設備廠商自主檢查頻率未達 3次時，廠商在辦理自主檢查取樣前，應通知監造單位轉知考工單位會同廠商辦理抽驗（即前2次均由本處派員抽驗）。 3.本表規定檢驗頻率請依據工程契約或施工規範約定填寫。
A37: 4-4 | B37: 1.2.16 1.3.37 1.6.5 | C37: 19027.2 M2 (5.74T) | D37: 45765 | E37: =D37 -> 45765 | F37: 至少一次，可併同監造單位辦理 | G37: 22685.26 M2 (10.5 T) | H37: 合格 | I37: 水利處：李晏然 任 泰：王淑慧 上 溢：康祐銓 | J37: 114年6月18日 任泰顧字 第1140618251號 | L37: =15921.14/4.8 -> 3316.9042 | M37: =19027.2*4.8/15921.14 -> 5.7364334
B38: 瀝青黏層，快凝油溶瀝青，RC-70 | D38: 22685.26 M2 (10.5 T) | E38: 5904 M2 (10.5 T) (1組) | G38: 22685.26 M2 (10.5 T) (1組) | L38: =1698*3 -> 5094 | M38: =5.5*3 -> 16.5
A39: 4-5-1 | B39: 1.6.1 | C39: 380.68 M3 (905.26T) | D39: 45921 | E39: 45921 | F39: 至少一次，可併同監造單位辦理 (黏滯度) | G39: 64.99 M3 (149.47 T) | I39: 水利處：李晏然 任 泰：陳勇智 上 溢：康祐銓 | J39: 114年12月10日 任泰顧字 第1141210623號
B40: 瀝青混凝土舖面，粗粒料9.5mm，黏度AC(1)-20 | D40: 64.99 M3 (149.47 T) | E40: 64.99 M3 (149.47 T) (1組) | G40: 64.99 M3 (149.47 T) (1組) | L40: =1698*3 -> 5094 | M40: =5.5*3 -> 16.5
A41: 4-5-2 | B41: 1.6.2 | C41: 917.25 M3 (2109.68T) | D41: 45921 | E41: 45921 | F41: 至少一次，可併同監造單位辦理 (黏滯度) | G41: 64.99 M3 (149.47 T) | I41: 水利處：李晏然 任 泰：陳勇智 上 溢：康祐銓 | J41: 114年12月10日 任泰顧字 第1141210623號
B42: 瀝青混凝土舖面，粗粒料19.0mm，黏度AC(1)-20 | D42: 64.99 M3 (149.47 T) | E42: 64.99 M3 (149.47 T) (1組) | G42: 64.99 M3 (149.47 T) (1組) | L42: =1698*3 -> 5094 | M42: =5.5*3 -> 16.5
A43: 編制： | D43: 工地主任： | G43: 附註：
A44: 1.本表於施工期間監造單位依契約約定之「材料、設備送審文件、樣品一覽表」分類登錄，俾利控管材料檢驗使用情形。 2.監造單位應依監造計畫之材料設備抽驗程序及標準辦理材料設備抽驗，如有單項材料設備廠商自主檢查頻率未達 3次時，廠商在辦理自主檢查取樣前，應通知監造單位轉知考工單位會同廠商辦理抽驗（即前2次均由本處派員抽驗）。 3.本表規定檢驗頻率請依據工程契約或施工規範約定填寫。

Sheet 5-5
A1: 臺北市政府工務局水利工程處
A2: 材料設備檢（試）驗管制總表
A3: ="工程名稱:"&'1.計畫'!A1:I1 -> 工程名稱:磺港溪再造C段護岸及步道整建工程（延壽橋至三合橋） | G3: 契約編號：H-111-03-112080
A4: 監造單位：任泰技術顧問有限公司 | G4: 施工廠商：上溢營造份有限公司
A5: 項次 | B5: 契約詳細表項次 | C5: 契約 數量 | D5: 進場 日期 | E5: 抽樣 日期 | F5: 規定抽（取）樣頻率 | G5: 累積進場數量 | H5: 抽試驗結果 | I5: 抽驗及會同人員 | J5: 備註
B6: 材料(設備)名稱 | D6: 進場 數量 | E6: 抽樣 數量 | G6: 累積抽樣數量 | J6: (歸檔編號)
A7: 5-1 | B7: 1.2.84~1.2.87、1.2.94 | C7: 1,244.67 M2 | D7: 45664 | E7: 45664 | F7: 數量未達1000m2時，免送驗。數量達1000~5000m2檢驗1次。數量超過5000m2時，每5000m2加驗1次。 | G7: 264M2 | H7: 合格 | I7: 水利處：李晏然 任 泰：王淑慧 上 溢：曾晧哲 | J7: 114年5月16日 任泰顧字 第1140516621號
B8: 地工織物 (不織布) | D8: 264M2 | E8: 264M2 (1組) | G8: 264M2 (1組)
A9: 5-2 | B9: 1.2.84~1.2.87、1.2.94 | D9: 114/8/20 | E9: 114/8/29 | G9: 1764M2 | H9: 合格 | I9: 水利處：李晏然 任 泰：王淑慧 上 溢：康祐銓 | J9: 114年10月17日 任泰顧字 第1141017624號
B10: 地工織物 (不織布) | D10: 1500M2 | E10: 1500M2 (1組) | G10: 1764M2 (2組)
A11: 編制： | D11: 工地主任： | G11: 附註：
A12: 1.本表於施工期間監造單位依契約約定之「材料、設備送審文件、樣品一覽表」分類登錄，俾利控管材料檢驗使用情形。 2.監造單位應依監造計畫之材料設備抽驗程序及標準辦理材料設備抽驗，如有單項材料設備廠商自主檢查頻率未達 3次時，廠商在辦理自主檢查取樣前，應通知監造單位轉知考工單位會同廠商辦理抽驗（即前2次均由本處派員抽驗）。 3.本表規定檢驗頻率請依據工程契約或施工規範約定填寫。

Sheet 5-(6~7)
A1: 臺北市政府工務局水利工程處
A2: 材料設備檢（試）驗管制總表
A3: ="工程名稱:"&'1.計畫'!A1:I1 -> 工程名稱:磺港溪再造C段護岸及步道整建工程（延壽橋至三合橋） | G3: 契約編號：H-111-03-112080
A4: 監造單位：任泰技術顧問有限公司 | G4: 施工廠商：上溢營造份有限公司
A5: 項次 | B5: 契約詳細表項次 | C5: 契約 數量 | D5: 進場 日期 | E5: 抽樣 日期 | F5: 規定抽（取）樣頻率 | G5: 累積進場數量 | H5: 抽試驗結果 | I5: 抽驗及會同人員 | J5: 備註
B6: 材料(設備)名稱 | D6: 進場 數量 | E6: 抽樣 數量 | G6: 累積抽樣數量 | J6: (歸檔編號)
A7: 6-1-1 | B7: 1.2.52、1.2.53、1.2.54、1.2.55、1.2.56、1.3.24 | C7: 197.17 M | D7: 45447 | E7: 45447 | F7: 每50噸以內1次，如每批超過50噸則取2次 (CNS2473) | G7: 15867KG | H7: 合格 | I7: 水利處：李晏然 任 泰：白博文 上 溢：葉展志 | J7: 113年7月9日 任泰顧字 第1130709108號
B8: 鋼鐵件(欄杆) | D8: 197.17 M (15867 KG) | E8: 197.25 M (15867 KG) (4組) | G8: 15867KG (4組)
A9: 6-1-2 | B9: 1.2.52、1.2.53、1.2.54、1.2.55、1.2.56、1.3.24 | C9: 197.17 M | D9: 45447 | E9: 114/10/14 | F9: 每50噸以內1次，如每批超過50噸則取2次 (CNS2473) | G9: 15867KG | I9: 水利處：李晏然 任 泰：王淑慧 上 溢：康祐銓 | J9: 114年11月5日 任泰顧字 第1141105622號
B10: 鋼鐵件(欄杆) | D10: 197.17 M (15867 KG) | E10: 197.25 M (15867 KG) (4組)彎曲 | G10: 15867KG (4組)
A11: 編制： | D11: 工地主任： | G11: 附註：
A12: 1.本表於施工期間監造單位依契約約定之「材料、設備送審文件、樣品一覽表」分類登錄，俾利控管材料檢驗使用情形。 2.監造單位應依監造計畫之材料設備抽驗程序及標準辦理材料設備抽驗，如有單項材料設備廠商自主檢查頻率未達 3次時，廠商在辦理自主檢查取樣前，應通知監造單位轉知考工單位會同廠商辦理抽驗（即前2次均由本處派員抽驗）。 3.本表規定檢驗頻率請依據工程契約或施工規範約定填寫。
A13: 6-2-1 | B13: 1.3.10 | C13: 12,205 KG | D13: 45447 | E13: 114/10/14 | F13: 每50噸以內1次，如每批超過50噸則取2次 (ASTM 242) | G13: 12,744.5 KG | H13: 合格 | I13: 水利處：李晏然 任 泰：王淑慧 上 溢：康祐銓 | J13: 114年11月11日 任泰顧字 第1141111622號
B14: 耐候鋼，A242 | D14: 12,744.5 KG | E14: 12,744.5 KG (1組) | G14: 12,744.5 KG (1組)
A15: 6-3-1 | B15: 1.3.27、1.3.28 | C15: 134 M (10,117 KG) | D15: 45447 | E15: 114/10/14 | F15: 每50噸以內1次，如每批超過50噸則取2次 (ASTM 242) | G15: 134 M (10,117 KG) | H15: 合格 | I15: 水利處：李晏然 任 泰：王淑慧 上 溢：康祐銓 | J15: 114年11月11日 任泰顧字 第1141111622號
B16: 共月橋耐候鋼包板6MM | D16: 134 M (10,117 KG) | E16: 134 M (10,117 KG) (2組) | G16: 134 M (10,117 KG) (2組)
A17: 6-4-1 | B17: 1.3.34 | C17: 1式 (1,444.5KG) | D17: 45447 | E17: 114/10/14 | F17: 每50噸以內1次，如每批超過50噸則取2次 (ASTM 242) | G17: 1式 (1,444.5KG) | H17: 合格 | I17: 水利處：李晏然 任 泰：王淑慧 上 溢：康祐銓 | J17: 114年11月11日 任泰顧字 第1141111622號
B18: 共月橋樓梯A耐候鋼板 | D18: 1式 (1,444.5KG) | E18: 1式 (1,444.5KG) (1組) | G18: 1式 (1,444.5KG) (1組)
A19: 編制： | D19: 工地主任： | G19: 附註：
A20: 1.本表於施工期間監造單位依契約約定之「材料、設備送審文件、樣品一覽表」分類登錄，俾利控管材料檢驗使用情形。 2.監造單位應依監造計畫之材料設備抽驗程序及標準辦理材料設備抽驗，如有單項材料設備廠商自主檢查頻率未達 3次時，廠商在辦理自主檢查取樣前，應通知監造單位轉知考工單位會同廠商辦理抽驗（即前2次均由本處派員抽驗）。 3.本表規定檢驗頻率請依據工程契約或施工規範約定填寫。
A21: 6-5-1 | B21: 1.2.8、1.2.10、1.3.11、1.3.15、1.10.9、1.10.10 | C21: 188359.37 KG | D21: 113/12/31 | E21: 114/2/26 | F21: 鍍鋅鋼料鍍鋅 每批1次 (SM400B) | G21: 169,853 KG | H21: 合格 | I21: 水利處：李晏然 任 泰：王淑慧 上 溢：曾晧哲 | J21: 114年4月17日 任泰顧字 第1140417623號
B22: 鍍鋅鋼料 | D22: 169,853 KG | E22: 169,853 KG (3組) | G22: 169,853 KG (3組)
A23: 6-5-2 | B23: 1.2.8、1.2.10、1.3.11、1.3.15、1.10.9、1.10.10 | C23: 188359.37 KG | D23: 114/11/11 | E23: 115/1/28 | F23: 鍍鋅鋼料鍍鋅 每批1次 (SM400B) | G23: 175,603 KG | I23: 水利處：李晏然 任 泰：王淑慧 上 溢：康祐銓
B24: 鍍鋅鋼料 | D24: 5,750 KG | E24: 5,750 KG (1組) | G24: 175,603 KG (4組)
A25: 6-5-3 | B25: 1.2.8、1.2.10、1.3.11、1.3.15、1.10.9、1.10.10 | C25: 188359.37 KG | D25: 114/11/11 | E25: 115/1/28 | F25: 鍍鋅鋼料鍍鋅 每批1次 (A709) | G25: 185,593 KG | I25: 水利處：李晏然 任 泰：王淑慧 上 溢：康祐銓 | L25: =175603+9990 -> 185593
B26: 鍍鋅鋼料 | D26: 9,990 KG | E26: 9,990 KG (1組) | G26: 185,593 KG (5組)
A27: 6-5-4 | B27: 1.2.8、1.2.10、1.3.11、1.3.15、1.10.9、1.10.10 | C27: 188359.37 KG | D27: 114/11/11 | E27: 115/1/28 | F27: 鍍鋅鋼料鍍鋅 每批1次 (SM400B) | G27: 207,193 KG | I27: 水利處：李晏然 任 泰：王淑慧 上 溢：康祐銓
B28: 鍍鋅鋼料 | D28: 21,600 KG | E28: 21,600 KG (1組) | G28: 207,193 KG (6組) | L28: 21600 | M28: =L25+L28 -> 207193
A29: 編制： | D29: 工地主任： | G29: 附註：
A30: 1.本表於施工期間監造單位依契約約定之「材料、設備送審文件、樣品一覽表」分類登錄，俾利控管材料檢驗使用情形。 2.監造單位應依監造計畫之材料設備抽驗程序及標準辦理材料設備抽驗，如有單項材料設備廠商自主檢查頻率未達 3次時，廠商在辦理自主檢查取樣前，應通知監造單位轉知考工單位會同廠商辦理抽驗（即前2次均由本處派員抽驗）。 3.本表規定檢驗頻率請依據工程契約或施工規範約定填寫。
A31: 7-1-1 | B31: 1.2.8、1.2.10、1.3.11、1.3.15、1.10.9、1.10.10 | C31: 188359.37 KG | D31: 45447 | E31: 45447 | F31: 每50噸以內1次，如每批超過50噸則取2次 (A709) | G31: 212,549 KG | H31: 合格 | I31: 水利處：李晏然 任 泰：白博文 上 溢：葉展志 | J31: 113年7月9日 任泰顧字 第1130709109號 | L31: 212540 | M31: 212549
B32: 鍍鋅鋼料 | D32: 212,549KG | E32: 212,549KG (5組) | G32: 212549KG (5組)
A33: 7-1-1 | B33: 1.2.8、1.2.10、1.3.11、1.3.15、1.10.9、1.10.10 | C33: 188359.37 KG | D33: 114/11/11 | E33: 114/12/29 | F33: 每50噸以內1次，如每批超過50噸則取2次 (SM400B) | G33: 218,299 KG | I33: 水利處：李晏然 任 泰：王淑慧 上 溢：康祐銓
B34: 鍍鋅鋼料 | D34: 5,750 KG | E34: 5,750 KG (1組) | G34: 218,299 KG (6組) | L34: 5750 | M34: =M31+L34 -> 218299
A35: 7-1-1 | B35: 1.2.8、1.2.10、1.3.11、1.3.15、1.10.9、1.10.10 | C35: 188359.37 KG | D35: 114/11/11 | E35: 114/12/29 | F35: 每50噸以內1次，如每批超過50噸則取2次 (A709) | G35: 228,289 KG (7組) | I35: 水利處：李晏然 任 泰：王淑慧 上 溢：康祐銓
B36: 鍍鋅鋼料 | D36: 9,990 KG | E36: 9,990 KG (1組) | G36: 228,289 KG (7組) | L36: 9990 | M36: =M34+L36 -> 228289
A37: 7-1-1 | B37: 1.2.8、1.2.10、1.3.11、1.3.15、1.10.9、1.10.10 | C37: 188359.37 KG | D37: 114/11/11 | E37: 114/12/29 | F37: 每50噸以內1次，如每批超過50噸則取2次 (SM400B) | G37: 249,889 KG | I37: 水利處：李晏然 任 泰：王淑慧 上 溢：康祐銓
B38: 鍍鋅鋼料 | D38: 21,600 KG | E38: 21,600 KG (1組) | G38: 249,889 KG (8組) | L38: 21600 | M38: =M36+L38 -> 249889
A39: 編制： | D39: 工地主任： | G39: 附註：
A40: 1.本表於施工期間監造單位依契約約定之「材料、設備送審文件、樣品一覽表」分類登錄，俾利控管材料檢驗使用情形。 2.監造單位應依監造計畫之材料設備抽驗程序及標準辦理材料設備抽驗，如有單項材料設備廠商自主檢查頻率未達 3次時，廠商在辦理自主檢查取樣前，應通知監造單位轉知考工單位會同廠商辦理抽驗（即前2次均由本處派員抽驗）。 3.本表規定檢驗頻率請依據工程契約或施工規範約定填寫。
A41: 7-2-1 | B41: 1.2.10、1.3.15 | C41: 152,700.86 KG | D41: 45475 | E41: 113/7/4、113/7/5 | F41: 工廠內 對各種銲接接頭(填角銲道)之首次檢測應就第一次檢測單位全數(100%)檢測，每檢測單位按每一節柱及其所含之梁、板為計算單位。應依每檢測單位之檢測結果再抽樣覆檢25%。 | G41: 70,400KG | H41: 合格 | I41: 水利處：李晏然 任 泰：白博文 上 溢：業展志 | J41: 113年8月20日 任泰顧字 第1130820105號
B42: 鋼構(結構用鋼材，銲接結構用軋鋼料，SM400B) | D42: 70,400KG | E42: 70,400KG (65組) | G42: 70,400KG (65組)
A43: 7-2-2 | B43: 1.2.10、1.3.15 | D43: 45582 | E43: 45587 | G43: 154,424KG | H43: 合格 | I43: 水利處：李晏然 任 泰：陳勇智 上 溢：康祐銓 | J43: 113年11月9日 任泰顧字 第1131109621號
B44: 鋼構(結構用鋼材，銲接結構用軋鋼料，SM400B) | D44: 84,024KG | E44: 84,024KG (9組) | G44: 154,424KG (74組)
A45: 7-2-3 | B45: 1.2.10、1.3.15 | D45: 45582 | E45: 45621 | G45: 154,424KG | H45: 合格 | I45: 水利處：李晏然 任 泰：王淑慧 上 溢：康祐銓 | J45: 113年12月18日 任泰顧字 第1131218622號
B46: 鋼構(結構用鋼材，銲接結構用軋鋼料，SM400B) | D46: 0KG (鋼箱樑頂) | E46: 0KG (9組) | G46: 154,424KG (83組)
A47: 7-3-1 | B47: 1.2.10、1.3.15 | C47: 152,700.86 KG | D47: 45582 | E47: 45721 | F47: 現場 對各種銲接接頭(填角銲道)之首次檢測應就第一次檢測單位全數(100%)檢測，每檢測單位按每一節柱及其所含之梁、板為計算單位。應依每檢測單位之檢測結果再抽樣覆檢25%。 | G47: 84,024 KG | H47: 合格 | I47: 水利處：李晏然 任 泰：王淑慧 上 溢：康祐銓 | J47: 114年5月26日 任泰顧字 第1140526622號
B48: 鋼構(結構用鋼材，銲接結構用軋鋼料，SM400B) | D48: 84,024 KG | E48: 84,024 KG (30組) | G48: 84,024 KG (30組)
A49: 編制： | D49: 工地主任： | G49: 附註：
A50: 1.本表於施工期間監造單位依契約約定之「材料、設備送審文件、樣品一覽表」分類登錄，俾利控管材料檢驗使用情形。 2.監造單位應依監造計畫之材料設備抽驗程序及標準辦理材料設備抽驗，如有單項材料設備廠商自主檢查頻率未達 3次時，廠商在辦理自主檢查取樣前，應通知監造單位轉知考工單位會同廠商辦理抽驗（即前2次均由本處派員抽驗）。 3.本表規定檢驗頻率請依據工程契約或施工規範約定填寫。

Sheet 5-(8)
A1: 臺北市政府工務局水利工程處
A2: 材料設備檢（試）驗管制總表
A3: ="工程名稱:"&'1.計畫'!A1:I1 -> 工程名稱:磺港溪再造C段護岸及步道整建工程（延壽橋至三合橋） | H3: 契約編號：H-111-03-112080
A4: 監造單位：任泰技術顧問有限公司 | H4: 施工廠商：上溢營造份有限公司
A5: 項次 | B5: 契約詳細表項次 | C5: 契約 數量 | D5: 進場 日期 | E5: 抽樣 日期 | F5: 抽樣 日期 | G5: 規定抽（取）樣頻率 | H5: 累積進場數量 | I5: 抽試驗結果 | J5: 抽驗及會同人員 | K5: 備註
B6: 材料(設備)名稱 | D6: 進場 數量 | E6: 抽樣 數量 | F6: 抽樣 數量 | H6: 累積抽樣數量 | K6: (歸檔編號)
A7: 8-1-1 | B7: 1.2.73 | C7: 773.78 M2 | D7: 45774 | F7: 45847 | G7: 1.累計數量未達1000 m2時檢驗1組。 2.累計數量達1000～3000m2再檢驗1組。 3.累計數量超過3000 m2時，每3000 m2加驗1組。 4.厚度鑽心試驗每組隨機取10個鑽心試體。先送5個鑽心試體送檢驗，若檢測值未達規範要求時，再送另5個鑽心試體複驗，仍不符合標準值時，詳3.2.3)。 5.抗滑係數每組為隨機取3處地點取平均值。 6.抗滑係數檢測值未達規範要求時，應立即於原取樣地點重測1次；仍不符規範要求者，應刨除重繪。 7.抗滑係數應於標線劃設完成2週內檢測完畢。 8.玻璃珠折射率試驗由玻璃珠含量試驗後之樣品取樣。 9.黑色標線不須檢驗玻璃珠含量及玻璃珠折射率。 | H7: 395.04 M2 | I7: 合格 | J7: 水利處：李晏然 任 泰：陳勇智 上 溢：康祐銓 | K7: 114年9月2日 任泰顧字 第1140902621號 (抗滑) 第1140902622號 (厚度、玻璃珠含量、折射率) | L7: 395.04
B8: 標線 | D8: 395.04M2 | F8: 395.04M2 (1組) | H8: 395.04 M2 (1組)
A9: 8-1-2 | B9: 1.2.73 | C9: 773.78 M2 | D9: 45921 | F9: 45947 | H9: 773 M2 | I9: 合格 | J9: 水利處：李晏然 任 泰：王淑慧 上 溢：康祐銓 | K9: 114年12月17日 任泰顧字 第1141217621號 (抗滑、厚度、玻璃珠含量、折射率) | L9: 377.96
B10: 標線 | D10: 377.96M2 | F10: 377.96M2 (4組) | H10: 772 M2 (5組)
A11: 編制： | D11: 工地主任： | H11: 附註：
A12: 1.本表於施工期間監造單位依契約約定之「材料、設備送審文件、樣品一覽表」分類登錄，俾利控管材料檢驗使用情形。 2.監造單位應依監造計畫之材料設備抽驗程序及標準辦理材料設備抽驗，如有單項材料設備廠商自主檢查頻率未達 3次時，廠商在辦理自主檢查取樣前，應通知監造單位轉知考工單位會同廠商辦理抽驗（即前2次均由本處派員抽驗）。 3.本表規定檢驗頻率請依據工程契約或施工規範約定填寫。
A13: 8-2-1 | B13: 1.2.73 | C13: 676.98 M2 | D13: 45847 | F13: 45847 | G13: 玻璃珠母材 (外觀形狀) 1. 累計數量<1000 m2時檢驗1組。 2. 累計數量達1000～3000m2再檢驗1組 3. 累計數量超過3000 m2時，每3000 m2加驗1組。 4. 反光玻璃珠之「砷、鉛、銻含量」檢具廠商證明書者免檢驗。 | H13: 998M2 | J13: 水利處：李晏然 任 泰：陳勇智 上 溢：康祐銓 | K13: 114年9月2日 任泰顧字 第1140902621號
B14: 標線，熱處理聚酯，反光，厚2mm，黏層劑(底漆)，第Ⅱ型 | D14: 998M2 | F14: 998M2 (1組) | H14: 998M2 (1組)
A15: 編制： | D15: 工地主任： | H15: 附註：
A16: 1.本表於施工期間監造單位依契約約定之「材料、設備送審文件、樣品一覽表」分類登錄，俾利控管材料檢驗使用情形。 2.監造單位應依監造計畫之材料設備抽驗程序及標準辦理材料設備抽驗，如有單項材料設備廠商自主檢查頻率未達 3次時，廠商在辦理自主檢查取樣前，應通知監造單位轉知考工單位會同廠商辦理抽驗（即前2次均由本處派員抽驗）。 3.本表規定檢驗頻率請依據工程契約或施工規範約定填寫。
A24: 註：1.本表單於開工後應由廠商檢討提出預定進場日期，並由監造單位會同廠商定期檢討辦理情形。 2.材料或設備之現場抽樣檢驗項目(例如：外觀、尺度、型號、運轉功能等)，及抽樣送實驗室試驗項目(例如：混凝土高壓磚 抗壓強度、鋼筋抗拉強度及化學性質等)均應納入本表管制。 3.本表單格式僅提供參考，使用單位可依個別需要調整。

Sheet 5-(9~17)
A1: 臺北市政府工務局水利工程處
A2: 材料設備檢（試）驗管制總表
A3: ="工程名稱:"&'1.計畫'!A1:I1 -> 工程名稱:磺港溪再造C段護岸及步道整建工程（延壽橋至三合橋） | G3: 契約編號：H-111-03-112080
A4: 監造單位：任泰技術顧問有限公司 | G4: 施工廠商：上溢營造份有限公司
A5: 項次 | B5: 契約詳細表項次 | C5: 契約 數量 | D5: 進場 日期 | E5: 抽樣 日期 | F5: 規定抽（取）樣頻率 | G5: 累積進場數量 | H5: 抽試驗結果 | I5: 抽驗及會同人員 | J5: 備註
B6: 材料(設備)名稱 | D6: 進場 數量 | E6: 抽樣 數量 | G6: 累積抽樣數量 | J6: (歸檔編號)
A7: 9-1 | B7: 1.2.11~1.2.15、1.2.20、1.2.30、1.3.21~1.3.23、1.3.29、1.3.30、1.3.35 | C7: 5,940.47 M2 | D7: 45380 | E7: 45383 | F7: 未滿500m2者免驗。500m2以上每1000m2抽驗1組，不滿1000m2以1000m2計。 | G7: 1920M2 | H7: 合格 | I7: 水利處：李晏然 任 泰：白博文 上 溢：郭冠廷 | J7: 113年5月14日 113任泰顧字 第0514010013號
B8: 銲接鋼線網 | D8: 1920M2 | E8: 1920M2 (2組) | G8: 1920M2 (2組) | N8: =6849.64-909.17 -> 5940.47
A9: 9-2 | B9: 1.2.11~1.2.15、1.2.20、1.2.30、1.3.21~1.3.23、1.3.29、1.3.30、1.3.35 | D9: 45547 | E9: 45553 | G9: 3918M2 | H9: 合格 | I9: 水利處：李晏然 任 泰：王淑慧 上 溢：胡舜豪 | J9: 113年11月18日 任泰顧字 第1131118621號
B10: 銲接鋼線網 | D10: 1998M2 | E10: 1998M2 (2組) | G10: 3918M2 (4組)
A11: 9-3 | B11: 1.2.11~1.2.15、1.2.20、1.2.30、1.3.21~1.3.23、1.3.29、1.3.30、1.3.35 | D11: 45728 | E11: 45734 | G11: 7806M2 | H11: 合格 | I11: 水利處：李晏然 任 泰：王淑慧 上 溢：康祐銓 | J11: 114年4月18日 任泰顧字 第1140418622號
B12: 銲接鋼線網 | D12: 3888M2 | E12: 3888M2 (4組) | G12: 7806M2 (8組)
A13: 編制： | D13: 工地主任： | G13: 附註：
A14: 1.本表於施工期間監造單位依契約約定之「材料、設備送審文件、樣品一覽表」分類登錄，俾利控管材料檢驗使用情形。 2.監造單位應依監造計畫之材料設備抽驗程序及標準辦理材料設備抽驗，如有單項材料設備廠商自主檢查頻率未達 3次時，廠商在辦理自主檢查取樣前，應通知監造單位轉知考工單位會同廠商辦理抽驗（即前2次均由本處派員抽驗）。 3.本表規定檢驗頻率請依據工程契約或施工規範約定填寫。
A15: 10-1 | B15: 1.2.11、1.2.17、1.2.21、1.2.64~1.2.66、1.2.84~1.2.92 | C15: 1776.82 M3 | D15: 45651 | E15: 45665 | F15: 數量未達120m3者免送驗，其數量達120~600m3檢驗一組，超過600m3以上時，每增加600m3加驗一組。 | G15: 1188M3 | H15: 合格 | I15: 水利處：李晏然 任 泰：王淑慧 上 溢：曾晧哲 | J15: 114年3月11日 任泰顧字 第1140311621號
B16: 碎石級配 | D16: 1188M3 | E16: 1188M3 (2組) | G16: 1188M3 (2組)
A17: 10-2 | B17: 1.2.11、1.2.17、1.2.21、1.2.64~1.2.66、1.2.84~1.2.92 | C17: 1776.82 M3 | D17: 45733 | E17: 45734 | F17: 數量未達120m3者免送驗，其數量達120~600m3檢驗一組，超過600m3以上時，每增加600m3加驗一組。 | G17: 2970M3 | H17: 合格 | I17: 水利處：李晏然 任 泰：王淑慧 上 溢：康祐銓 | J17: 114年5月23日 任泰顧字 第1140523621號
B18: 碎石級配 | D18: 1782M3 | E18: 1782M3 (3組) | G18: 2970M3 (5組)
A19: 11-1 | B19: 1.2.18、1.2.19、1.2.37、1.2.39、1.2.40、1.2.76、1.2.98 | C19: 2,648.65 才 | D19: 114/11/10 | E19: 114/11/14 | F19: 每批各1次 | G19: 1298才 | H19: 合格 | I19: 水利處：李晏然 任 泰：王淑慧 上 溢：康祐銓 | J19: 114年12月19日 任泰顧字 第1141219621號
B20: 原木 | D20: 1298才 | E20: 1298才 (1組) | G20: 1298才 (1組)
A21: 11-2 | B21: 1.2.18、1.2.19、1.2.37、1.2.39、1.2.40、1.2.76、1.2.98 | C21: 2,648.65 才 | D21: 46042 | E21: 46050 | F21: 每批各1次 | G21: 2752才 | H21: 合格 | I21: 水利處：李晏然 任 泰：王淑慧 上 溢：康祐銓 | J21: 115年3月2日 任泰顧字 第1150302621號
B22: 原木 | D22: 1454才 | E22: 1454才 (1組) | G22: 2752才 (2組)
A23: 編制： | D23: 工地主任： | G23: 附註：
A24: 1.本表於施工期間監造單位依契約約定之「材料、設備送審文件、樣品一覽表」分類登錄，俾利控管材料檢驗使用情形。 2.監造單位應依監造計畫之材料設備抽驗程序及標準辦理材料設備抽驗，如有單項材料設備廠商自主檢查頻率未達 3次時，廠商在辦理自主檢查取樣前，應通知監造單位轉知考工單位會同廠商辦理抽驗（即前2次均由本處派員抽驗）。 3.本表規定檢驗頻率請依據工程契約或施工規範約定填寫。
A25: 12 | B25: 1.2.13 | C25: 375.23 M2 | D25: 45889 | E25: 45894 | F25: 數量未達1000m2時，免檢驗。數量達100~500m2檢驗1次。數量超過500m2時，每500m2加驗1次。 | G25: 412.2 M | H25: 合格 | I25: 水利處：李晏然 任 泰：王淑慧 上 溢：康祐銓 | J25: 114年9月9日 任泰顧字 第1140909624號
B26: 石材鋪面 | D26: 412.2 M | E26: 412.2 M (1組) | G26: 412.2 M (1組)
A27: 13-1 | B27: 1.2.22、1.2.77、1.3.13、1.10.12 | C27: 13,589.11 KG | D27: 45447 | E27: 45447 | F27: 每50噸以內1次，如每批超過50噸則取2次 (SUS304) | G27: 1,413KG | H27: 合格 | I27: 水利處：李晏然 任 泰：白博文 上 溢：葉展志 | J27: 113年7月9日 任泰顧字 第1130709107號 | L27: 6116.79
B28: 不銹鋼料，SUS304，含加工安裝等 | D28: 1,413KG | E28: 1,413KG (2組) | G28: 1,413KG (2組)
A29: 13-2 | B29: 1.2.22、1.2.77、1.3.13、1.10.12 | C29: 13,589.11 KG | D29: 45972 | E29: 45655 | F29: 每50噸以內1次，如每批超過50噸則取2次 (SUS304) | G29: 8,853KG | H29: 合格 | I29: 水利處：李晏然 任 泰：王淑慧 上 溢：康祐銓 | J29: 115年1月29日 任泰顧字 第1150129625號
B30: 不銹鋼料，SUS304，含加工安裝等 | D30: 7,439.92KG | E30: 7,439.92KG (1組) | G30: 8,853KG (3組)
A31: 13-3 | B31: 1.2.22、1.2.77、1.3.13、1.10.12 | C31: 13,589.11 KG | D31: 45641 | E31: 45655 | F31: 每50噸以內1次，如每批超過50噸則取2次 (SUS304) | G31: 14,134 KG | H31: 合格 | I31: 水利處：李晏然 任 泰：王淑慧 上 溢：康祐銓 | J31: 115年1月29日 任泰顧字 第1150129625號
B32: 不銹鋼料，SUS304，含加工安裝等 | D32: 5,281KG | E32: 5,281KG (1組) | G32: 14,134 KG (4組)
A33: 14-1-1 | B33: 1.3.36、1.3.37 | C33: 150.4T | D33: 45678 | E33: 45827 | F33: 每批1次 | G33: 150.4T | H33: 合格 | I33: 水利處：李晏然 任 泰：陳勇智 上 溢：康祐銓 | J33: 114年8月8日 任泰顧字 第1140808621號 共月橋(80T) 三合橋(70.4T)
B34: 鋼橋塗裝 | D34: 150.4T | E34: 150.4T (2組) | G34: 150.4T (2組)
A35: 編制： | D35: 工地主任： | G35: 附註：
A36: 1.本表於施工期間監造單位依契約約定之「材料、設備送審文件、樣品一覽表」分類登錄，俾利控管材料檢驗使用情形。 2.監造單位應依監造計畫之材料設備抽驗程序及標準辦理材料設備抽驗，如有單項材料設備廠商自主檢查頻率未達 3次時，廠商在辦理自主檢查取樣前，應通知監造單位轉知考工單位會同廠商辦理抽驗（即前2次均由本處派員抽驗）。 3.本表規定檢驗頻率請依據工程契約或施工規範約定填寫。
A37: 14-2-1 | B37: 1.2.23、1.2.33、1.2.34、1.2.37、1.2.39、1.2.40、1.2.52、1.2.53、1.2.54、1.2.56、1.2.57、1.2.58、1.2.59、1.2.60、1.2.61、1.2.62、1.2.63、1.2.64、1.2.65、1.2.66、1.2.67、1.2.68、1.2.69、1.2.70、1.2.71、1.2.72、1.3.14 | C37: 560.68 m2 | D37: 114/11/14 | E37: 114/11/14 | F37: 每批1次 | G37: 426.25 m2 | H37: 合格 | I37: 水利處：李晏然 任 泰：王淑慧 上 溢：康祐銓 | J37: 114年12月2日 任泰顧字 第1141202621號
B38: 金屬製品，氟碳烤漆(一底二度，厚度50μM以上) | D38: 426.25 m2 | E38: 426.25 m2 (2組) | G38: 426.25 m2 (2組)
A39: 14-2-2 | B39: 1.2.23、1.2.33、1.2.34、1.2.37、1.2.39、1.2.40、1.2.52、1.2.53、1.2.54、1.2.56、1.2.57、1.2.58、1.2.59、1.2.60、1.2.61、1.2.62、1.2.63、1.2.64、1.2.65、1.2.66、1.2.67、1.2.68、1.2.69、1.2.70、1.2.71、1.2.72、1.3.14 | C39: 560.68 m2 | D39: 114/11/14 | E39: 115/2/2 | F39: 每批1次 | G39: 560.68 m2 | H39: 合格 | I39: 水利處：李晏然 任 泰：王淑慧 上 溢：康祐銓
B40: 金屬製品，氟碳烤漆(一底二度，厚度50μM以上) | D40: 170.14 m2 | E40: 170.14 m2 (3組) | G40: 560.68m2 (5組)
A41: 15 | B41: 1.6.13 | C41: 118 組 | D41: 45565 | E41: 45569 | F41: 100塊取1組 | G41: 165組 | H41: 合格 | I41: 水利處：李晏然 任 泰：王淑慧 上 溢：胡舜豪 | J41: 113年12月20日 113任泰顧字 第1131220622號
B42: 鍍鋅格柵蓋板 | D42: 165組 | E42: 165組 (2組) | G42: 165組 (2組)
A43: 16 | B43: 1.2.84、1.2.85、1.2.86、1.2.87 | C43: 928.30 M | D43: 45653 | E43: 45664 | F43: 至少一次 | G43: 1176M | H43: 合格 | I43: 水利處：李晏然 任 泰：王淑慧 上 溢：曾晧哲 | J43: 114年4月17日 任泰顧字 第1140417621號
B44: HDPE透水管 | D44: 1176M | E44: 1176M (2組) | G44: 1176M (2組)
A45: 17 | B45: - | C45: 0 M | D45: 45706 | E45: 45706 | F45: 數量未達40支時，免送驗。數量達40~200支檢驗1支。數量超過200支時，每200支加驗1支。 | G45: 60m (25支) | H45: - | I45: 上 溢：康祐銓 | J45: 數量未達40支 本次進場得免驗
B46: 鋼筋混凝土管(B型)，D=600mm，三級管，未含開挖回填 | D46: 60m (25支) | E46: 60m (25支) (0組) | G46: 60m (25支) (0組) | J46: D02-1140218 材料自主檢查表
A47: 編制： | D47: 工地主任： | G47: 附註：
A48: 1.本表於施工期間監造單位依契約約定之「材料、設備送審文件、樣品一覽表」分類登錄，俾利控管材料檢驗使用情形。 2.監造單位應依監造計畫之材料設備抽驗程序及標準辦理材料設備抽驗，如有單項材料設備廠商自主檢查頻率未達 3次時，廠商在辦理自主檢查取樣前，應通知監造單位轉知考工單位會同廠商辦理抽驗（即前2次均由本處派員抽驗）。 3.本表規定檢驗頻率請依據工程契約或施工規範約定填寫。
A49: 18 | B49: - | C49: 0 支 | D49: 46054 | E49: 46055 | F49: 每種尺寸100支試驗1支，不得少於3支 | G49: 40支 | H49: 合格 | I49: 水利處：李晏然 任 泰：王淑慧 上 溢：康祐銓 | K49: X
B50: 化學螺栓 | D50: 40支 | E50: 40支 (3組) | G50: 40支 (3組)
A51: 編制： | D51: 工地主任： | G51: 附註：
A52: 1.本表於施工期間監造單位依契約約定之「材料、設備送審文件、樣品一覽表」分類登錄，俾利控管材料檢驗使用情形。 2.監造單位應依監造計畫之材料設備抽驗程序及標準辦理材料設備抽驗，如有單項材料設備廠商自主檢查頻率未達 3次時，廠商在辦理自主檢查取樣前，應通知監造單位轉知考工單位會同廠商辦理抽驗（即前2次均由本處派員抽驗）。 3.本表規定檢驗頻率請依據工程契約或施工規範約定填寫。

Sheet 5-(18-1)D13植筋
A1: 臺北市政府工務局水利工程處
A2: 材料設備檢（試）驗管制總表
A3: ="工程名稱:"&'1.計畫'!A1:I1 -> 工程名稱:磺港溪再造C段護岸及步道整建工程（延壽橋至三合橋） | H3: 契約編號：H-111-03-112080
A4: 監造單位：任泰技術顧問有限公司 | H4: 施工廠商：上溢營造份有限公司
A5: 項次 | B5: 契約詳細表項次 | C5: 契約 數量 | D5: 進場 日期 | E5: 抽樣 日期 | F5: 抽樣 日期 | G5: 規定抽（取）樣頻率 | H5: 累積進場數量 | I5: 抽試驗結果 | J5: 抽驗及會同人員 | K5: 備註
B6: 材料(設備)名稱 | D6: 進場 數量 | E6: 抽樣 數量 | F6: 抽樣 數量 | H6: 累積抽樣數量 | K6: (歸檔編號)
A7: 18-1-1 | B7: 1.2.103 | C7: 920 孔 | D7: 45643 | E7: 450孔 | F7: 45646 | G7: 數量未達20支者時免檢驗。數量達20～100支抽樣檢驗1支。數量超過100支時，每100支加驗1支。 | H7: 710孔 | I7: 合格 | J7: 水利處：李晏然 任 泰：陳勇智 上 溢：李建豪 | K7: 114年2月11日 任泰顧字 第1140211623號 D13*8
B8: 鋼筋，植筋，D13mm，鑽孔(含空氣槍清孔)及化學藥劑 | D8: 710孔 | F8: 710孔 (8組) | H8: 710孔 (8組)
A9: 18-1-2 | B9: 1.2.103 | D9: 45733 | E9: 450孔 | F9: 45735 | H9: 980孔 | I9: 合格 | J9: 水利處：李晏然 任 泰：王淑慧 上 溢：康祐銓 | K9: 114年4月24日 任泰顧字 第1140424622號 D13*3
B10: 鋼筋，植筋，D13mm，鑽孔(含空氣槍清孔)及化學藥劑 | D10: 270孔 | F10: 270孔 (3組) | H10: 980孔 (11組)
A11: 編制： | D11: 工地主任： | H11: 附註：
A12: 1.本表於施工期間監造單位依契約約定之「材料、設備送審文件、樣品一覽表」分類登錄，俾利控管材料檢驗使用情形。 2.監造單位應依監造計畫之材料設備抽驗程序及標準辦理材料設備抽驗，如有單項材料設備廠商自主檢查頻率未達 3次時，廠商在辦理自主檢查取樣前，應通知監造單位轉知考工單位會同廠商辦理抽驗（即前2次均由本處派員抽驗）。 3.本表規定檢驗頻率請依據工程契約或施工規範約定填寫。
A20: 註：1.本表單於開工後應由廠商檢討提出預定進場日期，並由監造單位會同廠商定期檢討辦理情形。 2.材料或設備之現場抽樣檢驗項目(例如：外觀、尺度、型號、運轉功能等)，及抽樣送實驗室試驗項目(例如：混凝土高壓磚 抗壓強度、鋼筋抗拉強度及化學性質等)均應納入本表管制。 3.本表單格式僅提供參考，使用單位可依個別需要調整。

Sheet 5-(18-2)D16植筋
A1: 臺北市政府工務局水利工程處
A2: 材料設備檢（試）驗管制總表
A3: ="工程名稱:"&'1.計畫'!A1:I1 -> 工程名稱:磺港溪再造C段護岸及步道整建工程（延壽橋至三合橋） | H3: 契約編號：H-111-03-112080
A4: 監造單位：任泰技術顧問有限公司 | H4: 施工廠商：上溢營造份有限公司
A5: 項次 | B5: 契約詳細表項次 | C5: 契約 數量 | D5: 進場 日期 | E5: 抽樣 日期 | F5: 抽樣 日期 | G5: 規定抽（取）樣頻率 | H5: 累積進場數量 | I5: 抽試驗結果 | J5: 抽驗及會同人員 | K5: 備註
B6: 材料(設備)名稱 | D6: 進場 數量 | E6: 抽樣 數量 | F6: 抽樣 數量 | H6: 累積抽樣數量 | K6: (歸檔編號)
A7: 18-2-1 | B7: 1.4.29 | C7: 568 孔 | D7: 45570 | E7: 450孔 | F7: 45574 | G7: 數量未達20支者時免檢驗。數量達20～100支抽樣檢驗1支。數量超過100支時，每100支加驗1支。 | H7: 450孔 | I7: 合格 | J7: 水利處：余成偉 任 泰：王淑慧 上 溢：李建豪 | K7: 114年2月11日 任泰顧字 第1140211622號 D16*5 | M7: =450+160 -> 610
B8: 鋼筋，植筋，D16mm，鑽孔(含空氣槍清孔)及化學藥劑 | D8: 450孔 | F8: 450孔 (5組) | H8: 450孔 (5組)
A9: 18-2-2 | B9: 1.4.29 | D9: 45645 | E9: 450孔 | F9: 45646 | H9: 610孔 | I9: 合格 | J9: 水利處：李晏然 任 泰：陳勇智 上 溢：李建豪 | K9: 114年2月11日 任泰顧字 第1140211623號 D16*2
B10: 鋼筋，植筋，D16mm，鑽孔(含空氣槍清孔)及化學藥劑 | D10: 160孔 | F10: 160孔 (2組) | H10: 610孔 (7組)
A11: 編制： | D11: 工地主任： | H11: 附註：
A12: 1.本表於施工期間監造單位依契約約定之「材料、設備送審文件、樣品一覽表」分類登錄，俾利控管材料檢驗使用情形。 2.監造單位應依監造計畫之材料設備抽驗程序及標準辦理材料設備抽驗，如有單項材料設備廠商自主檢查頻率未達 3次時，廠商在辦理自主檢查取樣前，應通知監造單位轉知考工單位會同廠商辦理抽驗（即前2次均由本處派員抽驗）。 3.本表規定檢驗頻率請依據工程契約或施工規範約定填寫。
A20: 註：1.本表單於開工後應由廠商檢討提出預定進場日期，並由監造單位會同廠商定期檢討辦理情形。 2.材料或設備之現場抽樣檢驗項目(例如：外觀、尺度、型號、運轉功能等)，及抽樣送實驗室試驗項目(例如：混凝土高壓磚 抗壓強度、鋼筋抗拉強度及化學性質等)均應納入本表管制。 3.本表單格式僅提供參考，使用單位可依個別需要調整。

Sheet 5-(18-3)D25植筋
A1: 臺北市政府工務局水利工程處
A2: 材料設備檢（試）驗管制總表
A3: ="工程名稱:"&'1.計畫'!A1:I1 -> 工程名稱:磺港溪再造C段護岸及步道整建工程（延壽橋至三合橋） | H3: 契約編號：H-111-03-112080
A4: 監造單位：任泰技術顧問有限公司 | H4: 施工廠商：上溢營造份有限公司
A5: 項次 | B5: 契約詳細表項次 | C5: 契約 數量 | D5: 進場 日期 | E5: 抽樣 日期 | F5: 抽樣 日期 | G5: 規定抽（取）樣頻率 | H5: 累積進場數量 | I5: 抽試驗結果 | J5: 抽驗及會同人員 | K5: 備註
B6: 材料(設備)名稱 | D6: 進場 數量 | E6: 抽樣 數量 | F6: 抽樣 數量 | H6: 累積抽樣數量 | K6: (歸檔編號)
A7: 18-3-1 | B7: 1.4.13 | C7: 372 孔 | D7: 45582 | E7: 450孔 | F7: 45586 | G7: 數量未達20支者時免檢驗。數量達20～100支抽樣檢驗1支。數量超過100支時，每100支加驗1支。 | H7: 270孔 | I7: 合格 | J7: 水利處：李晏然 任 泰：陳勇智 上 溢：胡舜豪 | K7: 114年3月7日 任泰顧字 第1140307623號 D25*3
B8: 鋼筋，植筋，D25mm，鑽孔(含空氣槍清孔)及化學藥劑 | D8: 270孔 | F8: 270孔 (3組) | H8: 270孔 (3組)
A9: 編制： | D9: 工地主任： | H9: 附註：
A10: 1.本表於施工期間監造單位依契約約定之「材料、設備送審文件、樣品一覽表」分類登錄，俾利控管材料檢驗使用情形。 2.監造單位應依監造計畫之材料設備抽驗程序及標準辦理材料設備抽驗，如有單項材料設備廠商自主檢查頻率未達 3次時，廠商在辦理自主檢查取樣前，應通知監造單位轉知考工單位會同廠商辦理抽驗（即前2次均由本處派員抽驗）。 3.本表規定檢驗頻率請依據工程契約或施工規範約定填寫。
A18: 註：1.本表單於開工後應由廠商檢討提出預定進場日期，並由監造單位會同廠商定期檢討辦理情形。 2.材料或設備之現場抽樣檢驗項目(例如：外觀、尺度、型號、運轉功能等)，及抽樣送實驗室試驗項目(例如：混凝土高壓磚 抗壓強度、鋼筋抗拉強度及化學性質等)均應納入本表管制。 3.本表單格式僅提供參考，使用單位可依個別需要調整。

Sheet 5-(19~23)
A1: 臺北市政府工務局水利工程處
A2: 材料設備檢（試）驗管制總表
A3: ="工程名稱:"&'1.計畫'!A1:I1 -> 工程名稱:磺港溪再造C段護岸及步道整建工程（延壽橋至三合橋） | H3: 契約編號：H-111-03-112080
A4: 監造單位：任泰技術顧問有限公司 | H4: 施工廠商：上溢營造份有限公司
A5: 項次 | B5: 契約詳細表項次 | C5: 契約 數量 | D5: 進場 日期 | E5: 抽樣 日期 | F5: 抽樣 日期 | G5: 規定抽（取）樣頻率 | H5: 累積進場數量 | I5: 抽試驗結果 | J5: 抽驗及會同人員 | K5: 備註
B6: 材料(設備)名稱 | D6: 進場 數量 | E6: 抽樣 數量 | F6: 抽樣 數量 | H6: 累積抽樣數量 | K6: (歸檔編號)
A7: 19 | B7: 1.4.14 | C7: 1984 M2 | D7: 45463 | E7: 2000M2 | F7: 45467 | G7: 每1000M2檢驗1次，未滿1000M2以1000M2計 | H7: 2000M2 | I7: 合格 | J7: 水利處：李晏然 任 泰：白博文 上 溢：葉展志 | K7: 113年7月5日 任泰顧字 第1130715105號
B8: 蜂巢格網 | D8: 2000M2 | F8: 2000M2 (2組) | H8: 2000M2 (2組)
A9: 20-1 | B9: 1.2.11、1.2.96 | C9: 5207.01 M2 | D9: 45715 | F9: 45734 | G9: 每1000m2檢驗一次，未滿1000m2以1000m2計。 | H9: 5986m2 | I9: 合格 | J9: 水利處：李晏然 任 泰：王淑慧 上 溢：康祐銓 | K9: 114年6月13日 任泰顧字 第1140613253號
B10: 透水磚 | D10: 5986m2 | F10: 5986m2 (6組) | H10: 5986m2 (6組)
A11: 20-2 | B11: 1.2.11、1.2.96 | D11: 45715 | F11: 45747 | H11: 5986m2 | I11: 合格 | J11: 水利處：李晏然 任 泰：王淑慧 上 溢：康祐銓 | K11: 114年4月18日 任泰顧字 第1140418623號
B12: 透水磚 | D12: 0m2 | F12: 府查核取樣 (2組) | H12: 5986m2 (8組)
A13: 20-3 | B13: 1.2.11、1.2.96 | C13: 5207.01 M2 | D13: 45715 | F13: 45797 | G13: 每1000m2檢驗一次，未滿1000m2以1000m2計。 | H13: 5986m2 | I13: 合格 | J13: 水利處：李晏然 任 泰：王淑慧 上 溢：康祐銓 | K13: 114年6月13日 任泰顧字 第1140613254號
B14: 透水磚 | D14: 0m2 | F14: 5986m2 (6組) 抗壓 | H14: 5986m2 (8組)
A15: 21 | B15: 1.4.22 | C15: 410 M2 | D15: 112年12月25日 | F15: 112年11月24日 | G15: 1.數量未達20支樁時免檢驗。 2.數量達20～100支樁檢驗1組。（1組抽查2支樁） 3.數量超過100支樁時，每100支加驗1組。 | H15: 410 M | I15: 合格 | J15: 任 泰：游怡任 上 溢：高翰成 | K15: 112年12月18日 112任泰顧字 第1218010001號
B16: 預力混凝土基樁，D=600mm | D16: 112年12月25日 | F16: 410 M (2組) | H16: 410 M (2組)
A17: 編制： | D17: 工地主任： | H17: 附註：
A18: 1.本表於施工期間監造單位依契約約定之「材料、設備送審文件、樣品一覽表」分類登錄，俾利控管材料檢驗使用情形。 2.監造單位應依監造計畫之材料設備抽驗程序及標準辦理材料設備抽驗，如有單項材料設備廠商自主檢查頻率未達 3次時，廠商在辦理自主檢查取樣前，應通知監造單位轉知考工單位會同廠商辦理抽驗（即前2次均由本處派員抽驗）。 3.本表規定檢驗頻率請依據工程契約或施工規範約定填寫。
A19: 22 | B19: 1.6.3 | C19: 13 個 | D19: 113年5月20日 | E19: 22個 | F19: 112年12月25日 | G19: 依固定型或活動型（不分單、雙向）分別檢驗，依設計數量在25個以下抽驗1個，75個以下抽驗2個，超出75個時每增加75個抽驗1個(增加未達75個時仍抽驗1個)。 | H19: 22個 | I19: 合格 | J19: 水利處：李晏然 任 泰：游文圃 上 溢：康祐銓 | K19: 113年5月23日 113任泰顧字 第0517010005號
B20: 盤式支承 | D20: 22個 | F20: 22個 (2組) | H20: 22個 (2組)
A21: 23 | B21: 1.4.26 | C21: 2140.9 M2 | D21: 45484 | E21: 4200M2 | F21: 45485 | G21: 1.未達2000M2時，免送驗。 2.數量2000~5000M2，檢驗1次。 3.數量超過5000M2時加驗1次。 | H21: 4200M2 | I21: 合格 | J21: 水利處：李晏然 任 泰：白博文 上 溢：業展志 | K21: 113年8月13日 任泰顧字 第1130813105號
B22: 地工織物，抗沖蝕網，疊接施工 | D22: 4200M2 | F22: 4200M2 (1組) | H22: 4200M2 (1組)
A23: 編制： | D23: 工地主任： | H23: 附註：
A24: 1.本表於施工期間監造單位依契約約定之「材料、設備送審文件、樣品一覽表」分類登錄，俾利控管材料檢驗使用情形。 2.監造單位應依監造計畫之材料設備抽驗程序及標準辦理材料設備抽驗，如有單項材料設備廠商自主檢查頻率未達 3次時，廠商在辦理自主檢查取樣前，應通知監造單位轉知考工單位會同廠商辦理抽驗（即前2次均由本處派員抽驗）。 3.本表規定檢驗頻率請依據工程契約或施工規範約定填寫。

Sheet 5-(24)
A1: 臺北市政府工務局水利工程處
A2: 材料設備檢（試）驗管制總表
A3: ="工程名稱:"&'1.計畫'!A1:I1 -> 工程名稱:磺港溪再造C段護岸及步道整建工程（延壽橋至三合橋） | H3: 契約編號：H-111-03-112080
A4: 監造單位：任泰技術顧問有限公司 | H4: 施工廠商：上溢營造份有限公司
A5: 項次 | B5: 契約詳細表項次 | C5: 契約 數量 | D5: 進場 日期 | E5: 抽樣 日期 | F5: 抽樣 日期 | G5: 規定抽（取）樣頻率 | H5: 累積進場數量 | I5: 抽試驗結果 | J5: 抽驗及會同人員 | K5: 備註
B6: 材料(設備)名稱 | D6: 進場 數量 | E6: 抽樣 數量 | F6: 抽樣 數量 | H6: 累積抽樣數量 | K6: (歸檔編號)
A7: 24-1-1 | B7: 1.1.6 | C7: 7519 M3 | D7: 45594 | F7: 45608 | G7: 回填夯實母材 土壤 | H7: 7519M3 | I7: 合格 | J7: 水利處：李晏然 任 泰：王淑慧 上 溢：周昱辰 | K7: 113年12月31日 任泰顧字 第1131231622號 | L7: 7519
B8: 利用填方，含夯實 | D8: 7519M3 | F8: 7519M3 (1組) | H8: 7519M3 (1組)
A9: 24-2-1 | B9: 1.2.11、1.2.17、1.2.21、1.2.64~1.2.66、1.2.84~1.2.92 | C9: 1776.82 M3 | D9: 45667 | F9: 45667 | G9: 回填夯實母材 (碎石級配) | H9: 2350M3 | I9: 合格 | J9: 上 溢：周昱辰 | K9: 114年2月27日 任泰顧字 第1140227621號 | L9: 2350 | M9: =L7+L9 -> 9869
B10: 碎石級配 | D10: 2350M3 | F10: 2350M3 (1組) | H10: 2350M3 (1組)
A11: 編制： | D11: 工地主任： | H11: 附註：
A12: 1.本表於施工期間監造單位依契約約定之「材料、設備送審文件、樣品一覽表」分類登錄，俾利控管材料檢驗使用情形。 2.監造單位應依監造計畫之材料設備抽驗程序及標準辦理材料設備抽驗，如有單項材料設備廠商自主檢查頻率未達 3次時，廠商在辦理自主檢查取樣前，應通知監造單位轉知考工單位會同廠商辦理抽驗（即前2次均由本處派員抽驗）。 3.本表規定檢驗頻率請依據工程契約或施工規範約定填寫。

Sheet 5-25回填-1
A1: 臺北市政府工務局水利工程處
A2: 材料設備檢（試）驗管制總表
A3: ="工程名稱:"&'1.計畫'!A1:I1 -> 工程名稱:磺港溪再造C段護岸及步道整建工程（延壽橋至三合橋） | H3: 契約編號：H-111-03-112080
A4: 監造單位：任泰技術顧問有限公司 | H4: 施工廠商：上溢營造份有限公司
A5: 項次 | B5: 契約詳細表項次 | C5: 契約 數量 | D5: 進場 日期 | E5: 抽樣 日期 | F5: 抽樣 日期 | G5: 規定抽（取）樣頻率 | H5: 累積進場數量 | I5: 抽試驗結果 | J5: 抽驗及會同人員 | K5: 備註
B6: 材料(設備)名稱 | D6: 進場 數量 | E6: 抽樣 數量 | F6: 抽樣 數量 | H6: 累積抽樣數量 | K6: (歸檔編號)
A7: ="25-1-"&L7 -> 25-1-1 | B7: 1.1.6 | C7: 7519 M3 (25063.33M2) | D7: =VLOOKUP(L7,'回填(利用填方)-1'!A:T,2,0) -> 45592 | E7: =#REF!&#REF! -> #REF! | F7: =VLOOKUP(L7,'回填(利用填方)-1'!A:N,3,0) -> 45611 | G7: (工地密度) 每層滾壓完成後，每層數量以1,000m2為一批檢驗1次，餘數500m2以下得併前一批檢驗；超過500m2單獨為一批檢驗。 | H7: =VLOOKUP(L7,'回填(利用填方)-1'!A:N,8,0)&CHAR(10)&"M2" -> 621.6 M2 | I7: 合格 | J7: =IF(N7=0,"上 溢："&O7,IF(M7=0,"任 泰："&N7&" "&"上 溢："&O7, "水利處："&M7&" "&"任 泰："&N7&" "&"上 溢："&O7)) -> 上 溢：周昱辰 | K7: 114年2月8日 任泰顧字 第1140208622號 | L7: 1 | M7: =VLOOKUP(L7,'回填(利用填方)-1'!A:N,13,0) -> 0 | N7: =VLOOKUP(L7,'回填(利用填方)-1'!A:N,14,0) -> 0 | O7: =VLOOKUP(L7,'回填(利用填方)-1'!A:Z,15,0) -> 周昱辰
B8: 利用填方，含夯實 | D8: =VLOOKUP(L7,'回填(利用填方)-1'!A:N,7,0)&CHAR(10)&"M2" -> 621.6 M2 | F8: =VLOOKUP(L7,'回填(利用填方)-1'!A:N,7,0)&CHAR(10)&"M2"&CHAR(10)&"("&VLOOKUP(L7,'回填(利用填方)-1'!A:N,5,0)&"次)" -> 621.6 M2 (1次) | H8: =VLOOKUP(L7,'回填(利用填方)-1'!A:N,8,0)&CHAR(10)&"M2"&CHAR(10)&"("&VLOOKUP(L7,'回填(利用填方)-1'!A:N,6,0)&"次)" -> 621.6 M2 (1次)
A9: ="25-1-"&L9 -> 25-1-2 | B9: 1.1.6 | D9: =VLOOKUP(L9,'回填(利用填方)-1'!A:T,2,0) -> 45611 | E9: =#REF!&#REF! -> #REF! | F9: =VLOOKUP(L9,'回填(利用填方)-1'!A:N,3,0) -> 45612 | H9: =VLOOKUP(L9,'回填(利用填方)-1'!A:N,8,0)&CHAR(10)&"M2" -> 1243.2 M2 | I9: 合格 | J9: =IF(N9=0,"上 溢："&O9,IF(M9=0,"任 泰："&N9&" "&"上 溢："&O9, "水利處："&M9&" "&"任 泰："&N9&" "&"上 溢："&O9)) -> 上 溢：周昱辰 | K9: 114年2月8日 任泰顧字 第1140208622號 | L9: =L7+1 -> 2 | M9: =VLOOKUP(L9,'回填(利用填方)-1'!A:N,13,0) -> 0 | N9: =VLOOKUP(L9,'回填(利用填方)-1'!A:N,14,0) -> 0 | O9: =VLOOKUP(L9,'回填(利用填方)-1'!A:Z,15,0) -> 周昱辰
B10: 利用填方，含夯實 | D10: =VLOOKUP(L9,'回填(利用填方)-1'!A:N,7,0)&CHAR(10)&"M2" -> 621.6 M2 | F10: =VLOOKUP(L9,'回填(利用填方)-1'!A:N,7,0)&CHAR(10)&"M2"&CHAR(10)&"("&VLOOKUP(L9,'回填(利用填方)-1'!A:N,5,0)&"次)" -> 621.6 M2 (1次) | H10: =VLOOKUP(L9,'回填(利用填方)-1'!A:N,8,0)&CHAR(10)&"M2"&CHAR(10)&"("&VLOOKUP(L9,'回填(利用填方)-1'!A:N,6,0)&"次)" -> 1243.2 M2 (2次)
A11: ="25-1-"&L11 -> 25-1-3 | B11: 1.1.6 | D11: =VLOOKUP(L11,'回填(利用填方)-1'!A:T,2,0) -> 45613 | E11: =#REF!&#REF! -> #REF! | F11: =VLOOKUP(L11,'回填(利用填方)-1'!A:N,3,0) -> 45621 | H11: =VLOOKUP(L11,'回填(利用填方)-1'!A:N,8,0)&CHAR(10)&"M2" -> 1864.8 M2 | I11: 合格 | J11: =IF(N11=0,"上 溢："&O11,IF(M11=0,"任 泰："&N11&" "&"上 溢："&O11, "水利處："&M11&" "&"任 泰："&N11&" "&"上 溢："&O11)) -> 上 溢：周昱辰 | K11: 114年2月8日 任泰顧字 第1140208622號 | L11: =L9+1 -> 3 | M11: =VLOOKUP(L11,'回填(利用填方)-1'!A:N,13,0) -> 0 | N11: =VLOOKUP(L11,'回填(利用填方)-1'!A:N,14,0) -> 0 | O11: =VLOOKUP(L11,'回填(利用填方)-1'!A:Z,15,0) -> 周昱辰
B12: 利用填方，含夯實 | D12: =VLOOKUP(L11,'回填(利用填方)-1'!A:N,7,0)&CHAR(10)&"M2" -> 621.6 M2 | F12: =VLOOKUP(L11,'回填(利用填方)-1'!A:N,7,0)&CHAR(10)&"M2"&CHAR(10)&"("&VLOOKUP(L11,'回填(利用填方)-1'!A:N,5,0)&"次)" -> 621.6 M2 (1次) | H12: =VLOOKUP(L11,'回填(利用填方)-1'!A:N,8,0)&CHAR(10)&"M2"&CHAR(10)&"("&VLOOKUP(L11,'回填(利用填方)-1'!A:N,6,0)&"次)" -> 1864.8 M2 (3次)
A13: ="25-1-"&L13 -> 25-1-4 | B13: 1.1.6 | D13: =VLOOKUP(L13,'回填(利用填方)-1'!A:T,2,0) -> 45621 | E13: =#REF!&#REF! -> #REF! | F13: =VLOOKUP(L13,'回填(利用填方)-1'!A:N,3,0) -> 45623 | H13: =VLOOKUP(L13,'回填(利用填方)-1'!A:N,8,0)&CHAR(10)&"M2" -> 2486.4 M2 | I13: 合格 | J13: =IF(N13=0,"上 溢："&O13,IF(M13=0,"任 泰："&N13&" "&"上 溢："&O13, "水利處："&M13&" "&"任 泰："&N13&" "&"上 溢："&O13)) -> 上 溢：周昱辰 | K13: 114年2月8日 任泰顧字 第1140208622號 | L13: =L11+1 -> 4 | M13: =VLOOKUP(L13,'回填(利用填方)-1'!A:N,13,0) -> 0 | N13: =VLOOKUP(L13,'回填(利用填方)-1'!A:N,14,0) -> 0 | O13: =VLOOKUP(L13,'回填(利用填方)-1'!A:Z,15,0) -> 周昱辰
B14: 利用填方，含夯實 | D14: =VLOOKUP(L13,'回填(利用填方)-1'!A:N,7,0)&CHAR(10)&"M2" -> 621.6 M2 | F14: =VLOOKUP(L13,'回填(利用填方)-1'!A:N,7,0)&CHAR(10)&"M2"&CHAR(10)&"("&VLOOKUP(L13,'回填(利用填方)-1'!A:N,5,0)&"次)" -> 621.6 M2 (1次) | H14: =VLOOKUP(L13,'回填(利用填方)-1'!A:N,8,0)&CHAR(10)&"M2"&CHAR(10)&"("&VLOOKUP(L13,'回填(利用填方)-1'!A:N,6,0)&"次)" -> 2486.4 M2 (4次)
A15: ="25-1-"&L15 -> 25-1-5 | B15: 1.1.6 | D15: =VLOOKUP(L15,'回填(利用填方)-1'!A:T,2,0) -> 45623 | E15: =#REF!&#REF! -> #REF! | F15: =VLOOKUP(L15,'回填(利用填方)-1'!A:N,3,0) -> 45624 | H15: =VLOOKUP(L15,'回填(利用填方)-1'!A:N,8,0)&CHAR(10)&"M2" -> 3108 M2 | I15: 合格 | J15: =IF(N15=0,"上 溢："&O15,IF(M15=0,"任 泰："&N15&" "&"上 溢："&O15, "水利處："&M15&" "&"任 泰："&N15&" "&"上 溢："&O15)) -> 水利處：李晏然 任 泰：王淑慧 上 溢：李建豪 | K15: 114年2月8日 任泰顧字 第1140208622號 | L15: =L13+1 -> 5 | M15: =VLOOKUP(L15,'回填(利用填方)-1'!A:N,13,0) -> 李晏然 | N15: =VLOOKUP(L15,'回填(利用填方)-1'!A:N,14,0) -> 王淑慧 | O15: =VLOOKUP(L15,'回填(利用填方)-1'!A:Z,15,0) -> 李建豪
B16: 利用填方，含夯實 | D16: =VLOOKUP(L15,'回填(利用填方)-1'!A:N,7,0)&CHAR(10)&"M2" -> 621.6 M2 | F16: =VLOOKUP(L15,'回填(利用填方)-1'!A:N,7,0)&CHAR(10)&"M2"&CHAR(10)&"("&VLOOKUP(L15,'回填(利用填方)-1'!A:N,5,0)&"次)" -> 621.6 M2 (1次) | H16: =VLOOKUP(L15,'回填(利用填方)-1'!A:N,8,0)&CHAR(10)&"M2"&CHAR(10)&"("&VLOOKUP(L15,'回填(利用填方)-1'!A:N,6,0)&"次)" -> 3108 M2 (5次)
A17: ="25-1-"&L17 -> 25-1-6 | B17: 1.1.6 | D17: =VLOOKUP(L17,'回填(利用填方)-1'!A:T,2,0) -> 45625 | E17: =#REF!&#REF! -> #REF! | F17: =VLOOKUP(L17,'回填(利用填方)-1'!A:N,3,0) -> 45629 | H17: =VLOOKUP(L17,'回填(利用填方)-1'!A:N,8,0)&CHAR(10)&"M2" -> 3729.6 M2 | I17: 合格 | J17: =IF(N17=0,"上 溢："&O17,IF(M17=0,"任 泰："&N17&" "&"上 溢："&O17, "水利處："&M17&" "&"任 泰："&N17&" "&"上 溢："&O17)) -> 上 溢：胡舜豪 | K17: 114年2月8日 任泰顧字 第1140208622號 | L17: =L15+1 -> 6 | M17: =VLOOKUP(L17,'回填(利用填方)-1'!A:N,13,0) -> 0 | N17: =VLOOKUP(L17,'回填(利用填方)-1'!A:N,14,0) -> 0 | O17: =VLOOKUP(L17,'回填(利用填方)-1'!A:Z,15,0) -> 胡舜豪
