Workbook
Name _290_2_0.15_0.2_12_5_0.15_0.2: '數量計算(FOR4變)'!$G$9
Name _290_2_0.15_0.2_12_5_0.15_0.2: '數量計算(FOR5變) '!$G$9
Name _290_2_0.15_0.2_12_5_0.15_0.2: '數量計算(勇哥)'!$G$9
Name 鋼筋資料: 鋼筋!$AD$4:$AM$13

Sheet CON
C1: 臺北市政府工務局水利工程處
C2: 第4次變更項目對照詳細表
A3: 工程名稱：磺港溪再造C段護岸及步道整建工程(三合橋至奇岩抽水站) | K3: 日期： | L3: 45653
A4: 原契約分為 10 部分 本次變更 4 部分原有 393 項 | J4: 訂約總價 | L4: 257600000
A5: 前經 3 次變更設計，計新增 43 項，減少 3 項，變更 27 項，變更後合計 438 項 | J5: 前次變更後總價(綜簽) | L5: 308240521
A6: 本次變更設計，計新增 項，減少 項，變更 項，變更後合計 項 | J6: 本次變更後總價 | L6: =J9 -> #VALUE!
A7: 項次 | B7: 項目名稱 | C7: 單位 | D7: 原 定 數 量 | E7: 變更後 數 量 | F7: 增 減 數 量 | G7: 契 約 單 價 | H7: 新 增 單 價 | I7: 原 訂 合 價 | J7: 變更後 合價 | K7: 追加 | L7: 追減 | M7: 備註 | O7: 變更依據 | P7: 數量計算式 | Q7: 變更原因
A9: 壹 | B9: 發包工程費 | C9: 式 | G9: =I9 -> 3.0824052e+08 | I9: =I10+I358+I384+I424+I428+I448+I468+I471+I472+I474 -> 3.0824052e+08 | J9: =J10+J358+J384+J424+J428+J448+J468+J471+J472+J474 -> #VALUE! | K9: =K10+K358+K384+K424+K428+K448+K468+K471+K472+K474 -> #VALUE! | L9: =L10+L358+L384+L424+L428+L448+L468+L471+L472+L474 -> #VALUE! | O9: =K9+L9 -> #VALUE!
A10: 一 | B10: 工程費 | C10: 式 | G10: =I10 -> 2.3286809e+08 | I10: =I11+I37+I128+I170+I199+I219+I236+I314+I348 -> 2.3286809e+08 | J10: =J11+J37+J128+J170+J199+J219+J236+J314+J348 -> #VALUE! | K10: =K11+K37+K128+K170+K199+K219+K236+K314+K348 -> #VALUE! | L10: =L11+L37+L128+L170+L199+L219+L236+L314+L348 -> #VALUE!
A11: (一) | B11: 整備工程 | C11: 式 | G11: 61233816 | I11: =SUM(I12:I36) -> 61233816 | J11: =SUM(J12:J36) -> #VALUE! | K11: =SUM(K12:K36) -> #VALUE! | L11: =SUM(L12:L36) -> #VALUE!
A12: 1 | B12: 機械拆除，瀝青混凝土，未含運費 | C12: M3 | D12: 720.24 | E12: =估驗單!F8 -> 720.24 | G12: 193.11 | I12: =ROUND(D12*G12,2) -> 139085.55 | J12: =ROUND(E12*G12,2) -> 139085.55 | K12: =J12-I12 -> 0 | L12: =I12-J12 -> 0
A13: 2 | B13: 機械拆除，鋼筋混凝土，未含運費 | C13: M3 | D13: 4813.44 | E13: =估驗單!F9 -> 4813.44 | G13: 1046.16 | I13: =ROUND(D13*G13,2) -> 5035628.4 | J13: =ROUND(E13*G13,2) -> 5035628.4 | K13: =J13-I13 -> 0 | L13: =I13-J13 -> 0
A14: 3 | B14: 盤踞切割 | C14: M | D14: 1743 | E14: =估驗單!F10 -> 1743 | G14: 6199.66 | I14: =ROUND(D14*G14,2) -> 10806007 | J14: =ROUND(E14*G14,2) -> 10806007 | K14: =J14-I14 -> 0 | L14: =I14-J14 -> 0 | M14: #磺港路橋(奇岩抽水站旁)1533.9m、希冀橋208.6m
A15: 4 | B15: 基地及路幅開挖，未含運費，(機械挖，0.7～0.79m3開挖機) | C15: B.M3 | D15: 28009.56 | E15: =估驗單!F11 -> 28009.56 | G15: 48.28 | I15: =ROUND(D15*G15,2) -> 1352301.6 | J15: =ROUND(E15*G15,2) -> 1352301.6 | K15: =J15-I15 -> 0 | L15: =I15-J15 -> 0 | O15: 112年12月12日 北市工水工字第1126067256號 | P15: 新設磺港橋及希冀橋橋台辦理既有基樁與新設基樁清障開挖+單孔過路段及清江公園 ((5*6*6.5*2)+(13*3.5*6.8)+(3.2*8.5*1.6))+((747.2+149.44)) | Q15: 機關/現場需求 (百齡)
A16: 5 | B16: 瀝青混凝土面層刨除，刨除料運費 | C16: M3 | D16: 4726.67 | E16: =估驗單!F12 -> 4726.67 | G16: 599.71 | I16: =ROUND(D16*G16,2) -> 2834631.3 | J16: =ROUND(E16*G16,2) -> 2834631.3 | K16: =J16-I16 -> 0 | L16: =I16-J16 -> 0
A17: 6 | B17: 利用填方，含夯實 | C17: M3 | D17: 13120 | E17: =估驗單!F13 -> 13120 | G17: 104.64 | I17: =ROUND(D17*G17,2) -> 1372876.8 | J17: =ROUND(E17*G17,2) -> 1372876.8 | K17: =J17-I17 -> 0 | L17: =I17-J17 -> 0
A18: 7 | B18: 餘方遠運處理(台北港) | C18: B.M3 | D18: 13251 | E18: =估驗單!F14 -> 4994 | G18: 1027.37 | I18: =ROUND(D18*G18,2) -> 13613680 | J18: =ROUND(E18*G18,2) -> 5130685.8 | K18: =J18-I18 -> -8482994.1 | L18: =I18-J18 -> 8482994.1 | M18: 僅含運費(運距約<20K)(土方管理費檢據核銷)
A19: 8 | B19: 餘方自行處理(房屋廢方，含水土保持) | C19: M3 | D19: 4601.44 | E19: =估驗單!F15 -> 0_x000D_ | G19: 1084.98 | I19: =ROUND(D19*G19,2) -> 4992470.4 | J19: =ROUND(E19*G19,2) -> #VALUE! | K19: =J19-I19 -> #VALUE! | L19: =I19-J19 -> #VALUE!
A20: 9 | B20: 瀝青混凝土面層刨除，厚5cm，刨除機1.2m寬，含瀝青鋪面打毛(未含運費) | C20: M2 | D20: 2588.5 | E20: =估驗單!F16 -> 2588.5 | G20: 30.45 | I20: =ROUND(D20*G20,2) -> 78819.83 | J20: =ROUND(E20*G20,2) -> 78819.83 | K20: =J20-I20 -> 0 | L20: =I20-J20 -> 0 | M20: #含瀝青鋪面打毛
A21: 10 | B21: 瀝青混凝土面層刨除，厚10cm，刨除機2.2m寬，未含運費 | C21: M2 | D21: 9177 | E21: =估驗單!F17 -> 9177 | G21: 28.48 | I21: =ROUND(D21*G21,2) -> 261360.96 | J21: =ROUND(E21*G21,2) -> 261360.96 | K21: =J21-I21 -> 0 | L21: =I21-J21 -> 0
A22: 11 | B22: 切割瀝青混凝土或無筋混凝土，5cm≦切割深度＜10cm | C22: M | D22: 162.5 | E22: =估驗單!F18 -> 162.5 | G22: 65.4 | I22: =ROUND(D22*G22,2) -> 10627.5 | J22: =ROUND(E22*G22,2) -> 10627.5 | K22: =J22-I22 -> 0 | L22: =I22-J22 -> 0
A23: 12 | B23: 清除及掘除，雜草雜木，含垃圾撿除，人工割 | C23: M2 | D23: 5217.7 | E23: =估驗單!F19 -> 5217.7 | G23: 20.19 | I23: =ROUND(D23*G23,2) -> 105345.36 | J23: =ROUND(E23*G23,2) -> 105345.36 | K23: =J23-I23 -> 0 | L23: =I23-J23 -> 0
A24: 13 | B24: 垃圾及廢棄物(以體積計)清運 | C24: M3 | D24: 782.66 | E24: =估驗單!F20 -> 782.66 | G24: 2286.68 | I24: =ROUND(D24*G24,2) -> 1789693 | J24: =ROUND(E24*G24,2) -> 1789693 | K24: =J24-I24 -> 0 | L24: =I24-J24 -> 0 | M24: #
A25: 14 | B25: 節塊吊放 | C25: 次 | D25: 425 | E25: =估驗單!F21 -> 425 | G25: 521.15 | I25: =ROUND(D25*G25,2) -> 221488.75 | J25: =ROUND(E25*G25,2) -> 221488.75 | K25: =J25-I25 -> 0 | L25: =I25-J25 -> 0 | M25: #磺港路橋、共月橋、三合橋
A26: 15 | B26: 機械拆除，工地雜項拆除清理，欄杆，含運費 | C26: M | D26: 255.5 | E26: =估驗單!F22 -> 415.08 | F26: =E26-D26 -> 159.58 | G26: 289.67 | I26: =ROUND(D26*G26,2) -> 74010.69 | J26: =ROUND(E26*G26,2) -> 120236.22 | K26: =J26-I26 -> 46225.53
A27: 16 | B27: 土方運送(百齡抽水站) | C27: 趟 | D27: 2204 | E27: =估驗單!F23 -> 2204 | G27: 3082.11 | I27: =ROUND(D27*G27,2) -> 6792970.4 | J27: =ROUND(E27*G27,2) -> 6792970.4 | K27: =J27-I27 -> 0 | L27: =I27-J27 -> 0
A28: 17 | B28: 既有路燈拆除繳回 | C28: 盞 | D28: 66 | E28: =估驗單!F24 -> 66 | G28: 3311.26 | I28: =ROUND(D28*G28,2) -> 218543.16 | J28: =ROUND(E28*G28,2) -> 218543.16 | K28: =J28-I28 -> 0 | L28: =I28-J28 -> 0 | M28: #料繳回，含運費。
A29: 18 | B29: 座椅拆除繳回 | C29: 座 | D29: 18 | E29: =估驗單!F25 -> 18 | G29: 1199.93 | I29: =ROUND(D29*G29,2) -> 21598.74 | J29: =ROUND(E29*G29,2) -> 21598.74 | K29: =J29-I29 -> 0 | L29: =I29-J29 -> 0 | M29: #料繳回，含運費。
A30: 19 | B30: 解說牌拆除 | C30: 座 | D30: 4 | E30: =估驗單!F26 -> 4 | G30: 2999.84 | I30: =ROUND(D30*G30,2) -> 11999.36 | J30: =ROUND(E30*G30,2) -> 11999.36 | K30: =J30-I30 -> 0 | L30: =I30-J30 -> 0 | M30: #料繳回，含運費。
A31: 20 | B31: 自行車架拆除 | C31: 座 | D31: 20 | E31: =估驗單!F27 -> 20 | G31: 2999.84 | I31: =ROUND(D31*G31,2) -> 59996.8 | J31: =ROUND(E31*G31,2) -> 59996.8 | K31: =J31-I31 -> 0 | L31: =I31-J31 -> 0 | M31: #料繳回，含運費。
A32: 21 | B32: 交通牌誌拆除 | C32: 座 | D32: 15 | E32: =估驗單!F28 -> 15 | G32: 2999.84 | I32: =ROUND(D32*G32,2) -> 44997.6 | J32: =ROUND(E32*G32,2) -> 44997.6 | K32: =J32-I32 -> 0 | L32: =I32-J32 -> 0 | M32: #料繳回，含運費。
A33: 22 | B33: 既有水利設施拆除及運送 | C33: 式 | D33: 1 | E33: =估驗單!F29 -> 1 | G33: 399978.19 | I33: =ROUND(D33*G33,2) -> 399978.19 | J33: =ROUND(E33*G33,2) -> 399978.19 | K33: =J33-I33 -> 0 | L33: =I33-J33 -> 0 | M33: 水閘門
A34: 23 | B34: 交通維持，道路管制人員，日間(06-22時)，義交 | C34: 時 | D34: 30800 | E34: =估驗單!F30 -> 30800 | F34: =E34-D34 -> 0 | G34: 280 | I34: =ROUND(D34*G34,2) -> 8624000 | J34: =ROUND(E34*G34,2) -> 8624000 | K34: =J34-I34 -> 0 | L34: =I34-J34 -> 0 | M34: [人力工項不打折]
A35: 24 | B35: 表土清除，堆置，及回填費，t=30cm | C35: M2 | D35: 2150 | E35: =估驗單!F31 -> 2150 | F35: =E35-D35 -> 0 | G35: 70.56 | I35: =ROUND(D35*G35,2) -> 151704 | J35: =ROUND(E35*G35,2) -> 151704 | K35: =J35-I35 -> 0 | L35: =I35-J35 -> 0 | M35: 百齡暫置場整地需求
A36: 25 | B36: 餘土分類處理 | C36: 日 | D36: 111 | E36: =估驗單!F32 -> 111 | F36: =E36-D36 -> 0 | G36: 20000 | I36: =ROUND(D36*G36,2) -> 2220000 | J36: =ROUND(E36*G36,2) -> 2220000 | K36: =J36-I36 -> 0 | L36: =I36-J36 -> 0 | M36: 新增工項 02323M00AC | O36: 北市工水工字第1126063128號 第6點 | P36: 數量=餘方遠運處理(台北港)/ 每日約120m3 | Q36: 屬後續擴充5000萬工項 既有磺港路、公園開挖摻雜混合物 | S36: 監造提供數量?
A37: (二) | B37: 土建景觀工程 | C37: 式 | E37: =估驗單!F33 -> 0 | F37: =E37-D37 -> 0 | G37: 30807124 | I37: =SUM(I38:I127) -> 30807124 | J37: =SUM(J38:J127) -> 32286203 | K37: =SUM(K38:K127) -> 3305690.7 | L37: =SUM(L38:L127) -> -1826612.4
A38: 1 | B38: 構造物回填，回填及夯實(實際) | C38: C.M3 | D38: 1887.64 | E38: =估驗單!F34 -> 1887.64 | F38: =E38-D38 -> 0 | G38: 320.72 | I38: =ROUND(D38*G38,2) -> 605403.9 | J38: =ROUND(E38*G38,2) -> 605403.9 | K38: =J38-I38 -> 0
A39: 2 | B39: 構造物回填，回填及夯實，人工夯實 | C39: C.M3 | D39: 402.21 | E39: =估驗單!F35 -> 402.21 | F39: =E39-D39 -> 0 | G39: 346.06 | I39: =ROUND(D39*G39,2) -> 139188.79 | J39: =ROUND(E39*G39,2) -> 139188.79 | K39: =J39-I39 -> 0
A40: 3 | B40: 鋼筋，SD280W | C40: KG | D40: 18865.76 | E40: =估驗單!F36 -> 18865.76 | F40: =E40-D40 -> 0 | G40: 36.4 | I40: =ROUND(D40*G40,2) -> 686713.66 | J40: =ROUND(E40*G40,2) -> 686713.66 | K40: =J40-I40 -> 0 | M40: 本項納入(鋼筋)物價指數調整
A41: 項次 | B41: 項目名稱 | C41: 單位 | D41: 原 定 數 量 | E41: 變更後 數 量 | F41: 增 減 數 量 | G41: 契 約 單 價 | H41: 新 增 單 價 | I41: 原 訂 合 價 | J41: 變更後 合價 | K41: 追加 | L41: 追減 | M41: 備註
A43: 4 | B43: 結構用混凝土，預拌，140kgf/cm2 | C43: M3 | D43: 107.91 | E43: =估驗單!F37 -> 107.91 | F43: =E43-D43 -> 0 | G43: 3114.97 | I43: =ROUND(D43*G43,2) -> 336136.41 | J43: =ROUND(E43*G43,2) -> 336136.41 | K43: =J43-I43 -> 0 | M43: 景觀
A44: 5 | B44: 結構用混凝土，預拌，210kgf/cm2 | C44: M3 | D44: 564.01 | E44: =估驗單!F38 -> 564.01 | F44: =E44-D44 -> 0 | G44: 3320.96 | I44: =ROUND(D44*G44,2) -> 1873054.6 | J44: =ROUND(E44*G44,2) -> 1873054.6 | K44: =J44-I44 -> 0 | M44: 景觀
A45: 6 | B45: 普通模板，丙種 | C45: M2 | D45: 1926.87 | E45: =估驗單!F39 -> 1926.87 | F45: =E45-D45 -> 0 | G45: 533.61 | I45: =ROUND(D45*G45,2) -> 1028197.1 | J45: =ROUND(E45*G45,2) -> 1028197.1 | K45: =J45-I45 -> 0 | M45: U型構，集水井，排水箱涵等。本項納入(普通模板)物價指數調整
A46: 7 | B46: 清水模板，鋼模 | C46: M2 | D46: 301.33 | E46: =估驗單!F40 -> 301.33 | F46: =E46-D46 -> 0 | G46: 1299.82 | I46: =ROUND(D46*G46,2) -> 391674.76 | J46: =ROUND(E46*G46,2) -> 391674.76 | K46: =J46-I46 -> 0 | M46: 本項納入「金屬製品類」物價指數調整
A47: 8 | B47: 鍍鋅鋼料 | C47: KG | D47: 5991.34 | E47: =估驗單!F41 -> 5991.34 | F47: =E47-D47 -> 0 | G47: 60 | I47: =ROUND(D47*G47,2) -> 359480.4 | J47: =ROUND(E47*G47,2) -> 359480.4 | K47: =J47-I47 -> 0 | M47: #本項納入「金屬製品類」物價指數調整
A48: 9 | B48: 金屬材料，鋼料，裁切加工銲製(工廠加工) | C48: KG | D48: 5991.34 | E48: =估驗單!F42 -> 5991.34 | F48: =E48-D48 -> 0 | G48: 31.9 | I48: =ROUND(D48*G48,2) -> 191123.75 | J48: =ROUND(E48*G48,2) -> 191123.75 | K48: =J48-I48 -> 0
A49: 10 | B49: 結構用鋼材，銲接結構用軋鋼料，SM400B鋼構工程及製作、組立工程(含加勁板、續接板、螺絲、螺栓、螺帽等) | C49: KG | D49: 1180.03 | E49: =估驗單!F43 -> 1180.03 | F49: =E49-D49 -> 0 | G49: 107.3 | I49: =ROUND(D49*G49,2) -> 126617.22 | J49: =ROUND(E49*G49,2) -> 126617.22 | K49: =J49-I49 -> 0 | M49: #本項納入「金屬製品類」物價指數調整
A50: 11 | B50: 透水磚紙模地坪 | C50: M2 | D50: 3879.21 | E50: =估驗單!F44 -> 3879.21 | F50: =E50-D50 -> 0 | G50: 3092.69 | I50: =ROUND(D50*G50,2) -> 11997194 | J50: =ROUND(E50*G50,2) -> 11997194 | K50: =J50-I50 -> 0
A51: 12 | B51: 梯形磚鋪面，149.5x(30,20)x8cmTH | C51: M2 | D51: 462.9 | E51: =估驗單!F45 -> 462.9 | F51: =E51-D51 -> 0 | G51: 3961.37 | I51: =ROUND(D51*G51,2) -> 1833718.2 | J51: =ROUND(E51*G51,2) -> 1833718.2 | K51: =J51-I51 -> 0
A52: 13 | B52: 石材鋪面 | C52: M2 | D52: 5.09 | E52: =估驗單!F46 -> 5.09 | F52: =E52-D52 -> 0 | G52: 3965.59 | I52: =ROUND(D52*G52,2) -> 20184.85 | J52: =ROUND(E52*G52,2) -> 20184.85 | K52: =J52-I52 -> 0 | O52: 依設計圖說計算
A53: 14 | B53: 卵石鋪面 | C53: M2 | D53: 18.76 | E53: =估驗單!F47 -> 18.76 | F53: =E53-D53 -> 0 | G53: 3391.22 | I53: =ROUND(D53*G53,2) -> 63619.29 | J53: =ROUND(E53*G53,2) -> 63619.29 | K53: =J53-I53 -> 0
A54: 15 | B54: 露骨材地坪 | C54: M2 | D54: 118.92 | E54: =估驗單!F48 -> 118.92 | F54: =E54-D54 -> 0 | G54: 773.85 | I54: =ROUND(D54*G54,2) -> 92026.24 | J54: =ROUND(E54*G54,2) -> 92026.24 | K54: =J54-I54 -> 0
A55: 16 | B55: PC地坪 | C55: M2 | D55: 173.3 | E55: =估驗單!F49 -> 173.3 | F55: =E55-D55 -> 0 | G55: 948.34 | I55: =ROUND(D55*G55,2) -> 164347.32 | J55: =ROUND(E55*G55,2) -> 164347.32 | K55: =J55-I55 -> 0
A56: 17 | B56: 格柵鋪面B | C56: 座 | D56: 1 | E56: =估驗單!F50 -> 1 | F56: =E56-D56 -> 0 | G56: 144378.63 | I56: =ROUND(D56*G56,2) -> 144378.63 | J56: =ROUND(E56*G56,2) -> 144378.63 | K56: =J56-I56 -> 0
A57: 18 | B57: 細石子鋪面 | C57: C.M3 | D57: 156.68 | E57: =估驗單!F51 -> 156.68 | F57: =E57-D57 -> 0 | G57: 145.21 | I57: =ROUND(D57*G57,2) -> 22751.5 | J57: =ROUND(E57*G57,2) -> 22751.5 | K57: =J57-I57 -> 0
A58: 19 | B58: 鋼板收邊A型 | C58: M | D58: 689.86 | E58: =估驗單!F52 -> 689.86 | F58: =E58-D58 -> 0 | G58: 2755.78 | I58: =ROUND(D58*G58,2) -> 1901102.4 | J58: =ROUND(E58*G58,2) -> 1901102.4 | K58: =J58-I58 -> 0 | M58: #
A59: 20 | B59: 鋼板收邊B型 | C59: M | D59: 12.91 | E59: =估驗單!F53 -> 12.91 | F59: =E59-D59 -> 0 | G59: 576.77 | I59: =ROUND(D59*G59,2) -> 7446.1 | J59: =ROUND(E59*G59,2) -> 7446.1 | K59: =J59-I59 -> 0 | M59: #
A60: 21 | B60: 界石收邊 | C60: M | D60: 56.09 | E60: =估驗單!F54 -> 56.09 | F60: =E60-D60 -> 0 | G60: 615.31 | I60: =ROUND(D60*G60,2) -> 34512.74 | J60: =ROUND(E60*G60,2) -> 34512.74 | K60: =J60-I60 -> 0
A61: 22 | B61: 緣石收邊 | C61: M | D61: 656.91 | E61: =估驗單!F55 -> 656.91 | F61: =E61-D61 -> 0 | G61: 685.27 | I61: =ROUND(D61*G61,2) -> 450160.72 | J61: =ROUND(E61*G61,2) -> 450160.72 | K61: =J61-I61 -> 0 | M61: #
A62: 23 | B62: 道路緣石收邊 | C62: M | D62: 1254.13 | E62: =估驗單!F56 -> 1254.13 | F62: =E62-D62 -> 0 | G62: 699.69 | I62: =ROUND(D62*G62,2) -> 877502.22 | J62: =ROUND(E62*G62,2) -> 877502.22 | K62: =J62-I62 -> 0 | M62: #
A63: 24 | B63: 道路緣石斜坡式 | C63: M | D63: 44.64 | E63: =估驗單!F57 -> 44.64 | F63: =E63-D63 -> 0 | G63: 1199.27 | I63: =ROUND(D63*G63,2) -> 53535.41 | J63: =ROUND(E63*G63,2) -> 53535.41 | K63: =J63-I63 -> 0 | M63: #
A64: 25 | B64: 場鑄道路緣石 | C64: M | D64: 142.26 | E64: =估驗單!F58 -> 142.26 | F64: =E64-D64 -> 0 | G64: 57.68 | I64: =ROUND(D64*G64,2) -> 8205.56 | J64: =ROUND(E64*G64,2) -> 8205.56 | K64: =J64-I64 -> 0 | M64: #
A65: 26 | B65: 伸縮縫 | C65: M | D65: 8.5 | E65: =估驗單!F59 -> 8.5 | F65: =E65-D65 -> 0 | G65: 138.84 | I65: =ROUND(D65*G65,2) -> 1180.14 | J65: =ROUND(E65*G65,2) -> 1180.14 | K65: =J65-I65 -> 0
A66: 27 | B66: 警示帶定位磚 | C66: M2 | D66: 20.48 | E66: =估驗單!F60 -> 20.48 | F66: =E66-D66 -> 0 | G66: 2145.31 | I66: =ROUND(D66*G66,2) -> 43935.95 | J66: =ROUND(E66*G66,2) -> 43935.95 | K66: =J66-I66 -> 0 | M66: #
A67: 28 | B67: 座台A | C67: M | D67: 56.1 | E67: =估驗單!F61 -> 56.1 | F67: =E67-D67 -> 0 | G67: 511.36 | I67: =ROUND(D67*G67,2) -> 28687.3 | J67: =ROUND(E67*G67,2) -> 28687.3 | K67: =J67-I67 -> 0
A68: 29 | B68: 座台D | C68: M | D68: 16.6 | E68: =估驗單!F62 -> 16.6 | F68: =E68-D68 -> 0 | G68: 829.1 | I68: =ROUND(D68*G68,2) -> 13763.06 | J68: =ROUND(E68*G68,2) -> 13763.06 | K68: =J68-I68 -> 0
A69: 30 | B69: 座台E | C69: M | D69: 2 | E69: =估驗單!F63 -> 2 | F69: =E69-D69 -> 0 | G69: 443.91 | I69: =ROUND(D69*G69,2) -> 887.82 | J69: =ROUND(E69*G69,2) -> 887.82 | K69: =J69-I69 -> 0
A70: 31 | B70: 座椅A | C70: 座 | D70: 7 | E70: =估驗單!F64 -> 7 | F70: =E70-D70 -> 0 | G70: 26450.3 | I70: =ROUND(D70*G70,2) -> 185152.1 | J70: =ROUND(E70*G70,2) -> 185152.1 | K70: =J70-I70 -> 0
A71: 32 | B71: 座椅B | C71: M | D71: 19.2 | E71: =估驗單!F65 -> 19.2 | F71: =E71-D71 -> 0 | G71: 443.91 | I71: =ROUND(D71*G71,2) -> 8523.07 | J71: =ROUND(E71*G71,2) -> 8523.07 | K71: =J71-I71 -> 0 | M71: #
A72: 33 | B72: 座椅C | C72: 座 | D72: 2 | E72: =估驗單!F66 -> 2 | F72: =E72-D72 -> 0 | G72: 23899.56 | I72: =ROUND(D72*G72,2) -> 47799.12 | J72: =ROUND(E72*G72,2) -> 47799.12 | K72: =J72-I72 -> 0
A73: 34 | B73: 座椅D-1 | C73: 座 | D73: 8 | E73: =估驗單!F67 -> 8 | F73: =E73-D73 -> 0 | G73: 25125.57 | I73: =ROUND(D73*G73,2) -> 201004.56 | J73: =ROUND(E73*G73,2) -> 201004.56 | K73: =J73-I73 -> 0 | M73: #
A74: 35 | B74: 座椅D-2 | C74: 座 | D74: 3 | E74: =估驗單!F68 -> 3 | F74: =E74-D74 -> 0 | G74: 24022.04 | I74: =ROUND(D74*G74,2) -> 72066.12 | J74: =ROUND(E74*G74,2) -> 72066.12 | K74: =J74-I74 -> 0
A75: 36 | B75: 草地座階 | C75: M | D75: 30.1 | E75: =估驗單!F69 -> 30.1 | F75: =E75-D75 -> 0 | G75: 545.1 | I75: =ROUND(D75*G75,2) -> 16407.51 | J75: =ROUND(E75*G75,2) -> 16407.51 | K75: =J75-I75 -> 0 | M75: #
A76: 37 | B76: 砌石擋牆A | C76: M | D76: 31.2 | E76: =估驗單!F70 -> 35.2 | F76: =E76-D76 -> 4 | G76: 8355.11 | I76: =ROUND(D76*G76,2) -> 260679.43 | J76: =ROUND(E76*G76,2) -> 294099.87 | K76: =J76-I76 -> 33420.44 | O76: 依實際施作長度
A77: 38 | B77: 砌石擋牆B | C77: M | D77: 17.9 | E77: =估驗單!F71 -> 24.3 | F77: =E77-D77 -> 6.4 | G77: 5394.64 | I77: =ROUND(D77*G77,2) -> 96564.06 | J77: =ROUND(E77*G77,2) -> 131089.75 | K77: =J77-I77 -> 34525.69 | O77: 依實際施作長度
A78: 39 | B78: 鋼板擋牆 | C78: M | D78: 19.6 | E78: =估驗單!F72 -> 19.6 | F78: =E78-D78 -> 0 | G78: 432.57 | I78: =ROUND(D78*G78,2) -> 8478.37 | J78: =ROUND(E78*G78,2) -> 8478.37 | K78: =J78-I78 -> 0
A79: 40 | B79: 擋牆b’型 | C79: M | D79: 24.9 | E79: =估驗單!F73 -> 24.9 | F79: =E79-D79 -> 0 | G79: 1224.22 | I79: =ROUND(D79*G79,2) -> 30483.08 | J79: =ROUND(E79*G79,2) -> 30483.08 | K79: =J79-I79 -> 0
A80: 41 | B80: 擋牆c’型 | C80: M | D80: 3.5 | E80: =估驗單!F74 -> 3.5 | F80: =E80-D80 -> 0 | G80: 1148.63 | I80: =ROUND(D80*G80,2) -> 4020.21 | J80: =ROUND(E80*G80,2) -> 4020.21 | K80: =J80-I80 -> 0
A81: 42 | B81: 樓梯E | C81: 座 | D81: 1 | E81: =估驗單!F75 -> 1 | F81: =E81-D81 -> 0 | G81: 5698.63 | I81: =ROUND(D81*G81,2) -> 5698.63 | J81: =ROUND(E81*G81,2) -> 5698.63 | K81: =J81-I81 -> 0
A82: 43 | B82: 樓梯G | C82: 座 | D82: 1 | E82: =估驗單!F76 -> 1 | F82: =E82-D82 -> 0 | G82: 5963.22 | I82: =ROUND(D82*G82,2) -> 5963.22 | J82: =ROUND(E82*G82,2) -> 5963.22 | K82: =J82-I82 -> 0
A83: 44 | B83: 樓梯H | C83: 座 | D83: 1 | E83: =估驗單!F77 -> 1 | F83: =E83-D83 -> 0 | G83: 1421.11 | I83: =ROUND(D83*G83,2) -> 1421.11 | J83: =ROUND(E83*G83,2) -> 1421.11 | K83: =J83-I83 -> 0
A84: 45 | B84: 樓梯J | C84: 座 | D84: 1 | E84: =估驗單!F78 -> 1 | F84: =E84-D84 -> 0 | G84: 4031.83 | I84: =ROUND(D84*G84,2) -> 4031.83 | J84: =ROUND(E84*G84,2) -> 4031.83 | K84: =J84-I84 -> 0
A85: 46 | B85: 樓梯K | C85: 座 | D85: 1 | E85: =估驗單!F79 -> 1 | F85: =E85-D85 -> 0 | G85: 3313.67 | I85: =ROUND(D85*G85,2) -> 3313.67 | J85: =ROUND(E85*G85,2) -> 3313.67 | K85: =J85-I85 -> 0
A86: 47 | B86: 欄杆B | C86: M | D86: 149.5 | E86: =估驗單!F80 -> 149.5 | F86: =E86-D86 -> 0 | G86: 1975.94 | I86: =ROUND(D86*G86,2) -> 295403.03 | J86: =ROUND(E86*G86,2) -> 295403.03 | K86: =J86-I86 -> 0
A87: 48 | B87: 欄杆C | C87: M | D87: 39.3 | E87: =估驗單!F81 -> 39.3 | F87: =E87-D87 -> 0 | G87: 4874.23 | I87: =ROUND(D87*G87,2) -> 191557.24 | J87: =ROUND(E87*G87,2) -> 191557.24 | K87: =J87-I87 -> 0
A88: 49 | B88: 護欄b | C88: M | D88: 51.3 | E88: =估驗單!F82 -> 51.3 | F88: =E88-D88 -> 0 | G88: 2938.96 | I88: =ROUND(D88*G88,2) -> 150768.65 | J88: =ROUND(E88*G88,2) -> 150768.65 | K88: =J88-I88 -> 0
A89: 50 | B89: 地圖牌 | C89: 座 | D89: 1 | E89: =估驗單!F83 -> 1 | F89: =E89-D89 -> 0 | G89: 23029.53 | I89: =ROUND(D89*G89,2) -> 23029.53 | J89: =ROUND(E89*G89,2) -> 23029.53 | K89: =J89-I89 -> 0 | M89: #
A90: 51 | B90: 全區導覽牌 | C90: 座 | D90: 2 | E90: =估驗單!F84 -> 2 | F90: =E90-D90 -> 0 | G90: 18604.87 | I90: =ROUND(D90*G90,2) -> 37209.74 | J90: =ROUND(E90*G90,2) -> 37209.74 | K90: =J90-I90 -> 0 | M90: #
A91: 52 | B91: 公園自治條例 | C91: 座 | D91: 1 | E91: =估驗單!F85 -> 1 | F91: =E91-D91 -> 0 | G91: 18604.87 | I91: =ROUND(D91*G91,2) -> 18604.87 | J91: =ROUND(E91*G91,2) -> 18604.87 | K91: =J91-I91 -> 0
A92: 53 | B92: 方向指示牌 | C92: 座 | D92: 2 | E92: =估驗單!F86 -> 2 | F92: =E92-D92 -> 0 | G92: 11654.82 | I92: =ROUND(D92*G92,2) -> 23309.64 | J92: =ROUND(E92*G92,2) -> 23309.64 | K92: =J92-I92 -> 0
A93: 54 | B93: 水位警示設施 | C93: 座 | D93: 2 | E93: =估驗單!F87 -> 2 | F93: =E93-D93 -> 0 | G93: 25107.48 | I93: =ROUND(D93*G93,2) -> 50214.96 | J93: =ROUND(E93*G93,2) -> 50214.96 | K93: =J93-I93 -> 0
A94: 55 | B94: 警示設施說明牌A | C94: 座 | D94: 1 | E94: =估驗單!F88 -> 1 | F94: =E94-D94 -> 0 | G94: 22415.66 | I94: =ROUND(D94*G94,2) -> 22415.66 | J94: =ROUND(E94*G94,2) -> 22415.66 | K94: =J94-I94 -> 0
A95: 56 | B95: 警示設施說明牌B | C95: 座 | D95: 1 | E95: =估驗單!F89 -> 1 | F95: =E95-D95 -> 0 | G95: 21723.54 | I95: =ROUND(D95*G95,2) -> 21723.54 | J95: =ROUND(E95*G95,2) -> 21723.54 | K95: =J95-I95 -> 0
A96: 57 | B96: 警示設施說明牌C | C96: 座 | D96: 1 | E96: =估驗單!F90 -> 1 | F96: =E96-D96 -> 0 | G96: 22646.36 | I96: =ROUND(D96*G96,2) -> 22646.36 | J96: =ROUND(E96*G96,2) -> 22646.36 | K96: =J96-I96 -> 0
A97: 58 | B97: 警示設施說明牌D | C97: 座 | D97: 4 | E97: =估驗單!F91 -> 4 | F97: =E97-D97 -> 0 | G97: 17340.05 | I97: =ROUND(D97*G97,2) -> 69360.2 | J97: =ROUND(E97*G97,2) -> 69360.2 | K97: =J97-I97 -> 0
A98: 59 | B98: 解說牌A | C98: 座 | D98: 6 | E98: =估驗單!F92 -> 6 | F98: =E98-D98 -> 0 | G98: 17340.05 | I98: =ROUND(D98*G98,2) -> 104040.3 | J98: =ROUND(E98*G98,2) -> 104040.3 | K98: =J98-I98 -> 0
A99: 60 | B99: 解說牌B | C99: 座 | D99: 1 | E99: =估驗單!F93 -> 1 | F99: =E99-D99 -> 0 | G99: 17496.65 | I99: =ROUND(D99*G99,2) -> 17496.65 | J99: =ROUND(E99*G99,2) -> 17496.65 | K99: =J99-I99 -> 0
A100: 61 | B100: 解說牌C | C100: 座 | D100: 1 | E100: =估驗單!F94 -> 1 | F100: =E100-D100 -> 0 | G100: 1501.66 | I100: =ROUND(D100*G100,2) -> 1501.66 | J100: =ROUND(E100*G100,2) -> 1501.66 | K100: =J100-I100 -> 0
A101: 62 | B101: 解說牌E | C101: 座 | D101: 1 | E101: =估驗單!F95 -> 1 | F101: =E101-D101 -> 0 | G101: 1240.05 | I101: =ROUND(D101*G101,2) -> 1240.05 | J101: =ROUND(E101*G101,2) -> 1240.05 | K101: =J101-I101 -> 0
A102: 63 | B102: 解說牌F | C102: 座 | D102: 1 | E102: =估驗單!F96 -> 1 | F102: =E102-D102 -> 0 | G102: 1470.75 | I102: =ROUND(D102*G102,2) -> 1470.75 | J102: =ROUND(E102*G102,2) -> 1470.75 | K102: =J102-I102 -> 0
...

Sheet 模板(全)
C1: 臺北市政府工務局水利工程處 | O1: =759925.2+3237744.6-1826612.36+355445.15+94917.34+240906+651749+802562.58-298416.97 -> 4018220.5 | P1: =759925+1411132+651749+802562+240906+450362 -> 4316636
C2: 第4次變更項目對照詳細表
A3: 工程名稱：磺港溪再造C段護岸及步道整建工程(三合橋至奇岩抽水站) | K3: 日期： | L3: 45653
A4: 原契約分為 10 部分 本次變更 4 部分原有 393 項 | J4: 訂約總價 | L4: 257600000
A5: 前經 3 次變更設計，計新增 43 項，減少 3 項，變更 27 項，變更後合計 438 項 | J5: 前次變更後總價(綜簽) | L5: 308240521
A6: 本次變更設計，計新增 項，減少 項，變更 項，變更後合計 項 | J6: 本次變更後總價 | L6: =J9 -> #VALUE!
A7: 項次 | B7: 項目名稱 | C7: 單位 | D7: 原 定 數 量 | E7: 變更後 數 量 | F7: 增 減 數 量 | G7: 契 約 單 價 | H7: 新 增 單 價 | I7: 原 訂 合 價 | J7: 變更後 合價 | K7: 追加 | L7: 追減 | M7: 備註 | O7: 變更依據 | P7: 數量計算式 | Q7: 變更原因
A9: 壹 | B9: 發包工程費 | C9: 式 | G9: =I9 -> 3.0689606e+08 | I9: =I10+I356+I382+I422+I426+I446+I466+I469+I470+I472 -> 3.0689606e+08 | J9: =J10+J356+J382+J422+J426+J446+J466+J469+J470+J472 -> #VALUE! | K9: =K10+K356+K382+K422+K426+K446+K466+K469+K470+K472 -> #VALUE! | L9: =L10+L356+L382+L422+L426+L446+L466+L469+L470+L472 -> #VALUE! | O9: =K9+L9 -> #VALUE!
A10: 一 | B10: 工程費 | C10: 式 | G10: =I10 -> 2.3152362e+08 | I10: =I11+I37+I127+I167+I197+I217+I234+I312+I346 -> 2.3152362e+08 | J10: =J11+J37+J127+J167+J197+J217+J234+J312+J346 -> #VALUE! | K10: =K11+K37+K127+K167+K197+K217+K234+K312+K346 -> #VALUE! | L10: =L11+L37+L127+L167+L197+L217+L234+L312+L346 -> #VALUE!
A11: (一) | B11: 整備工程 | C11: 式 | G11: 61233816 | I11: =SUM(I12:I36) -> 61233816 | J11: =SUM(J12:J36) -> #VALUE! | K11: =SUM(K12:K36) -> #VALUE! | L11: =SUM(L12:L36) -> #VALUE!
A12: 1 | B12: 機械拆除，瀝青混凝土，未含運費 | C12: M3 | D12: 720.24 | E12: =估驗單!F8 -> 720.24 | G12: 193.11 | I12: =ROUND(D12*G12,2) -> 139085.55 | J12: =ROUND(E12*G12,2) -> 139085.55 | K12: =J12-I12 -> 0 | L12: =I12-J12 -> 0
A13: 2 | B13: 機械拆除，鋼筋混凝土，未含運費 | C13: M3 | D13: 4813.44 | E13: =估驗單!F9 -> 4813.44 | G13: 1046.16 | I13: =ROUND(D13*G13,2) -> 5035628.4 | J13: =ROUND(E13*G13,2) -> 5035628.4 | K13: =J13-I13 -> 0 | L13: =I13-J13 -> 0
A14: 3 | B14: 盤踞切割 | C14: M | D14: 1743 | E14: =估驗單!F10 -> 1743 | G14: 6199.66 | I14: =ROUND(D14*G14,2) -> 10806007 | J14: =ROUND(E14*G14,2) -> 10806007 | K14: =J14-I14 -> 0 | L14: =I14-J14 -> 0 | M14: #磺港路橋(奇岩抽水站旁)1533.9m、希冀橋208.6m
A15: 4 | B15: 基地及路幅開挖，未含運費，(機械挖，0.7～0.79m3開挖機) | C15: B.M3 | D15: 28009.56 | E15: =估驗單!F11 -> 28009.56 | G15: 48.28 | I15: =ROUND(D15*G15,2) -> 1352301.6 | J15: =ROUND(E15*G15,2) -> 1352301.6 | K15: =J15-I15 -> 0 | L15: =I15-J15 -> 0 | O15: 112年12月12日 北市工水工字第1126067256號 | P15: 新設磺港橋及希冀橋橋台辦理既有基樁與新設基樁清障開挖+單孔過路段及清江公園 ((5*6*6.5*2)+(13*3.5*6.8)+(3.2*8.5*1.6))+((747.2+149.44)) | Q15: 機關/現場需求 (百齡)
A16: 5 | B16: 瀝青混凝土面層刨除，刨除料運費 | C16: M3 | D16: 4726.67 | E16: =估驗單!F12 -> 4726.67 | G16: 599.71 | I16: =ROUND(D16*G16,2) -> 2834631.3 | J16: =ROUND(E16*G16,2) -> 2834631.3 | K16: =J16-I16 -> 0 | L16: =I16-J16 -> 0
A17: 6 | B17: 利用填方，含夯實 | C17: M3 | D17: 13120 | E17: =估驗單!F13 -> 13120 | G17: 104.64 | I17: =ROUND(D17*G17,2) -> 1372876.8 | J17: =ROUND(E17*G17,2) -> 1372876.8 | K17: =J17-I17 -> 0 | L17: =I17-J17 -> 0
A18: 7 | B18: 餘方遠運處理(台北港) | C18: B.M3 | D18: 13251 | E18: =估驗單!F14 -> 4994 | G18: 1027.37 | I18: =ROUND(D18*G18,2) -> 13613680 | J18: =ROUND(E18*G18,2) -> 5130685.8 | K18: =J18-I18 -> -8482994.1 | L18: =I18-J18 -> 8482994.1 | M18: 僅含運費(運距約<20K)(土方管理費檢據核銷)
A19: 8 | B19: 餘方自行處理(房屋廢方，含水土保持) | C19: M3 | D19: 4601.44 | E19: =估驗單!F15 -> 0_x000D_ | G19: 1084.98 | I19: =ROUND(D19*G19,2) -> 4992470.4 | J19: =ROUND(E19*G19,2) -> #VALUE! | K19: =J19-I19 -> #VALUE! | L19: =I19-J19 -> #VALUE!
A20: 9 | B20: 瀝青混凝土面層刨除，厚5cm，刨除機1.2m寬，含瀝青鋪面打毛(未含運費) | C20: M2 | D20: 2588.5 | E20: =估驗單!F16 -> 2588.5 | G20: 30.45 | I20: =ROUND(D20*G20,2) -> 78819.83 | J20: =ROUND(E20*G20,2) -> 78819.83 | K20: =J20-I20 -> 0 | L20: =I20-J20 -> 0 | M20: #含瀝青鋪面打毛
A21: 10 | B21: 瀝青混凝土面層刨除，厚10cm，刨除機2.2m寬，未含運費 | C21: M2 | D21: 9177 | E21: =估驗單!F17 -> 9177 | G21: 28.48 | I21: =ROUND(D21*G21,2) -> 261360.96 | J21: =ROUND(E21*G21,2) -> 261360.96 | K21: =J21-I21 -> 0 | L21: =I21-J21 -> 0
A22: 11 | B22: 切割瀝青混凝土或無筋混凝土，5cm≦切割深度＜10cm | C22: M | D22: 162.5 | E22: =估驗單!F18 -> 162.5 | G22: 65.4 | I22: =ROUND(D22*G22,2) -> 10627.5 | J22: =ROUND(E22*G22,2) -> 10627.5 | K22: =J22-I22 -> 0 | L22: =I22-J22 -> 0
A23: 12 | B23: 清除及掘除，雜草雜木，含垃圾撿除，人工割 | C23: M2 | D23: 5217.7 | E23: =估驗單!F19 -> 5217.7 | G23: 20.19 | I23: =ROUND(D23*G23,2) -> 105345.36 | J23: =ROUND(E23*G23,2) -> 105345.36 | K23: =J23-I23 -> 0 | L23: =I23-J23 -> 0
A24: 13 | B24: 垃圾及廢棄物(以體積計)清運 | C24: M3 | D24: 782.66 | E24: =估驗單!F20 -> 782.66 | G24: 2286.68 | I24: =ROUND(D24*G24,2) -> 1789693 | J24: =ROUND(E24*G24,2) -> 1789693 | K24: =J24-I24 -> 0 | L24: =I24-J24 -> 0 | M24: #
A25: 14 | B25: 節塊吊放 | C25: 次 | D25: 425 | E25: =估驗單!F21 -> 425 | G25: 521.15 | I25: =ROUND(D25*G25,2) -> 221488.75 | J25: =ROUND(E25*G25,2) -> 221488.75 | K25: =J25-I25 -> 0 | L25: =I25-J25 -> 0 | M25: #磺港路橋、共月橋、三合橋
A26: 15 | B26: 機械拆除，工地雜項拆除清理，欄杆，含運費 | C26: M | D26: 255.5 | E26: =估驗單!F22 -> 415.08 | F26: =E26-D26 -> 159.58 | G26: 289.67 | I26: =ROUND(D26*G26,2) -> 74010.69 | J26: =ROUND(E26*G26,2) -> 120236.22 | K26: =J26-I26 -> 46225.53
A27: 16 | B27: 土方運送(百齡抽水站) | C27: 趟 | D27: 2204 | E27: =估驗單!F23 -> 2204 | G27: 3082.11 | I27: =ROUND(D27*G27,2) -> 6792970.4 | J27: =ROUND(E27*G27,2) -> 6792970.4 | K27: =J27-I27 -> 0 | L27: =I27-J27 -> 0
A28: 17 | B28: 既有路燈拆除繳回 | C28: 盞 | D28: 66 | E28: =估驗單!F24 -> 66 | G28: 3311.26 | I28: =ROUND(D28*G28,2) -> 218543.16 | J28: =ROUND(E28*G28,2) -> 218543.16 | K28: =J28-I28 -> 0 | L28: =I28-J28 -> 0 | M28: #料繳回，含運費。
A29: 18 | B29: 座椅拆除繳回 | C29: 座 | D29: 18 | E29: =估驗單!F25 -> 18 | G29: 1199.93 | I29: =ROUND(D29*G29,2) -> 21598.74 | J29: =ROUND(E29*G29,2) -> 21598.74 | K29: =J29-I29 -> 0 | L29: =I29-J29 -> 0 | M29: #料繳回，含運費。
A30: 19 | B30: 解說牌拆除 | C30: 座 | D30: 4 | E30: =估驗單!F26 -> 4 | G30: 2999.84 | I30: =ROUND(D30*G30,2) -> 11999.36 | J30: =ROUND(E30*G30,2) -> 11999.36 | K30: =J30-I30 -> 0 | L30: =I30-J30 -> 0 | M30: #料繳回，含運費。
A31: 20 | B31: 自行車架拆除 | C31: 座 | D31: 20 | E31: =估驗單!F27 -> 20 | G31: 2999.84 | I31: =ROUND(D31*G31,2) -> 59996.8 | J31: =ROUND(E31*G31,2) -> 59996.8 | K31: =J31-I31 -> 0 | L31: =I31-J31 -> 0 | M31: #料繳回，含運費。
A32: 21 | B32: 交通牌誌拆除 | C32: 座 | D32: 15 | E32: =估驗單!F28 -> 15 | G32: 2999.84 | I32: =ROUND(D32*G32,2) -> 44997.6 | J32: =ROUND(E32*G32,2) -> 44997.6 | K32: =J32-I32 -> 0 | L32: =I32-J32 -> 0 | M32: #料繳回，含運費。
A33: 22 | B33: 既有水利設施拆除及運送 | C33: 式 | D33: 1 | E33: =估驗單!F29 -> 1 | G33: 399978.19 | I33: =ROUND(D33*G33,2) -> 399978.19 | J33: =ROUND(E33*G33,2) -> 399978.19 | K33: =J33-I33 -> 0 | L33: =I33-J33 -> 0 | M33: 水閘門
A34: 23 | B34: 交通維持，道路管制人員，日間(06-22時)，義交 | C34: 時 | D34: 30800 | E34: =估驗單!F30 -> 30800 | F34: =E34-D34 -> 0 | G34: 280 | I34: =ROUND(D34*G34,2) -> 8624000 | J34: =ROUND(E34*G34,2) -> 8624000 | K34: =J34-I34 -> 0 | L34: =I34-J34 -> 0 | M34: [人力工項不打折]
A35: 24 | B35: 表土清除，堆置，及回填費，t=30cm | C35: M2 | D35: 2150 | E35: =估驗單!F31 -> 2150 | F35: =E35-D35 -> 0 | G35: 70.56 | I35: =ROUND(D35*G35,2) -> 151704 | J35: =ROUND(E35*G35,2) -> 151704 | K35: =J35-I35 -> 0 | L35: =I35-J35 -> 0 | M35: 百齡暫置場整地需求
A36: 25 | B36: 餘土分類處理 | C36: 日 | D36: 111 | E36: =估驗單!F32 -> 111 | F36: =E36-D36 -> 0 | G36: 20000 | I36: =ROUND(D36*G36,2) -> 2220000 | J36: =ROUND(E36*G36,2) -> 2220000 | K36: =J36-I36 -> 0 | L36: =I36-J36 -> 0 | M36: 新增工項 02323M00AC | O36: 北市工水工字第1126063128號 第6點 | P36: 數量=餘方遠運處理(台北港)/ 每日約120m3 | Q36: 屬後續擴充5000萬工項 既有磺港路、公園開挖摻雜混合物 | S36: 監造提供數量?
A37: (二) | B37: 土建景觀工程 | C37: 式 | E37: =估驗單!F33 -> 0 | F37: =E37-D37 -> 0 | G37: 30807124 | I37: =SUM(I38:I126) -> 29778927 | J37: =SUM(J38:J126) -> 31258006 | K37: =SUM(K38:K126) -> 3305690.7 | L37: =SUM(L38:L126) -> -1826612.4
A38: 1 | B38: 構造物回填，回填及夯實(實際) | C38: C.M3 | D38: 1887.64 | E38: =估驗單!F34 -> 1887.64 | F38: =E38-D38 -> 0 | G38: 320.72 | I38: =ROUND(D38*G38,2) -> 605403.9 | J38: =ROUND(E38*G38,2) -> 605403.9 | K38: =J38-I38 -> 0
A39: 2 | B39: 構造物回填，回填及夯實，人工夯實 | C39: C.M3 | D39: 402.21 | E39: =估驗單!F35 -> 402.21 | F39: =E39-D39 -> 0 | G39: 346.06 | I39: =ROUND(D39*G39,2) -> 139188.79 | J39: =ROUND(E39*G39,2) -> 139188.79 | K39: =J39-I39 -> 0
A40: 3 | B40: 鋼筋，SD280W | C40: KG | D40: 18865.76 | E40: =估驗單!F36 -> 18865.76 | F40: =E40-D40 -> 0 | G40: 36.4 | I40: =ROUND(D40*G40,2) -> 686713.66 | J40: =ROUND(E40*G40,2) -> 686713.66 | K40: =J40-I40 -> 0 | M40: 本項納入(鋼筋)物價指數調整
A41: 4 | B41: 結構用混凝土，預拌，140kgf/cm2 | C41: M3 | D41: 107.91 | E41: =估驗單!F37 -> 107.91 | F41: =E41-D41 -> 0 | G41: 3114.97 | I41: =ROUND(D41*G41,2) -> 336136.41 | J41: =ROUND(E41*G41,2) -> 336136.41 | K41: =J41-I41 -> 0
A42: 5 | B42: 結構用混凝土，預拌，210kgf/cm2 | C42: M3 | D42: 564.01 | E42: =估驗單!F38 -> 564.01 | F42: =E42-D42 -> 0 | G42: 3320.96 | I42: =ROUND(D42*G42,2) -> 1873054.6 | J42: =ROUND(E42*G42,2) -> 1873054.6 | K42: =J42-I42 -> 0
A43: 項次 | B43: 項目名稱 | C43: 單位 | D43: 原 定 數 量 | E43: 變更後 數 量 | F43: 增 減 數 量 | G43: 契 約 單 價 | H43: 新 增 單 價 | I43: 原 訂 合 價 | J43: 變更後 合價 | K43: 追加 | L43: 追減 | M43: 備註 | O43: 變更依據 | P43: 數量計算式 | Q43: 變更原因
A45: 7 | B45: 清水模板，鋼模 | C45: M2 | D45: 301.33 | E45: =估驗單!F40 -> 301.33 | F45: =E45-D45 -> 0 | G45: 1299.82 | I45: =ROUND(D45*G45,2) -> 391674.76 | J45: =ROUND(E45*G45,2) -> 391674.76 | K45: =J45-I45 -> 0 | M45: 本項納入「金屬製品類」物價指數調整
A46: 8 | B46: 鍍鋅鋼料 | C46: KG | D46: 5991.34 | E46: =估驗單!F41 -> 5991.34 | F46: =E46-D46 -> 0 | G46: 60 | I46: =ROUND(D46*G46,2) -> 359480.4 | J46: =ROUND(E46*G46,2) -> 359480.4 | K46: =J46-I46 -> 0 | M46: #本項納入「金屬製品類」物價指數調整
A47: 9 | B47: 金屬材料，鋼料，裁切加工銲製(工廠加工) | C47: KG | D47: 5991.34 | E47: =估驗單!F42 -> 5991.34 | F47: =E47-D47 -> 0 | G47: 31.9 | I47: =ROUND(D47*G47,2) -> 191123.75 | J47: =ROUND(E47*G47,2) -> 191123.75 | K47: =J47-I47 -> 0
A48: 10 | B48: 結構用鋼材，銲接結構用軋鋼料，SM400B鋼構工程及製作、組立工程(含加勁板、續接板、螺絲、螺栓、螺帽等) | C48: KG | D48: 1180.03 | E48: =估驗單!F43 -> 1180.03 | F48: =E48-D48 -> 0 | G48: 107.3 | I48: =ROUND(D48*G48,2) -> 126617.22 | J48: =ROUND(E48*G48,2) -> 126617.22 | K48: =J48-I48 -> 0 | M48: #本項納入「金屬製品類」物價指數調整
A49: 11 | B49: 透水磚紙模地坪 | C49: M2 | D49: 3879.21 | E49: =估驗單!F44 -> 3879.21 | F49: =E49-D49 -> 0 | G49: 3092.69 | I49: =ROUND(D49*G49,2) -> 11997194 | J49: =ROUND(E49*G49,2) -> 11997194 | K49: =J49-I49 -> 0
A50: 12 | B50: 梯形磚鋪面，149.5x(30,20)x8cmTH | C50: M2 | D50: 462.9 | E50: =估驗單!F45 -> 462.9 | F50: =E50-D50 -> 0 | G50: 3961.37 | I50: =ROUND(D50*G50,2) -> 1833718.2 | J50: =ROUND(E50*G50,2) -> 1833718.2 | K50: =J50-I50 -> 0
A51: 13 | B51: 石材鋪面 | C51: M2 | D51: 5.09 | E51: =估驗單!F46 -> 5.09 | F51: =E51-D51 -> 0 | G51: 3965.59 | I51: =ROUND(D51*G51,2) -> 20184.85 | J51: =ROUND(E51*G51,2) -> 20184.85 | K51: =J51-I51 -> 0 | O51: 依設計圖說計算
A52: 14 | B52: 卵石鋪面 | C52: M2 | D52: 18.76 | E52: =估驗單!F47 -> 18.76 | F52: =E52-D52 -> 0 | G52: 3391.22 | I52: =ROUND(D52*G52,2) -> 63619.29 | J52: =ROUND(E52*G52,2) -> 63619.29 | K52: =J52-I52 -> 0
A53: 15 | B53: 露骨材地坪 | C53: M2 | D53: 118.92 | E53: =估驗單!F48 -> 118.92 | F53: =E53-D53 -> 0 | G53: 773.85 | I53: =ROUND(D53*G53,2) -> 92026.24 | J53: =ROUND(E53*G53,2) -> 92026.24 | K53: =J53-I53 -> 0
A54: 16 | B54: PC地坪 | C54: M2 | D54: 173.3 | E54: =估驗單!F49 -> 173.3 | F54: =E54-D54 -> 0 | G54: 948.34 | I54: =ROUND(D54*G54,2) -> 164347.32 | J54: =ROUND(E54*G54,2) -> 164347.32 | K54: =J54-I54 -> 0
A55: 17 | B55: 格柵鋪面B | C55: 座 | D55: 1 | E55: =估驗單!F50 -> 1 | F55: =E55-D55 -> 0 | G55: 144378.63 | I55: =ROUND(D55*G55,2) -> 144378.63 | J55: =ROUND(E55*G55,2) -> 144378.63 | K55: =J55-I55 -> 0
A56: 18 | B56: 細石子鋪面 | C56: C.M3 | D56: 156.68 | E56: =估驗單!F51 -> 156.68 | F56: =E56-D56 -> 0 | G56: 145.21 | I56: =ROUND(D56*G56,2) -> 22751.5 | J56: =ROUND(E56*G56,2) -> 22751.5 | K56: =J56-I56 -> 0
A57: 19 | B57: 鋼板收邊A型 | C57: M | D57: 689.86 | E57: =估驗單!F52 -> 689.86 | F57: =E57-D57 -> 0 | G57: 2755.78 | I57: =ROUND(D57*G57,2) -> 1901102.4 | J57: =ROUND(E57*G57,2) -> 1901102.4 | K57: =J57-I57 -> 0 | M57: #
A58: 20 | B58: 鋼板收邊B型 | C58: M | D58: 12.91 | E58: =估驗單!F53 -> 12.91 | F58: =E58-D58 -> 0 | G58: 576.77 | I58: =ROUND(D58*G58,2) -> 7446.1 | J58: =ROUND(E58*G58,2) -> 7446.1 | K58: =J58-I58 -> 0 | M58: #
A59: 21 | B59: 界石收邊 | C59: M | D59: 56.09 | E59: =估驗單!F54 -> 56.09 | F59: =E59-D59 -> 0 | G59: 615.31 | I59: =ROUND(D59*G59,2) -> 34512.74 | J59: =ROUND(E59*G59,2) -> 34512.74 | K59: =J59-I59 -> 0
A60: 22 | B60: 緣石收邊 | C60: M | D60: 656.91 | E60: =估驗單!F55 -> 656.91 | F60: =E60-D60 -> 0 | G60: 685.27 | I60: =ROUND(D60*G60,2) -> 450160.72 | J60: =ROUND(E60*G60,2) -> 450160.72 | K60: =J60-I60 -> 0 | M60: #
A61: 23 | B61: 道路緣石收邊 | C61: M | D61: 1254.13 | E61: =估驗單!F56 -> 1254.13 | F61: =E61-D61 -> 0 | G61: 699.69 | I61: =ROUND(D61*G61,2) -> 877502.22 | J61: =ROUND(E61*G61,2) -> 877502.22 | K61: =J61-I61 -> 0 | M61: #
A62: 24 | B62: 道路緣石斜坡式 | C62: M | D62: 44.64 | E62: =估驗單!F57 -> 44.64 | F62: =E62-D62 -> 0 | G62: 1199.27 | I62: =ROUND(D62*G62,2) -> 53535.41 | J62: =ROUND(E62*G62,2) -> 53535.41 | K62: =J62-I62 -> 0 | M62: #
A63: 25 | B63: 場鑄道路緣石 | C63: M | D63: 142.26 | E63: =估驗單!F58 -> 142.26 | F63: =E63-D63 -> 0 | G63: 57.68 | I63: =ROUND(D63*G63,2) -> 8205.56 | J63: =ROUND(E63*G63,2) -> 8205.56 | K63: =J63-I63 -> 0 | M63: #
A64: 26 | B64: 伸縮縫 | C64: M | D64: 8.5 | E64: =估驗單!F59 -> 8.5 | F64: =E64-D64 -> 0 | G64: 138.84 | I64: =ROUND(D64*G64,2) -> 1180.14 | J64: =ROUND(E64*G64,2) -> 1180.14 | K64: =J64-I64 -> 0
A65: 27 | B65: 警示帶定位磚 | C65: M2 | D65: 20.48 | E65: =估驗單!F60 -> 20.48 | F65: =E65-D65 -> 0 | G65: 2145.31 | I65: =ROUND(D65*G65,2) -> 43935.95 | J65: =ROUND(E65*G65,2) -> 43935.95 | K65: =J65-I65 -> 0 | M65: #
A66: 28 | B66: 座台A | C66: M | D66: 56.1 | E66: =估驗單!F61 -> 56.1 | F66: =E66-D66 -> 0 | G66: 511.36 | I66: =ROUND(D66*G66,2) -> 28687.3 | J66: =ROUND(E66*G66,2) -> 28687.3 | K66: =J66-I66 -> 0
A67: 29 | B67: 座台D | C67: M | D67: 16.6 | E67: =估驗單!F62 -> 16.6 | F67: =E67-D67 -> 0 | G67: 829.1 | I67: =ROUND(D67*G67,2) -> 13763.06 | J67: =ROUND(E67*G67,2) -> 13763.06 | K67: =J67-I67 -> 0
A68: 30 | B68: 座台E | C68: M | D68: 2 | E68: =估驗單!F63 -> 2 | F68: =E68-D68 -> 0 | G68: 443.91 | I68: =ROUND(D68*G68,2) -> 887.82 | J68: =ROUND(E68*G68,2) -> 887.82 | K68: =J68-I68 -> 0
A69: 31 | B69: 座椅A | C69: 座 | D69: 7 | E69: =估驗單!F64 -> 7 | F69: =E69-D69 -> 0 | G69: 26450.3 | I69: =ROUND(D69*G69,2) -> 185152.1 | J69: =ROUND(E69*G69,2) -> 185152.1 | K69: =J69-I69 -> 0
A70: 32 | B70: 座椅B | C70: M | D70: 19.2 | E70: =估驗單!F65 -> 19.2 | F70: =E70-D70 -> 0 | G70: 443.91 | I70: =ROUND(D70*G70,2) -> 8523.07 | J70: =ROUND(E70*G70,2) -> 8523.07 | K70: =J70-I70 -> 0 | M70: #
A71: 33 | B71: 座椅C | C71: 座 | D71: 2 | E71: =估驗單!F66 -> 2 | F71: =E71-D71 -> 0 | G71: 23899.56 | I71: =ROUND(D71*G71,2) -> 47799.12 | J71: =ROUND(E71*G71,2) -> 47799.12 | K71: =J71-I71 -> 0
A72: 34 | B72: 座椅D-1 | C72: 座 | D72: 8 | E72: =估驗單!F67 -> 8 | F72: =E72-D72 -> 0 | G72: 25125.57 | I72: =ROUND(D72*G72,2) -> 201004.56 | J72: =ROUND(E72*G72,2) -> 201004.56 | K72: =J72-I72 -> 0 | M72: #
A73: 35 | B73: 座椅D-2 | C73: 座 | D73: 3 | E73: =估驗單!F68 -> 3 | F73: =E73-D73 -> 0 | G73: 24022.04 | I73: =ROUND(D73*G73,2) -> 72066.12 | J73: =ROUND(E73*G73,2) -> 72066.12 | K73: =J73-I73 -> 0
A74: 36 | B74: 草地座階 | C74: M | D74: 30.1 | E74: =估驗單!F69 -> 30.1 | F74: =E74-D74 -> 0 | G74: 545.1 | I74: =ROUND(D74*G74,2) -> 16407.51 | J74: =ROUND(E74*G74,2) -> 16407.51 | K74: =J74-I74 -> 0 | M74: #
A75: 37 | B75: 砌石擋牆A | C75: M | D75: 31.2 | E75: =估驗單!F70 -> 35.2 | F75: =E75-D75 -> 4 | G75: 8355.11 | I75: =ROUND(D75*G75,2) -> 260679.43 | J75: =ROUND(E75*G75,2) -> 294099.87 | K75: =J75-I75 -> 33420.44 | O75: 依實際施作長度
A76: 38 | B76: 砌石擋牆B | C76: M | D76: 17.9 | E76: =估驗單!F71 -> 24.3 | F76: =E76-D76 -> 6.4 | G76: 5394.64 | I76: =ROUND(D76*G76,2) -> 96564.06 | J76: =ROUND(E76*G76,2) -> 131089.75 | K76: =J76-I76 -> 34525.69 | O76: 依實際施作長度
A77: 39 | B77: 鋼板擋牆 | C77: M | D77: 19.6 | E77: =估驗單!F72 -> 19.6 | F77: =E77-D77 -> 0 | G77: 432.57 | I77: =ROUND(D77*G77,2) -> 8478.37 | J77: =ROUND(E77*G77,2) -> 8478.37 | K77: =J77-I77 -> 0
A78: 40 | B78: 擋牆b’型 | C78: M | D78: 24.9 | E78: =估驗單!F73 -> 24.9 | F78: =E78-D78 -> 0 | G78: 1224.22 | I78: =ROUND(D78*G78,2) -> 30483.08 | J78: =ROUND(E78*G78,2) -> 30483.08 | K78: =J78-I78 -> 0
A79: 41 | B79: 擋牆c’型 | C79: M | D79: 3.5 | E79: =估驗單!F74 -> 3.5 | F79: =E79-D79 -> 0 | G79: 1148.63 | I79: =ROUND(D79*G79,2) -> 4020.21 | J79: =ROUND(E79*G79,2) -> 4020.21 | K79: =J79-I79 -> 0
A80: 42 | B80: 樓梯E | C80: 座 | D80: 1 | E80: =估驗單!F75 -> 1 | F80: =E80-D80 -> 0 | G80: 5698.63 | I80: =ROUND(D80*G80,2) -> 5698.63 | J80: =ROUND(E80*G80,2) -> 5698.63 | K80: =J80-I80 -> 0
A81: 43 | B81: 樓梯G | C81: 座 | D81: 1 | E81: =估驗單!F76 -> 1 | F81: =E81-D81 -> 0 | G81: 5963.22 | I81: =ROUND(D81*G81,2) -> 5963.22 | J81: =ROUND(E81*G81,2) -> 5963.22 | K81: =J81-I81 -> 0
A82: 44 | B82: 樓梯H | C82: 座 | D82: 1 | E82: =估驗單!F77 -> 1 | F82: =E82-D82 -> 0 | G82: 1421.11 | I82: =ROUND(D82*G82,2) -> 1421.11 | J82: =ROUND(E82*G82,2) -> 1421.11 | K82: =J82-I82 -> 0
A83: 45 | B83: 樓梯J | C83: 座 | D83: 1 | E83: =估驗單!F78 -> 1 | F83: =E83-D83 -> 0 | G83: 4031.83 | I83: =ROUND(D83*G83,2) -> 4031.83 | J83: =ROUND(E83*G83,2) -> 4031.83 | K83: =J83-I83 -> 0
A84: 46 | B84: 樓梯K | C84: 座 | D84: 1 | E84: =估驗單!F79 -> 1 | F84: =E84-D84 -> 0 | G84: 3313.67 | I84: =ROUND(D84*G84,2) -> 3313.67 | J84: =ROUND(E84*G84,2) -> 3313.67 | K84: =J84-I84 -> 0
A85: 47 | B85: 欄杆B | C85: M | D85: 149.5 | E85: =估驗單!F80 -> 149.5 | F85: =E85-D85 -> 0 | G85: 1975.94 | I85: =ROUND(D85*G85,2) -> 295403.03 | J85: =ROUND(E85*G85,2) -> 295403.03 | K85: =J85-I85 -> 0
A86: 48 | B86: 欄杆C | C86: M | D86: 39.3 | E86: =估驗單!F81 -> 39.3 | F86: =E86-D86 -> 0 | G86: 4874.23 | I86: =ROUND(D86*G86,2) -> 191557.24 | J86: =ROUND(E86*G86,2) -> 191557.24 | K86: =J86-I86 -> 0
A87: 49 | B87: 護欄b | C87: M | D87: 51.3 | E87: =估驗單!F82 -> 51.3 | F87: =E87-D87 -> 0 | G87: 2938.96 | I87: =ROUND(D87*G87,2) -> 150768.65 | J87: =ROUND(E87*G87,2) -> 150768.65 | K87: =J87-I87 -> 0
A88: 50 | B88: 地圖牌 | C88: 座 | D88: 1 | E88: =估驗單!F83 -> 1 | F88: =E88-D88 -> 0 | G88: 23029.53 | I88: =ROUND(D88*G88,2) -> 23029.53 | J88: =ROUND(E88*G88,2) -> 23029.53 | K88: =J88-I88 -> 0 | M88: #
A89: 51 | B89: 全區導覽牌 | C89: 座 | D89: 2 | E89: =估驗單!F84 -> 2 | F89: =E89-D89 -> 0 | G89: 18604.87 | I89: =ROUND(D89*G89,2) -> 37209.74 | J89: =ROUND(E89*G89,2) -> 37209.74 | K89: =J89-I89 -> 0 | M89: #
A90: 52 | B90: 公園自治條例 | C90: 座 | D90: 1 | E90: =估驗單!F85 -> 1 | F90: =E90-D90 -> 0 | G90: 18604.87 | I90: =ROUND(D90*G90,2) -> 18604.87 | J90: =ROUND(E90*G90,2) -> 18604.87 | K90: =J90-I90 -> 0
A91: 53 | B91: 方向指示牌 | C91: 座 | D91: 2 | E91: =估驗單!F86 -> 2 | F91: =E91-D91 -> 0 | G91: 11654.82 | I91: =ROUND(D91*G91,2) -> 23309.64 | J91: =ROUND(E91*G91,2) -> 23309.64 | K91: =J91-I91 -> 0
A92: 54 | B92: 水位警示設施 | C92: 座 | D92: 2 | E92: =估驗單!F87 -> 2 | F92: =E92-D92 -> 0 | G92: 25107.48 | I92: =ROUND(D92*G92,2) -> 50214.96 | J92: =ROUND(E92*G92,2) -> 50214.96 | K92: =J92-I92 -> 0
A93: 55 | B93: 警示設施說明牌A | C93: 座 | D93: 1 | E93: =估驗單!F88 -> 1 | F93: =E93-D93 -> 0 | G93: 22415.66 | I93: =ROUND(D93*G93,2) -> 22415.66 | J93: =ROUND(E93*G93,2) -> 22415.66 | K93: =J93-I93 -> 0
A94: 56 | B94: 警示設施說明牌B | C94: 座 | D94: 1 | E94: =估驗單!F89 -> 1 | F94: =E94-D94 -> 0 | G94: 21723.54 | I94: =ROUND(D94*G94,2) -> 21723.54 | J94: =ROUND(E94*G94,2) -> 21723.54 | K94: =J94-I94 -> 0
A95: 57 | B95: 警示設施說明牌C | C95: 座 | D95: 1 | E95: =估驗單!F90 -> 1 | F95: =E95-D95 -> 0 | G95: 22646.36 | I95: =ROUND(D95*G95,2) -> 22646.36 | J95: =ROUND(E95*G95,2) -> 22646.36 | K95: =J95-I95 -> 0
A96: 58 | B96: 警示設施說明牌D | C96: 座 | D96: 4 | E96: =估驗單!F91 -> 4 | F96: =E96-D96 -> 0 | G96: 17340.05 | I96: =ROUND(D96*G96,2) -> 69360.2 | J96: =ROUND(E96*G96,2) -> 69360.2 | K96: =J96-I96 -> 0
A97: 59 | B97: 解說牌A | C97: 座 | D97: 6 | E97: =估驗單!F92 -> 6 | F97: =E97-D97 -> 0 | G97: 17340.05 | I97: =ROUND(D97*G97,2) -> 104040.3 | J97: =ROUND(E97*G97,2) -> 104040.3 | K97: =J97-I97 -> 0
A98: 60 | B98: 解說牌B | C98: 座 | D98: 1 | E98: =估驗單!F93 -> 1 | F98: =E98-D98 -> 0 | G98: 17496.65 | I98: =ROUND(D98*G98,2) -> 17496.65 | J98: =ROUND(E98*G98,2) -> 17496.65 | K98: =J98-I98 -> 0
A99: 61 | B99: 解說牌C | C99: 座 | D99: 1 | E99: =估驗單!F94 -> 1 | F99: =E99-D99 -> 0 | G99: 1501.66 | I99: =ROUND(D99*G99,2) -> 1501.66 | J99: =ROUND(E99*G99,2) -> 1501.66 | K99: =J99-I99 -> 0
A100: 62 | B100: 解說牌E | C100: 座 | D100: 1 | E100: =估驗單!F95 -> 1 | F100: =E100-D100 -> 0 | G100: 1240.05 | I100: =ROUND(D100*G100,2) -> 1240.05 | J100: =ROUND(E100*G100,2) -> 1240.05 | K100: =J100-I100 -> 0
A101: 63 | B101: 解說牌F | C101: 座 | D101: 1 | E101: =估驗單!F96 -> 1 | F101: =E101-D101 -> 0 | G101: 1470.75 | I101: =ROUND(D101*G101,2) -> 1470.75 | J101: =ROUND(E101*G101,2) -> 1470.75 | K101: =J101-I101 -> 0
... A106: 68 | B106: 標線，熱處理聚酯，反光，厚2mm，黏層劑(底漆)，第Ⅱ型 | C106: M2 | D106: 759.43 | E106: =估驗單!F101 -> 759.43 | F106: =E106-D106 -> 0 | G106: 647.65 | I106: =ROUND(D106*G106,2) -> 491844.84 | J106: =ROUND(E106*G106,2) -> 491844.84 | K106: =J106-I106 -> 0
...

Sheet 鋼筋280420
C1: 臺北市政府工務局水利工程處 | O1: =759925.2+3237744.6-1826612.36+355445.15+94917.34+240906+651749+802562.58-298416.97 -> 4018220.5 | P1: =759925+1411132+651749+802562+240906+450362 -> 4316636
C2: 第4次變更項目對照詳細表
A3: 工程名稱：磺港溪再造C段護岸及步道整建工程(三合橋至奇岩抽水站) | K3: 日期： | L3: 45653
A4: 原契約分為 10 部分 本次變更 4 部分原有 393 項 | J4: 訂約總價 | L4: 257600000
A5: 前經 3 次變更設計，計新增 43 項，減少 3 項，變更 27 項，變更後合計 438 項 | J5: 前次變更後總價(綜簽) | L5: 308240521
A6: 本次變更設計，計新增 項，減少 項，變更 項，變更後合計 項 | J6: 本次變更後總價 | L6: =J9 -> #VALUE!
A7: 項次 | B7: 項目名稱 | C7: 單位 | D7: 原 定 數 量 | E7: 變更後 數 量 | F7: 增 減 數 量 | G7: 契 約 單 價 | H7: 新 增 單 價 | I7: 原 訂 合 價 | J7: 變更後 合價 | K7: 追加 | L7: 追減 | M7: 備註 | O7: 變更依據 | P7: 數量計算式 | Q7: 變更原因
A9: 壹 | B9: 發包工程費 | C9: 式 | G9: =I9 -> 3.0755381e+08 | I9: =I10+I357+I383+I423+I427+I447+I467+I470+I471+I473 -> 3.0755381e+08 | J9: =J10+J357+J383+J423+J427+J447+J467+J470+J471+J473 -> #VALUE! | K9: =K10+K357+K383+K423+K427+K447+K467+K470+K471+K473 -> #VALUE! | L9: =L10+L357+L383+L423+L427+L447+L467+L470+L471+L473 -> #VALUE! | O9: =K9+L9 -> #VALUE!
A10: 一 | B10: 工程費 | C10: 式 | G10: =I10 -> 2.3218137e+08 | I10: =I11+I37+I127+I169+I198+I218+I235+I313+I347 -> 2.3218137e+08 | J10: =J11+J37+J127+J169+J198+J218+J235+J313+J347 -> #VALUE! | K10: =K11+K37+K127+K169+K198+K218+K235+K313+K347 -> #VALUE! | L10: =L11+L37+L127+L169+L198+L218+L235+L313+L347 -> #VALUE!
A11: (一) | B11: 整備工程 | C11: 式 | G11: 61233816 | I11: =SUM(I12:I36) -> 61233816 | J11: =SUM(J12:J36) -> #VALUE! | K11: =SUM(K12:K36) -> #VALUE! | L11: =SUM(L12:L36) -> #VALUE!
A12: 1 | B12: 機械拆除，瀝青混凝土，未含運費 | C12: M3 | D12: 720.24 | E12: =估驗單!F8 -> 720.24 | G12: 193.11 | I12: =ROUND(D12*G12,2) -> 139085.55 | J12: =ROUND(E12*G12,2) -> 139085.55 | K12: =J12-I12 -> 0 | L12: =I12-J12 -> 0
A13: 2 | B13: 機械拆除，鋼筋混凝土，未含運費 | C13: M3 | D13: 4813.44 | E13: =估驗單!F9 -> 4813.44 | G13: 1046.16 | I13: =ROUND(D13*G13,2) -> 5035628.4 | J13: =ROUND(E13*G13,2) -> 5035628.4 | K13: =J13-I13 -> 0 | L13: =I13-J13 -> 0
A14: 3 | B14: 盤踞切割 | C14: M | D14: 1743 | E14: =估驗單!F10 -> 1743 | G14: 6199.66 | I14: =ROUND(D14*G14,2) -> 10806007 | J14: =ROUND(E14*G14,2) -> 10806007 | K14: =J14-I14 -> 0 | L14: =I14-J14 -> 0 | M14: #磺港路橋(奇岩抽水站旁)1533.9m、希冀橋208.6m
A15: 4 | B15: 基地及路幅開挖，未含運費，(機械挖，0.7～0.79m3開挖機) | C15: B.M3 | D15: 28009.56 | E15: =估驗單!F11 -> 28009.56 | G15: 48.28 | I15: =ROUND(D15*G15,2) -> 1352301.6 | J15: =ROUND(E15*G15,2) -> 1352301.6 | K15: =J15-I15 -> 0 | L15: =I15-J15 -> 0 | O15: 112年12月12日 北市工水工字第1126067256號 | P15: 新設磺港橋及希冀橋橋台辦理既有基樁與新設基樁清障開挖+單孔過路段及清江公園 ((5*6*6.5*2)+(13*3.5*6.8)+(3.2*8.5*1.6))+((747.2+149.44)) | Q15: 機關/現場需求 (百齡)
A16: 5 | B16: 瀝青混凝土面層刨除，刨除料運費 | C16: M3 | D16: 4726.67 | E16: =估驗單!F12 -> 4726.67 | G16: 599.71 | I16: =ROUND(D16*G16,2) -> 2834631.3 | J16: =ROUND(E16*G16,2) -> 2834631.3 | K16: =J16-I16 -> 0 | L16: =I16-J16 -> 0
A17: 6 | B17: 利用填方，含夯實 | C17: M3 | D17: 13120 | E17: =估驗單!F13 -> 13120 | G17: 104.64 | I17: =ROUND(D17*G17,2) -> 1372876.8 | J17: =ROUND(E17*G17,2) -> 1372876.8 | K17: =J17-I17 -> 0 | L17: =I17-J17 -> 0
A18: 7 | B18: 餘方遠運處理(台北港) | C18: B.M3 | D18: 13251 | E18: =估驗單!F14 -> 4994 | G18: 1027.37 | I18: =ROUND(D18*G18,2) -> 13613680 | J18: =ROUND(E18*G18,2) -> 5130685.8 | K18: =J18-I18 -> -8482994.1 | L18: =I18-J18 -> 8482994.1 | M18: 僅含運費(運距約<20K)(土方管理費檢據核銷)
A19: 8 | B19: 餘方自行處理(房屋廢方，含水土保持) | C19: M3 | D19: 4601.44 | E19: =估驗單!F15 -> 0_x000D_ | G19: 1084.98 | I19: =ROUND(D19*G19,2) -> 4992470.4 | J19: =ROUND(E19*G19,2) -> #VALUE! | K19: =J19-I19 -> #VALUE! | L19: =I19-J19 -> #VALUE!
A20: 9 | B20: 瀝青混凝土面層刨除，厚5cm，刨除機1.2m寬，含瀝青鋪面打毛(未含運費) | C20: M2 | D20: 2588.5 | E20: =估驗單!F16 -> 2588.5 | G20: 30.45 | I20: =ROUND(D20*G20,2) -> 78819.83 | J20: =ROUND(E20*G20,2) -> 78819.83 | K20: =J20-I20 -> 0 | L20: =I20-J20 -> 0 | M20: #含瀝青鋪面打毛
A21: 10 | B21: 瀝青混凝土面層刨除，厚10cm，刨除機2.2m寬，未含運費 | C21: M2 | D21: 9177 | E21: =估驗單!F17 -> 9177 | G21: 28.48 | I21: =ROUND(D21*G21,2) -> 261360.96 | J21: =ROUND(E21*G21,2) -> 261360.96 | K21: =J21-I21 -> 0 | L21: =I21-J21 -> 0
A22: 11 | B22: 切割瀝青混凝土或無筋混凝土，5cm≦切割深度＜10cm | C22: M | D22: 162.5 | E22: =估驗單!F18 -> 162.5 | G22: 65.4 | I22: =ROUND(D22*G22,2) -> 10627.5 | J22: =ROUND(E22*G22,2) -> 10627.5 | K22: =J22-I22 -> 0 | L22: =I22-J22 -> 0
A23: 12 | B23: 清除及掘除，雜草雜木，含垃圾撿除，人工割 | C23: M2 | D23: 5217.7 | E23: =估驗單!F19 -> 5217.7 | G23: 20.19 | I23: =ROUND(D23*G23,2) -> 105345.36 | J23: =ROUND(E23*G23,2) -> 105345.36 | K23: =J23-I23 -> 0 | L23: =I23-J23 -> 0
A24: 13 | B24: 垃圾及廢棄物(以體積計)清運 | C24: M3 | D24: 782.66 | E24: =估驗單!F20 -> 782.66 | G24: 2286.68 | I24: =ROUND(D24*G24,2) -> 1789693 | J24: =ROUND(E24*G24,2) -> 1789693 | K24: =J24-I24 -> 0 | L24: =I24-J24 -> 0 | M24: #
A25: 14 | B25: 節塊吊放 | C25: 次 | D25: 425 | E25: =估驗單!F21 -> 425 | G25: 521.15 | I25: =ROUND(D25*G25,2) -> 221488.75 | J25: =ROUND(E25*G25,2) -> 221488.75 | K25: =J25-I25 -> 0 | L25: =I25-J25 -> 0 | M25: #磺港路橋、共月橋、三合橋
A26: 15 | B26: 機械拆除，工地雜項拆除清理，欄杆，含運費 | C26: M | D26: 255.5 | E26: =估驗單!F22 -> 415.08 | F26: =E26-D26 -> 159.58 | G26: 289.67 | I26: =ROUND(D26*G26,2) -> 74010.69 | J26: =ROUND(E26*G26,2) -> 120236.22 | K26: =J26-I26 -> 46225.53
A27: 16 | B27: 土方運送(百齡抽水站) | C27: 趟 | D27: 2204 | E27: =估驗單!F23 -> 2204 | G27: 3082.11 | I27: =ROUND(D27*G27,2) -> 6792970.4 | J27: =ROUND(E27*G27,2) -> 6792970.4 | K27: =J27-I27 -> 0 | L27: =I27-J27 -> 0
A28: 17 | B28: 既有路燈拆除繳回 | C28: 盞 | D28: 66 | E28: =估驗單!F24 -> 66 | G28: 3311.26 | I28: =ROUND(D28*G28,2) -> 218543.16 | J28: =ROUND(E28*G28,2) -> 218543.16 | K28: =J28-I28 -> 0 | L28: =I28-J28 -> 0 | M28: #料繳回，含運費。
A29: 18 | B29: 座椅拆除繳回 | C29: 座 | D29: 18 | E29: =估驗單!F25 -> 18 | G29: 1199.93 | I29: =ROUND(D29*G29,2) -> 21598.74 | J29: =ROUND(E29*G29,2) -> 21598.74 | K29: =J29-I29 -> 0 | L29: =I29-J29 -> 0 | M29: #料繳回，含運費。
A30: 19 | B30: 解說牌拆除 | C30: 座 | D30: 4 | E30: =估驗單!F26 -> 4 | G30: 2999.84 | I30: =ROUND(D30*G30,2) -> 11999.36 | J30: =ROUND(E30*G30,2) -> 11999.36 | K30: =J30-I30 -> 0 | L30: =I30-J30 -> 0 | M30: #料繳回，含運費。
A31: 20 | B31: 自行車架拆除 | C31: 座 | D31: 20 | E31: =估驗單!F27 -> 20 | G31: 2999.84 | I31: =ROUND(D31*G31,2) -> 59996.8 | J31: =ROUND(E31*G31,2) -> 59996.8 | K31: =J31-I31 -> 0 | L31: =I31-J31 -> 0 | M31: #料繳回，含運費。
A32: 21 | B32: 交通牌誌拆除 | C32: 座 | D32: 15 | E32: =估驗單!F28 -> 15 | G32: 2999.84 | I32: =ROUND(D32*G32,2) -> 44997.6 | J32: =ROUND(E32*G32,2) -> 44997.6 | K32: =J32-I32 -> 0 | L32: =I32-J32 -> 0 | M32: #料繳回，含運費。
A33: 22 | B33: 既有水利設施拆除及運送 | C33: 式 | D33: 1 | E33: =估驗單!F29 -> 1 | G33: 399978.19 | I33: =ROUND(D33*G33,2) -> 399978.19 | J33: =ROUND(E33*G33,2) -> 399978.19 | K33: =J33-I33 -> 0 | L33: =I33-J33 -> 0 | M33: 水閘門
A34: 23 | B34: 交通維持，道路管制人員，日間(06-22時)，義交 | C34: 時 | D34: 30800 | E34: =估驗單!F30 -> 30800 | F34: =E34-D34 -> 0 | G34: 280 | I34: =ROUND(D34*G34,2) -> 8624000 | J34: =ROUND(E34*G34,2) -> 8624000 | K34: =J34-I34 -> 0 | L34: =I34-J34 -> 0 | M34: [人力工項不打折]
A35: 24 | B35: 表土清除，堆置，及回填費，t=30cm | C35: M2 | D35: 2150 | E35: =估驗單!F31 -> 2150 | F35: =E35-D35 -> 0 | G35: 70.56 | I35: =ROUND(D35*G35,2) -> 151704 | J35: =ROUND(E35*G35,2) -> 151704 | K35: =J35-I35 -> 0 | L35: =I35-J35 -> 0 | M35: 百齡暫置場整地需求
A36: 25 | B36: 餘土分類處理 | C36: 日 | D36: 111 | E36: =估驗單!F32 -> 111 | F36: =E36-D36 -> 0 | G36: 20000 | I36: =ROUND(D36*G36,2) -> 2220000 | J36: =ROUND(E36*G36,2) -> 2220000 | K36: =J36-I36 -> 0 | L36: =I36-J36 -> 0 | M36: 新增工項 02323M00AC | O36: 北市工水工字第1126063128號 第6點 | P36: 數量=餘方遠運處理(台北港)/ 每日約120m3 | Q36: 屬後續擴充5000萬工項 既有磺港路、公園開挖摻雜混合物 | S36: 監造提供數量?
A37: (二) | B37: 土建景觀工程 | C37: 式 | E37: =估驗單!F33 -> 0 | F37: =E37-D37 -> 0 | G37: 30807124 | I37: =SUM(I38:I126) -> 30120411 | J37: =SUM(J38:J126) -> 31599489 | K37: =SUM(K38:K126) -> 3305690.7 | L37: =SUM(L38:L126) -> -1826612.4
A38: 1 | B38: 構造物回填，回填及夯實(實際) | C38: C.M3 | D38: 1887.64 | E38: =估驗單!F34 -> 1887.64 | F38: =E38-D38 -> 0 | G38: 320.72 | I38: =ROUND(D38*G38,2) -> 605403.9 | J38: =ROUND(E38*G38,2) -> 605403.9 | K38: =J38-I38 -> 0
A39: 2 | B39: 構造物回填，回填及夯實，人工夯實 | C39: C.M3 | D39: 402.21 | E39: =估驗單!F35 -> 402.21 | F39: =E39-D39 -> 0 | G39: 346.06 | I39: =ROUND(D39*G39,2) -> 139188.79 | J39: =ROUND(E39*G39,2) -> 139188.79 | K39: =J39-I39 -> 0
A40: 項次 | B40: 項目名稱 | C40: 單位 | D40: 原 定 數 量 | E40: 變更後 數 量 | F40: 增 減 數 量 | G40: 契 約 單 價 | H40: 新 增 單 價 | I40: 原 訂 合 價 | J40: 變更後 合價 | K40: 追加 | L40: 追減 | M40: 備註
A42: 4 | B42: 結構用混凝土，預拌，140kgf/cm2 | C42: M3 | D42: 107.91 | E42: =估驗單!F37 -> 107.91 | F42: =E42-D42 -> 0 | G42: 3114.97 | I42: =ROUND(D42*G42,2) -> 336136.41 | J42: =ROUND(E42*G42,2) -> 336136.41 | K42: =J42-I42 -> 0
A43: 5 | B43: 結構用混凝土，預拌，210kgf/cm2 | C43: M3 | D43: 564.01 | E43: =估驗單!F38 -> 564.01 | F43: =E43-D43 -> 0 | G43: 3320.96 | I43: =ROUND(D43*G43,2) -> 1873054.6 | J43: =ROUND(E43*G43,2) -> 1873054.6 | K43: =J43-I43 -> 0
A44: 6 | B44: 普通模板，丙種 | C44: M2 | D44: 1926.87 | E44: =估驗單!F39 -> 1926.87 | F44: =E44-D44 -> 0 | G44: 533.61 | I44: =ROUND(D44*G44,2) -> 1028197.1 | J44: =ROUND(E44*G44,2) -> 1028197.1 | K44: =J44-I44 -> 0 | M44: U型構，集水井，排水箱涵等。本項納入(普通模板)物價指數調整
A45: 7 | B45: 清水模板，鋼模 | C45: M2 | D45: 301.33 | E45: =估驗單!F40 -> 301.33 | F45: =E45-D45 -> 0 | G45: 1299.82 | I45: =ROUND(D45*G45,2) -> 391674.76 | J45: =ROUND(E45*G45,2) -> 391674.76 | K45: =J45-I45 -> 0 | M45: 本項納入「金屬製品類」物價指數調整
A46: 8 | B46: 鍍鋅鋼料 | C46: KG | D46: 5991.34 | E46: =估驗單!F41 -> 5991.34 | F46: =E46-D46 -> 0 | G46: 60 | I46: =ROUND(D46*G46,2) -> 359480.4 | J46: =ROUND(E46*G46,2) -> 359480.4 | K46: =J46-I46 -> 0 | M46: #本項納入「金屬製品類」物價指數調整
A47: 9 | B47: 金屬材料，鋼料，裁切加工銲製(工廠加工) | C47: KG | D47: 5991.34 | E47: =估驗單!F42 -> 5991.34 | F47: =E47-D47 -> 0 | G47: 31.9 | I47: =ROUND(D47*G47,2) -> 191123.75 | J47: =ROUND(E47*G47,2) -> 191123.75 | K47: =J47-I47 -> 0
A48: 10 | B48: 結構用鋼材，銲接結構用軋鋼料，SM400B鋼構工程及製作、組立工程(含加勁板、續接板、螺絲、螺栓、螺帽等) | C48: KG | D48: 1180.03 | E48: =估驗單!F43 -> 1180.03 | F48: =E48-D48 -> 0 | G48: 107.3 | I48: =ROUND(D48*G48,2) -> 126617.22 | J48: =ROUND(E48*G48,2) -> 126617.22 | K48: =J48-I48 -> 0 | M48: #本項納入「金屬製品類」物價指數調整
A49: 11 | B49: 透水磚紙模地坪 | C49: M2 | D49: 3879.21 | E49: =估驗單!F44 -> 3879.21 | F49: =E49-D49 -> 0 | G49: 3092.69 | I49: =ROUND(D49*G49,2) -> 11997194 | J49: =ROUND(E49*G49,2) -> 11997194 | K49: =J49-I49 -> 0
A50: 12 | B50: 梯形磚鋪面，149.5x(30,20)x8cmTH | C50: M2 | D50: 462.9 | E50: =估驗單!F45 -> 462.9 | F50: =E50-D50 -> 0 | G50: 3961.37 | I50: =ROUND(D50*G50,2) -> 1833718.2 | J50: =ROUND(E50*G50,2) -> 1833718.2 | K50: =J50-I50 -> 0
A51: 13 | B51: 石材鋪面 | C51: M2 | D51: 5.09 | E51: =估驗單!F46 -> 5.09 | F51: =E51-D51 -> 0 | G51: 3965.59 | I51: =ROUND(D51*G51,2) -> 20184.85 | J51: =ROUND(E51*G51,2) -> 20184.85 | K51: =J51-I51 -> 0 | O51: 依設計圖說計算
A52: 14 | B52: 卵石鋪面 | C52: M2 | D52: 18.76 | E52: =估驗單!F47 -> 18.76 | F52: =E52-D52 -> 0 | G52: 3391.22 | I52: =ROUND(D52*G52,2) -> 63619.29 | J52: =ROUND(E52*G52,2) -> 63619.29 | K52: =J52-I52 -> 0
A53: 15 | B53: 露骨材地坪 | C53: M2 | D53: 118.92 | E53: =估驗單!F48 -> 118.92 | F53: =E53-D53 -> 0 | G53: 773.85 | I53: =ROUND(D53*G53,2) -> 92026.24 | J53: =ROUND(E53*G53,2) -> 92026.24 | K53: =J53-I53 -> 0
A54: 16 | B54: PC地坪 | C54: M2 | D54: 173.3 | E54: =估驗單!F49 -> 173.3 | F54: =E54-D54 -> 0 | G54: 948.34 | I54: =ROUND(D54*G54,2) -> 164347.32 | J54: =ROUND(E54*G54,2) -> 164347.32 | K54: =J54-I54 -> 0
A55: 17 | B55: 格柵鋪面B | C55: 座 | D55: 1 | E55: =估驗單!F50 -> 1 | F55: =E55-D55 -> 0 | G55: 144378.63 | I55: =ROUND(D55*G55,2) -> 144378.63 | J55: =ROUND(E55*G55,2) -> 144378.63 | K55: =J55-I55 -> 0
A56: 18 | B56: 細石子鋪面 | C56: C.M3 | D56: 156.68 | E56: =估驗單!F51 -> 156.68 | F56: =E56-D56 -> 0 | G56: 145.21 | I56: =ROUND(D56*G56,2) -> 22751.5 | J56: =ROUND(E56*G56,2) -> 22751.5 | K56: =J56-I56 -> 0
A57: 19 | B57: 鋼板收邊A型 | C57: M | D57: 689.86 | E57: =估驗單!F52 -> 689.86 | F57: =E57-D57 -> 0 | G57: 2755.78 | I57: =ROUND(D57*G57,2) -> 1901102.4 | J57: =ROUND(E57*G57,2) -> 1901102.4 | K57: =J57-I57 -> 0 | M57: #
A58: 20 | B58: 鋼板收邊B型 | C58: M | D58: 12.91 | E58: =估驗單!F53 -> 12.91 | F58: =E58-D58 -> 0 | G58: 576.77 | I58: =ROUND(D58*G58,2) -> 7446.1 | J58: =ROUND(E58*G58,2) -> 7446.1 | K58: =J58-I58 -> 0 | M58: #
A59: 21 | B59: 界石收邊 | C59: M | D59: 56.09 | E59: =估驗單!F54 -> 56.09 | F59: =E59-D59 -> 0 | G59: 615.31 | I59: =ROUND(D59*G59,2) -> 34512.74 | J59: =ROUND(E59*G59,2) -> 34512.74 | K59: =J59-I59 -> 0
A60: 22 | B60: 緣石收邊 | C60: M | D60: 656.91 | E60: =估驗單!F55 -> 656.91 | F60: =E60-D60 -> 0 | G60: 685.27 | I60: =ROUND(D60*G60,2) -> 450160.72 | J60: =ROUND(E60*G60,2) -> 450160.72 | K60: =J60-I60 -> 0 | M60: #
A61: 23 | B61: 道路緣石收邊 | C61: M | D61: 1254.13 | E61: =估驗單!F56 -> 1254.13 | F61: =E61-D61 -> 0 | G61: 699.69 | I61: =ROUND(D61*G61,2) -> 877502.22 | J61: =ROUND(E61*G61,2) -> 877502.22 | K61: =J61-I61 -> 0 | M61: #
A62: 24 | B62: 道路緣石斜坡式 | C62: M | D62: 44.64 | E62: =估驗單!F57 -> 44.64 | F62: =E62-D62 -> 0 | G62: 1199.27 | I62: =ROUND(D62*G62,2) -> 53535.41 | J62: =ROUND(E62*G62,2) -> 53535.41 | K62: =J62-I62 -> 0 | M62: #
A63: 25 | B63: 場鑄道路緣石 | C63: M | D63: 142.26 | E63: =估驗單!F58 -> 142.26 | F63: =E63-D63 -> 0 | G63: 57.68 | I63: =ROUND(D63*G63,2) -> 8205.56 | J63: =ROUND(E63*G63,2) -> 8205.56 | K63: =J63-I63 -> 0 | M63: #
A64: 26 | B64: 伸縮縫 | C64: M | D64: 8.5 | E64: =估驗單!F59 -> 8.5 | F64: =E64-D64 -> 0 | G64: 138.84 | I64: =ROUND(D64*G64,2) -> 1180.14 | J64: =ROUND(E64*G64,2) -> 1180.14 | K64: =J64-I64 -> 0
A65: 27 | B65: 警示帶定位磚 | C65: M2 | D65: 20.48 | E65: =估驗單!F60 -> 20.48 | F65: =E65-D65 -> 0 | G65: 2145.31 | I65: =ROUND(D65*G65,2) -> 43935.95 | J65: =ROUND(E65*G65,2) -> 43935.95 | K65: =J65-I65 -> 0 | M65: #
A66: 28 | B66: 座台A | C66: M | D66: 56.1 | E66: =估驗單!F61 -> 56.1 | F66: =E66-D66 -> 0 | G66: 511.36 | I66: =ROUND(D66*G66,2) -> 28687.3 | J66: =ROUND(E66*G66,2) -> 28687.3 | K66: =J66-I66 -> 0
A67: 29 | B67: 座台D | C67: M | D67: 16.6 | E67: =估驗單!F62 -> 16.6 | F67: =E67-D67 -> 0 | G67: 829.1 | I67: =ROUND(D67*G67,2) -> 13763.06 | J67: =ROUND(E67*G67,2) -> 13763.06 | K67: =J67-I67 -> 0
A68: 30 | B68: 座台E | C68: M | D68: 2 | E68: =估驗單!F63 -> 2 | F68: =E68-D68 -> 0 | G68: 443.91 | I68: =ROUND(D68*G68,2) -> 887.82 | J68: =ROUND(E68*G68,2) -> 887.82 | K68: =J68-I68 -> 0
A69: 31 | B69: 座椅A | C69: 座 | D69: 7 | E69: =估驗單!F64 -> 7 | F69: =E69-D69 -> 0 | G69: 26450.3 | I69: =ROUND(D69*G69,2) -> 185152.1 | J69: =ROUND(E69*G69,2) -> 185152.1 | K69: =J69-I69 -> 0
A70: 32 | B70: 座椅B | C70: M | D70: 19.2 | E70: =估驗單!F65 -> 19.2 | F70: =E70-D70 -> 0 | G70: 443.91 | I70: =ROUND(D70*G70,2) -> 8523.07 | J70: =ROUND(E70*G70,2) -> 8523.07 | K70: =J70-I70 -> 0 | M70: #
A71: 33 | B71: 座椅C | C71: 座 | D71: 2 | E71: =估驗單!F66 -> 2 | F71: =E71-D71 -> 0 | G71: 23899.56 | I71: =ROUND(D71*G71,2) -> 47799.12 | J71: =ROUND(E71*G71,2) -> 47799.12 | K71: =J71-I71 -> 0
A72: 34 | B72: 座椅D-1 | C72: 座 | D72: 8 | E72: =估驗單!F67 -> 8 | F72: =E72-D72 -> 0 | G72: 25125.57 | I72: =ROUND(D72*G72,2) -> 201004.56 | J72: =ROUND(E72*G72,2) -> 201004.56 | K72: =J72-I72 -> 0 | M72: #
A73: 35 | B73: 座椅D-2 | C73: 座 | D73: 3 | E73: =估驗單!F68 -> 3 | F73: =E73-D73 -> 0 | G73: 24022.04 | I73: =ROUND(D73*G73,2) -> 72066.12 | J73: =ROUND(E73*G73,2) -> 72066.12 | K73: =J73-I73 -> 0
A74: 36 | B74: 草地座階 | C74: M | D74: 30.1 | E74: =估驗單!F69 -> 30.1 | F74: =E74-D74 -> 0 | G74: 545.1 | I74: =ROUND(D74*G74,2) -> 16407.51 | J74: =ROUND(E74*G74,2) -> 16407.51 | K74: =J74-I74 -> 0 | M74: #
A75: 37 | B75: 砌石擋牆A | C75: M | D75: 31.2 | E75: =估驗單!F70 -> 35.2 | F75: =E75-D75 -> 4 | G75: 8355.11 | I75: =ROUND(D75*G75,2) -> 260679.43 | J75: =ROUND(E75*G75,2) -> 294099.87 | K75: =J75-I75 -> 33420.44 | O75: 依實際施作長度
A76: 38 | B76: 砌石擋牆B | C76: M | D76: 17.9 | E76: =估驗單!F71 -> 24.3 | F76: =E76-D76 -> 6.4 | G76: 5394.64 | I76: =ROUND(D76*G76,2) -> 96564.06 | J76: =ROUND(E76*G76,2) -> 131089.75 | K76: =J76-I76 -> 34525.69 | O76: 依實際施作長度
A77: 39 | B77: 鋼板擋牆 | C77: M | D77: 19.6 | E77: =估驗單!F72 -> 19.6 | F77: =E77-D77 -> 0 | G77: 432.57 | I77: =ROUND(D77*G77,2) -> 8478.37 | J77: =ROUND(E77*G77,2) -> 8478.37 | K77: =J77-I77 -> 0
A78: 40 | B78: 擋牆b’型 | C78: M | D78: 24.9 | E78: =估驗單!F73 -> 24.9 | F78: =E78-D78 -> 0 | G78: 1224.22 | I78: =ROUND(D78*G78,2) -> 30483.08 | J78: =ROUND(E78*G78,2) -> 30483.08 | K78: =J78-I78 -> 0
A79: 41 | B79: 擋牆c’型 | C79: M | D79: 3.5 | E79: =估驗單!F74 -> 3.5 | F79: =E79-D79 -> 0 | G79: 1148.63 | I79: =ROUND(D79*G79,2) -> 4020.21 | J79: =ROUND(E79*G79,2) -> 4020.21 | K79: =J79-I79 -> 0
A80: 42 | B80: 樓梯E | C80: 座 | D80: 1 | E80: =估驗單!F75 -> 1 | F80: =E80-D80 -> 0 | G80: 5698.63 | I80: =ROUND(D80*G80,2) -> 5698.63 | J80: =ROUND(E80*G80,2) -> 5698.63 | K80: =J80-I80 -> 0
A81: 43 | B81: 樓梯G | C81: 座 | D81: 1 | E81: =估驗單!F76 -> 1 | F81: =E81-D81 -> 0 | G81: 5963.22 | I81: =ROUND(D81*G81,2) -> 5963.22 | J81: =ROUND(E81*G81,2) -> 5963.22 | K81: =J81-I81 -> 0
A82: 44 | B82: 樓梯H | C82: 座 | D82: 1 | E82: =估驗單!F77 -> 1 | F82: =E82-D82 -> 0 | G82: 1421.11 | I82: =ROUND(D82*G82,2) -> 1421.11 | J82: =ROUND(E82*G82,2) -> 1421.11 | K82: =J82-I82 -> 0
A83: 45 | B83: 樓梯J | C83: 座 | D83: 1 | E83: =估驗單!F78 -> 1 | F83: =E83-D83 -> 0 | G83: 4031.83 | I83: =ROUND(D83*G83,2) -> 4031.83 | J83: =ROUND(E83*G83,2) -> 4031.83 | K83: =J83-I83 -> 0
A84: 46 | B84: 樓梯K | C84: 座 | D84: 1 | E84: =估驗單!F79 -> 1 | F84: =E84-D84 -> 0 | G84: 3313.67 | I84: =ROUND(D84*G84,2) -> 3313.67 | J84: =ROUND(E84*G84,2) -> 3313.67 | K84: =J84-I84 -> 0
A85: 47 | B85: 欄杆B | C85: M | D85: 149.5 | E85: =估驗單!F80 -> 149.5 | F85: =E85-D85 -> 0 | G85: 1975.94 | I85: =ROUND(D85*G85,2) -> 295403.03 | J85: =ROUND(E85*G85,2) -> 295403.03 | K85: =J85-I85 -> 0
A86: 48 | B86: 欄杆C | C86: M | D86: 39.3 | E86: =估驗單!F81 -> 39.3 | F86: =E86-D86 -> 0 | G86: 4874.23 | I86: =ROUND(D86*G86,2) -> 191557.24 | J86: =ROUND(E86*G86,2) -> 191557.24 | K86: =J86-I86 -> 0
A87: 49 | B87: 護欄b | C87: M | D87: 51.3 | E87: =估驗單!F82 -> 51.3 | F87: =E87-D87 -> 0 | G87: 2938.96 | I87: =ROUND(D87*G87,2) -> 150768.65 | J87: =ROUND(E87*G87,2) -> 150768.65 | K87: =J87-I87 -> 0
A88: 50 | B88: 地圖牌 | C88: 座 | D88: 1 | E88: =估驗單!F83 -> 1 | F88: =E88-D88 -> 0 | G88: 23029.53 | I88: =ROUND(D88*G88,2) -> 23029.53 | J88: =ROUND(E88*G88,2) -> 23029.53 | K88: =J88-I88 -> 0 | M88: #
A89: 51 | B89: 全區導覽牌 | C89: 座 | D89: 2 | E89: =估驗單!F84 -> 2 | F89: =E89-D89 -> 0 | G89: 18604.87 | I89: =ROUND(D89*G89,2) -> 37209.74 | J89: =ROUND(E89*G89,2) -> 37209.74 | K89: =J89-I89 -> 0 | M89: #
A90: 52 | B90: 公園自治條例 | C90: 座 | D90: 1 | E90: =估驗單!F85 -> 1 | F90: =E90-D90 -> 0 | G90: 18604.87 | I90: =ROUND(D90*G90,2) -> 18604.87 | J90: =ROUND(E90*G90,2) -> 18604.87 | K90: =J90-I90 -> 0
A91: 53 | B91: 方向指示牌 | C91: 座 | D91: 2 | E91: =估驗單!F86 -> 2 | F91: =E91-D91 -> 0 | G91: 11654.82 | I91: =ROUND(D91*G91,2) -> 23309.64 | J91: =ROUND(E91*G91,2) -> 23309.64 | K91: =J91-I91 -> 0
A92: 54 | B92: 水位警示設施 | C92: 座 | D92: 2 | E92: =估驗單!F87 -> 2 | F92: =E92-D92 -> 0 | G92: 25107.48 | I92: =ROUND(D92*G92,2) -> 50214.96 | J92: =ROUND(E92*G92,2) -> 50214.96 | K92: =J92-I92 -> 0
A93: 55 | B93: 警示設施說明牌A | C93: 座 | D93: 1 | E93: =估驗單!F88 -> 1 | F93: =E93-D93 -> 0 | G93: 22415.66 | I93: =ROUND(D93*G93,2) -> 22415.66 | J93: =ROUND(E93*G93,2) -> 22415.66 | K93: =J93-I93 -> 0
A94: 56 | B94: 警示設施說明牌B | C94: 座 | D94: 1 | E94: =估驗單!F89 -> 1 | F94: =E94-D94 -> 0 | G94: 21723.54 | I94: =ROUND(D94*G94,2) -> 21723.54 | J94: =ROUND(E94*G94,2) -> 21723.54 | K94: =J94-I94 -> 0
A95: 57 | B95: 警示設施說明牌C | C95: 座 | D95: 1 | E95: =估驗單!F90 -> 1 | F95: =E95-D95 -> 0 | G95: 22646.36 | I95: =ROUND(D95*G95,2) -> 22646.36 | J95: =ROUND(E95*G95,2) -> 22646.36 | K95: =J95-I95 -> 0
A96: 58 | B96: 警示設施說明牌D | C96: 座 | D96: 4 | E96: =估驗單!F91 -> 4 | F96: =E96-D96 -> 0 | G96: 17340.05 | I96: =ROUND(D96*G96,2) -> 69360.2 | J96: =ROUND(E96*G96,2) -> 69360.2 | K96: =J96-I96 -> 0
A97: 59 | B97: 解說牌A | C97: 座 | D97: 6 | E97: =估驗單!F92 -> 6 | F97: =E97-D97 -> 0 | G97: 17340.05 | I97: =ROUND(D97*G97,2) -> 104040.3 | J97: =ROUND(E97*G97,2) -> 104040.3 | K97: =J97-I97 -> 0
A98: 60 | B98: 解說牌B | C98: 座 | D98: 1 | E98: =估驗單!F93 -> 1 | F98: =E98-D98 -> 0 | G98: 17496.65 | I98: =ROUND(D98*G98,2) -> 17496.65 | J98: =ROUND(E98*G98,2) -> 17496.65 | K98: =J98-I98 -> 0
A99: 61 | B99: 解說牌C | C99: 座 | D99: 1 | E99: =估驗單!F94 -> 1 | F99: =E99-D99 -> 0 | G99: 1501.66 | I99: =ROUND(D99*G99,2) -> 1501.66 | J99: =ROUND(E99*G99,2) -> 1501.66 | K99: =J99-I99 -> 0
A100: 62 | B100: 解說牌E | C100: 座 | D100: 1 | E100: =估驗單!F95 -> 1 | F100: =E100-D100 -> 0 | G100: 1240.05 | I100: =ROUND(D100*G100,2) -> 1240.05 | J100: =ROUND(E100*G100,2) -> 1240.05 | K100: =J100-I100 -> 0
A101: 63 | B101: 解說牌F | C101: 座 | D101: 1 | E101: =估驗單!F96 -> 1 | F101: =E101-D101 -> 0 | G101: 1470.75 | I101: =ROUND(D101*G101,2) -> 1470.75 | J101: =ROUND(E101*G101,2) -> 1470.75 | K101: =J101-I101 -> 0
... A106: 68 | B106: 標線，熱處理聚酯，反光，厚2mm，黏層劑(底漆)，第Ⅱ型 | C106: M2 | D106: 759.43 | E106: =估驗單!F101 -> 759.43 | F106: =E106-D106 -> 0 | G106: 647.65 | I106: =ROUND(D106*G106,2) -> 491844.84 | J106: =ROUND(E106*G106,2) -> 491844.84 | K106: =J106-I106 -> 0
...

Sheet 估驗單
A1: 臺北市政府工務局水利工程處
A2: 變更項目對照詳細表
A3: 工程名稱：磺港溪再造C段護岸及步道整建工程(三合橋至奇岩抽水站) | O3: 估驗日期： | P3: 45596
A4: 項次 | B4: 項目說明 | C4: 單位 | D4: 原契約 數量 | E4: 3 變 後 核定數量 | F4: 4 變 後 數量 | G4: 應做數量 | H4: 追加數量 | I4: 追加金額 | J4: 追減數量 | K4: 追減金額 | L4: 估驗 單價 | M4: 本 次 估驗數量 | N4: 本次止累計 估驗數量 | O4: 本 次 估驗金額 | P4: 本次止累計 估驗金額 | Q4: 備 註
A5: 壹 | B5: 發包工程費 | C5: 式 | D5: 1 | L5: 304975279 | M5: 1 | N5: 1 | O5: 7397700 | P5: 191886300
A6: 一 | B6: 工程費 | C6: 式 | D6: 1 | L6: 2.3286809e+08 | M6: 1 | N6: 1 | O6: 5673978.8 | P6: 1.4020001e+08
A7: (一) | B7: 整備工程 | C7: 式 | D7: 1 | L7: 61233816 | M7: 1 | N7: 1 | O7: 927832.41 | P7: 44630848
A8: 1 | B8: 機械拆除，瀝青混凝土，未含運費 | C8: M3 | D8: 720.24 | F8: 720.24 | L8: 193.11 | M8: 18.75 | N8: 148.93 | O8: 3620.81 | P8: 28759.87
A9: 2 | B9: 機械拆除，鋼筋混凝土，未含運費 | C9: M3 | D9: 4813.44 | F9: 4813.44 | L9: 1046.16 | M9: 0 | N9: 4091.17 | O9: 0 | P9: 4280018.4
A10: 3 | B10: 盤踞切割 | C10: M | D10: 1743 | F10: 1743 | L10: 6199.66 | M10: 0 | N10: 1741.3 | O10: 0 | P10: 10795468
A11: 4 | B11: 基地及路幅開挖，未含運費，(機械挖，0.7～0.79m3開挖機) | C11: B.M3 | D11: 26370 | E11: 28009.56 | F11: ='數量計算(FOR4變)'!I39 -> 28009.56 | L11: 48.28 | M11: 75 | N11: 26684 | O11: 3621 | P11: 1288303.5
A12: 5 | B12: 瀝青混凝土面層刨除，刨除料運費 | C12: M3 | D12: 4726.67 | F12: 4726.67 | L12: 599.71 | M12: 0 | N12: 569.4 | O12: 0 | P12: 341474.87
A13: 6 | B13: 利用填方，含夯實 | C13: M3 | D13: 13120 | F13: ='數量計算(FOR4變)'!I47 -> 13120 | L13: 104.64 | M13: 864 | N13: 8670.22 | O13: 90408.96 | P13: 907251.82
A14: 7 | B14: 餘方遠運處理(台北港) | C14: B.M3 | D14: 13251 | F14: ='數量計算(FOR4變)'!J54 -> 4994 | L14: 1027.37 | M14: 156 | N14: 10560 | O14: 160269.72 | P14: 10849027
A15: 8 | B15: 餘方自行處理(房屋廢方，含水土保持) | C15: M3 | D15: 4601.44 | F15: ='數量計算(FOR4變)'!I59 -> 0_x000D_ | L15: 1084.98 | M15: 0 | N15: 0 | O15: 0 | P15: 0
A16: 9 | B16: 瀝青混凝土面層刨除，厚5cm，刨除機1.2m寬，含瀝青鋪面打毛(未含運費) | C16: M2 | D16: 2588.5 | F16: 2588.5 | L16: 30.45 | M16: 0 | N16: 0 | O16: 0 | P16: 0
A17: 10 | B17: 瀝青混凝土面層刨除，厚10cm，刨除機2.2m寬，未含運費 | C17: M2 | D17: 9177 | F17: 9177 | L17: 28.48 | M17: 0 | N17: 4745 | O17: 0 | P17: 135137.6
A18: 11 | B18: 切割瀝青混凝土或無筋混凝土，5cm≦切割深度＜10cm | C18: M | D18: 162.5 | F18: 162.5 | L18: 65.4 | M18: 0 | N18: 52.1 | O18: 0 | P18: 3407.34
A19: 12 | B19: 清除及掘除，雜草雜木，含垃圾撿除，人工割 | C19: M2 | D19: 5217.7 | F19: 5217.7 | L19: 20.19 | M19: 0 | N19: 3717 | O19: 0 | P19: 75046.23
A20: 13 | B20: 垃圾及廢棄物(以體積計)清運 | C20: M3 | D20: 782.66 | F20: 782.66 | L20: 2286.68 | M20: 0 | N20: 108 | O20: 0 | P20: 246961.44
A21: 14 | B21: 節塊吊放 | C21: 次 | D21: 425 | F21: 425 | L21: 521.15 | M21: 0 | N21: 425 | O21: 0 | P21: 221488.75
A22: 15 | B22: 機械拆除，工地雜項拆除清理，欄杆，含運費 | C22: M | D22: 255.5 | F22: =G22 -> 415.08 | G22: ='數量計算(FOR4變)'!I70 -> 415.08 | H22: =G22-D22 -> 159.58 | I22: =ROUND(H22*L22,2) -> 46225.54 | L22: 289.67 | M22: 0 | N22: 255.5 | O22: 0 | P22: 74010.69
A23: 16 | B23: 土方運送(百齡抽水站) | C23: 趟 | D23: 2204 | F23: 2204 | L23: 3082.11 | M23: 72 | N23: 2107 | O23: 221911.92 | P23: 6494005.8
A24: 17 | B24: 既有路燈拆除繳回 | C24: 盞 | D24: 66 | F24: 66 | L24: 3311.26 | M24: 0 | N24: 65 | O24: 0 | P24: 215231.9
A25: 18 | B25: 座椅拆除繳回 | C25: 座 | D25: 18 | F25: 18 | L25: 1199.93 | M25: 0 | N25: 18 | O25: 0 | P25: 21598.74
A26: 19 | B26: 解說牌拆除 | C26: 座 | D26: 4 | F26: 4 | L26: 2999.84 | M26: 0 | N26: 4 | O26: 0 | P26: 11999.36
A27: 20 | B27: 自行車架拆除 | C27: 座 | D27: 20 | F27: 20 | L27: 2999.84 | M27: 0 | N27: 20 | O27: 0 | P27: 59996.8
A28: 21 | B28: 交通牌誌拆除 | C28: 座 | D28: 15 | F28: 15 | L28: 2999.84 | M28: 0 | N28: 15 | O28: 0 | P28: 44997.6
A29: 22 | B29: 既有水利設施拆除及運送 | C29: 式 | D29: 1 | F29: 1 | L29: 399978.19 | M29: 0 | N29: 1 | O29: 0 | P29: 399978.19 | Q29: (估驗比率約:100%)
A30: 23 | B30: 交通維持，道路管制人員，日間(06-22時)，義交 | C30: 時 | D30: 30800 | F30: 30800 | L30: 280 | M30: 1600 | N30: 21303.5 | O30: 448000 | P30: 5964980
A31: 24 | B31: 表土清除，堆置，及回填費，t=30cm | C31: M2 | D31: 0 | E31: 2150 | F31: 2150 | L31: 70.56 | M31: 0 | N31: 2150 | O31: 0 | P31: 151704
A32: 25 | B32: 餘土分類處理 | C32: 日 | D32: 0 | E32: 111 | F32: 111 | L32: 20000 | M32: 0 | N32: 101 | O32: 0 | P32: 2020000
A33: (二) | B33: 土建景觀工程 | C33: 式 | D33: 1 | L33: 30807124 | M33: 1 | N33: 1 | O33: 140646.04 | P33: 1083872.9
A34: 1 | B34: 構造物回填，回填及夯實(實際) | C34: C.M3 | D34: 1887.64 | F34: =D34 -> 1887.64 | L34: 320.72 | M34: 0 | N34: 0 | O34: 0 | P34: 0
A35: 2 | B35: 構造物回填，回填及夯實，人工夯實 | C35: C.M3 | D35: 402.21 | F35: =D35 -> 402.21 | L35: 346.06 | M35: 0 | N35: 0 | O35: 0 | P35: 0
A36: 3 | B36: 鋼筋，SD280W | C36: KG | D36: 18865.76 | F36: =D36 -> 18865.76 | L36: 36.4 | M36: 0 | N36: 5167.44 | O36: 0 | P36: 188094.82
A37: 4 | B37: 結構用混凝土，預拌，140kgf/cm2 | C37: M3 | D37: 107.91 | F37: =D37 -> 107.91 | L37: 3114.97 | M37: 0 | N37: 4.73 | O37: 0 | P37: 14733.81
A38: 5 | B38: 結構用混凝土，預拌，210kgf/cm2 | C38: M3 | D38: 564.01 | F38: =D38 -> 564.01 | L38: 3320.96 | M38: 0 | N38: 59.94 | O38: 0 | P38: 199058.34
A39: 6 | B39: 普通模板，丙種 | C39: M2 | D39: 1926.87 | F39: =D39 -> 1926.87 | L39: 533.61 | M39: 0 | N39: 374.32 | O39: 0 | P39: 199740.9
A40: 7 | B40: 清水模板，鋼模 | C40: M2 | D40: 301.33 | F40: =D40 -> 301.33 | L40: 1299.82 | M40: 0 | N40: 0 | O40: 0 | P40: 0
A41: 8 | B41: 鍍鋅鋼料 | C41: KG | D41: 5991.34 | F41: =D41 -> 5991.34 | G41: ='數量計算(FOR4變)'!I100 -> 32931.474 | H41: =G41-D41 -> 26940.134 | L41: 60 | M41: 0 | N41: 0 | O41: 0 | P41: 0 | S41: 放後擴
A42: 9 | B42: 金屬材料，鋼料，裁切加工銲製(工廠加工) | C42: KG | D42: 5991.34 | F42: =D42 -> 5991.34 | G42: ='數量計算(FOR4變)'!I106 -> 32931.474 | H42: =G42-D42 -> 26940.134 | L42: 31.9 | M42: 0 | N42: 0 | O42: 0 | P42: 0 | S42: 放後擴
A43: 10 | B43: 結構用鋼材，銲接結構用軋鋼料，SM400B鋼構工程及製作、組立工程(含加勁板、續接板、螺絲、螺栓、螺帽等) | C43: KG | D43: 1180.03 | F43: =D43 -> 1180.03 | L43: 107.3 | M43: 0 | N43: 0 | O43: 0 | P43: 0
A44: 11 | B44: 透水磚紙模地坪 | C44: M2 | D44: 3879.21 | F44: =D44 -> 3879.21 | L44: 3092.69 | M44: 0 | N44: 0 | O44: 0 | P44: 0
A45: 12 | B45: 梯形磚鋪面，149.5x(30,20)x8cmTH | C45: M2 | D45: 462.9 | F45: =D45 -> 462.9 | L45: 3961.37 | M45: 0 | N45: 0 | O45: 0 | P45: 0
A46: 13 | B46: 石材鋪面 | C46: M2 | D46: 5.09 | F46: 5.09 | H46: =F46-D46 -> 0 | L46: 3965.59 | M46: 0 | N46: 0 | O46: 0 | P46: 0
A47: 14 | B47: 卵石鋪面 | C47: M2 | D47: 18.76 | F47: =D47 -> 18.76 | L47: 3391.22 | M47: 0 | N47: 0 | O47: 0 | P47: 0
A48: 15 | B48: 露骨材地坪 | C48: M2 | D48: 118.92 | F48: =D48 -> 118.92 | L48: 773.85 | M48: 0 | N48: 0 | O48: 0 | P48: 0
A49: 16 | B49: PC地坪 | C49: M2 | D49: 173.3 | F49: =D49 -> 173.3 | L49: 948.34 | M49: 0 | N49: 0 | O49: 0 | P49: 0
A50: 17 | B50: 格柵鋪面B | C50: 座 | D50: 1 | F50: =D50 -> 1 | L50: 144378.63 | M50: 0 | N50: 0 | O50: 0 | P50: 0
A51: 18 | B51: 細石子鋪面 | C51: C.M3 | D51: 156.68 | F51: =D51 -> 156.68 | L51: 145.21 | M51: 0 | N51: 0 | O51: 0 | P51: 0
A52: 19 | B52: 鋼板收邊A型 | C52: M | D52: 689.86 | F52: =D52 -> 689.86 | L52: 2755.78 | M52: 0 | N52: 0 | O52: 0 | P52: 0
A53: 20 | B53: 鋼板收邊B型 | C53: M | D53: 12.91 | F53: =D53 -> 12.91 | L53: 576.77 | M53: 0 | N53: 0 | O53: 0 | P53: 0
A54: 21 | B54: 界石收邊 | C54: M | D54: 56.09 | F54: =D54 -> 56.09 | L54: 615.31 | M54: 0 | N54: 0 | O54: 0 | P54: 0
A55: 22 | B55: 緣石收邊 | C55: M | D55: 656.91 | F55: =D55 -> 656.91 | L55: 685.27 | M55: 0 | N55: 0 | O55: 0 | P55: 0
A56: 23 | B56: 道路緣石收邊 | C56: M | D56: 1254.13 | F56: =D56 -> 1254.13 | L56: 699.69 | M56: 35 | N56: 35 | O56: 24489.15 | P56: 24489.15
A57: 24 | B57: 道路緣石斜坡式 | C57: M | D57: 44.64 | F57: =D57 -> 44.64 | L57: 1199.27 | M57: 0 | N57: 0 | O57: 0 | P57: 0
A58: 25 | B58: 場鑄道路緣石 | C58: M | D58: 142.26 | F58: =D58 -> 142.26 | L58: 57.68 | M58: 0 | N58: 0 | O58: 0 | P58: 0
... A69: 36 | B69: 草地座階 | C69: M | D69: 30.1 | F69: =D69 -> 30.1 | L69: 545.1 | M69: 0 | N69: 0 | O69: 0 | P69: 0
A70: 37 | B70: 砌石擋牆A | C70: M | D70: 31.2 | F70: ='數量計算(FOR4變)'!H139 -> 35.2 | G70: ='數量計算(FOR4變)'!I139 -> 35.2 | H70: =G70-D70 -> 4 | I70: =ROUND(H70*L70,2) -> 33420.44 | L70: 8355.11 | M70: 0 | N70: 31.2 | O70: 0 | P70: 260679.43
A71: 38 | B71: 砌石擋牆B | C71: M | D71: 17.9 | F71: ='數量計算(FOR4變)'!H140 -> 24.3 | G71: ='數量計算(FOR4變)'!I140 -> 24.3 | H71: =G71-D71 -> 6.4 | I71: =ROUND(H71*L71,2) -> 34525.7 | L71: 5394.64 | M71: 2.9 | N71: 17.9 | O71: 15644.46 | P71: 96564.06
A72: 39 | B72: 鋼板擋牆 | C72: M | D72: 19.6 | F72: =D72 -> 19.6 | L72: 432.57 | M72: 0 | N72: 0 | O72: 0 | P72: 0
A73: 40 | B73: 擋牆b’型 | C73: M | D73: 24.9 | F73: =D73 -> 24.9 | L73: 1224.22 | M73: 0 | N73: 0 | O73: 0 | P73: 0
A74: 41 | B74: 擋牆c’型 | C74: M | D74: 3.5 | F74: =D74 -> 3.5 | L74: 1148.63 | M74: 0 | N74: 0 | O74: 0 | P74: 0
A75: 42 | B75: 樓梯E | C75: 座 | D75: 1 | F75: =D75 -> 1 | L75: 5698.63 | M75: 0 | N75: 0 | O75: 0 | P75: 0
A76: 43 | B76: 樓梯G | C76: 座 | D76: 1 | F76: =D76 -> 1 | L76: 5963.22 | M76: 0 | N76: 0 | O76: 0 | P76: 0
A77: 44 | B77: 樓梯H | C77: 座 | D77: 1 | F77: =D77 -> 1 | L77: 1421.11 | M77: 0 | N77: 0 | O77: 0 | P77: 0
A78: 45 | B78: 樓梯J | C78: 座 | D78: 1 | F78: =D78 -> 1 | L78: 4031.83 | M78: 0 | N78: 0 | O78: 0 | P78: 0
A79: 46 | B79: 樓梯K | C79: 座 | D79: 1 | F79: =D79 -> 1 | L79: 3313.67 | M79: 0 | N79: 0 | O79: 0 | P79: 0
A80: 47 | B80: 欄杆B | C80: M | D80: 149.5 | F80: =D80 -> 149.5 | L80: 1975.94 | M80: 0 | N80: 0 | O80: 0 | P80: 0
A81: 48 | B81: 欄杆C | C81: M | D81: 39.3 | F81: =D81 -> 39.3 | L81: 4874.23 | M81: 0 | N81: 0 | O81: 0 | P81: 0
A82: 49 | B82: 護欄b | C82: M | D82: 51.3 | F82: =D82 -> 51.3 | L82: 2938.96 | M82: 34.2 | N82: 34.2 | O82: 100512.43 | P82: 100512.43
A83: 50 | B83: 地圖牌 | C83: 座 | D83: 1 | F83: =D83 -> 1 | L83: 23029.53 | M83: 0 | N83: 0 | O83: 0 | P83: 0
... A103: 70 | B103: 巢箱 | C103: 組 | D103: 3 | F103: =D103 -> 3 | L103: 4575.03 | M103: 0 | N103: 0 | O103: 0 | P103: 0
A104: 71 | B104: 自然景石 | C104: T | D104: 88.17 | F104: =G104 -> 88.17 | G104: ='數量計算(FOR4變)'!I173 -> 88.17 | H104: =G104-D104 -> 0 | I104: =ROUND(H104*L104,2) -> 0 | L104: 15299.17 | M104: 0 | N104: 0 | O104: 0 | P104: 0 | Q104: 數量及單顆重量由設計提供
A105: 72 | B105: 陰井 | C105: 座 | D105: 25 | F105: =D105 -> 25 | L105: 4498.31 | M105: 0 | N105: 0 | O105: 0 | P105: 0
A106: 73 | B106: PP陰井 | C106: 座 | D106: 13 | F106: =D106 -> 13 | L106: 3353.5 | M106: 0 | N106: 0 | O106: 0 | P106: 0
A107: 74 | B107: 截水溝A型 | C107: M | D107: 9.8 | F107: =D107 -> 9.8 | L107: 9873.85 | M107: 0 | N107: 0 | O107: 0 | P107: 0
A108: 75 | B108: 截水溝B型 | C108: M | D108: 6.2 | F108: =D108 -> 6.2 | L108: 6554 | M108: 0 | N108: 0 | O108: 0 | P108: 0
A109: 76 | B109: 截水溝C型 | C109: M | D109: 3.3 | F109: =D109 -> 3.3 | L109: 8390.27 | M109: 0 | N109: 0 | O109: 0 | P109: 0
A110: 77 | B110: 草溝+∮4" HDPE透水管 | C110: M | D110: 40.6 | F110: =D110 -> 40.6 | L110: 671.95 | M110: 0 | N110: 0 | O110: 0 | P110: 0
A111: 78 | B111: ∮3"HDPE透水管 | C111: M | D111: 176.7 | F111: =D111 -> 176.7 | L111: 658.27 | M111: 0 | N111: 0 | O111: 0 | P111: 0
A112: 79 | B112: ∮4"HDPE透水管 | C112: M | D112: 251.7 | F112: =D112 -> 251.7 | L112: 730.37 | M112: 0 | N112: 0 | O112: 0 | P112: 0
A113: 80 | B113: ∮2"PVC排水管埋設 | C113: M | D113: 6.8 | F113: =D113 -> 6.8 | L113: 406.38 | M113: 0 | N113: 0 | O113: 0 | P113: 0
A114: 81 | B114: ∮4"PVC排水管埋設 | C114: M | D114: 44.2 | F114: =D114 -> 44.2 | L114: 457.88 | M114: 0 | N114: 0 | O114: 0 | P114: 0
A115: 82 | B115: ∮4B(厚管)"PVC排水管埋設 | C115: M | D115: 10.7 | F115: =D115 -> 10.7 | L115: 499.08 | M115: 0 | N115: 0 | O115: 0 | P115: 0
A116: 83 | B116: ∮6"PVC排水管埋設 | C116: M | D116: 62.5 | F116: =D116 -> 62.5 | L116: 545.82 | M116: 0 | N116: 0 | O116: 0 | P116: 0
A117: 84 | B117: 淺溝 | C117: M | D117: 84.8 | F117: =D117 -> 84.8 | L117: 7340.02 | M117: 0 | N117: 0 | O117: 0 | P117: 0
A118: 85 | B118: 雨水回收槽 | C118: 座 | D118: 2 | F118: 2 | G118: ='數量計算(FOR4變)'!I187 -> 3 | H118: =G118-D118 -> 1 | I118: =704273.82+1255553.18+1277917.6-(L118*D118) -> 1411132.2 | L118: 913306.18 | M118: 0 | N118: 0 | O118: 0 | P118: 0 | Q118: 依本案《公共設施用地開發保水檢核定稿版》
A119: (三) | B119: 橋梁工程 | C119: 式 | D119: 1 | L119: 45369260 | M119: 1 | N119: 1 | O119: 2140143.9 | P119: 22212626
A120: 1 | B120: 構造物回填，回填及夯實(實際) | C120: C.M3 | D120: 185.59 | E120: 928.51 | F120: =E120 -> 928.51 | L120: 320.72 | M120: 0 | N120: 839.39 | O120: 0 | P120: 269209.16
A121: 2 | B121: 結構用混凝土，預拌，140kgf/cm2 | C121: M3 | D121: 26.33 | F121: =D121 -> 26.33 | L121: 3114.97 | M121: 0 | N121: 17.24 | O121: 0 | P121: 53702.08
A122: 3 | B122: 結構用混凝土，預拌，210kgf/cm2 | C122: M3 | D122: 36.86 | F122: =D122 -> 36.86 | L122: 3320.96 | M122: 0 | N122: 0 | O122: 0 | P122: 0
A123: 4 | B123: 結構用混凝土，預拌，280kgf/cm2 | C123: M3 | D123: 654.83 | F123: =D123 -> 654.83 | L123: 3643.53 | M123: 0 | N123: 276.71 | O123: 0 | P123: 1008201.2
A124: 5 | B124: 鋼筋，SD280W | C124: KG | D124: 6240.88 | F124: =D124 -> 6240.88 | L124: 36.4 | M124: 0 | N124: 0 | O124: 0 | P124: 0
A125: 6 | B125: 鋼筋，SD420W | C125: KG | D125: 102796.95 | F125: =D125 -> 102796.95 | L125: 38.71 | M125: 0 | N125: 62095 | O125: 0 | P125: 2403697.5
A126: 7 | B126: 清水模板，甲種 | C126: M2 | D126: 223.3 | F126: =D126 -> 223.3 | L126: 1154.91 | M126: 0 | N126: 0 | O126: 0 | P126: 0
A127: 8 | B127: 清水模板，乙種 | C127: M2 | D127: 450.04 | F127: =G127 -> 484.314 | G127: ='數量計算(FOR4變)'!I228 -> 484.314 | H127: =G127-D127 -> 34.274 | I127: =ROUND(H127*L127,2) -> 33688.94 | L127: 982.93 | M127: 0 | N127: 447.02 | O127: 0 | P127: 439389.37 | Q127: 還沒做完要變更數量嗎?
A128: 9 | B128: 普通模板，乙種 | C128: M2 | D128: 28.27 | F128: =G128 -> 42.535 | G128: ='數量計算(FOR4變)'!I233 -> 42.535 | H128: =G128-D128 -> 14.265 | I128: =ROUND(H128*L128,2) -> 11479.76 | L128: 804.75 | M128: 0 | N128: 27 | O128: 0 | P128: 21728.25 | Q128: 還沒做完要變更數量嗎?
A129: 10 | B129: 耐候鋼，A242 | C129: kg | D129: 25655 | F129: =D129 -> 25655 | L129: 75 | M129: 0 | N129: 0 | O129: 0 | P129: 0
...

Sheet 契約
A1: 臺北市政府工務局水利工程處
A2: 詳 細 價 目 表
A4: 工程名稱：磺港溪再造C段護岸及步道整建工程(三合橋至奇岩抽水站)
A5: 施工地點：北投磺港溪 | F5: 工程編號：111 070020302 038 02
A6: 項次 | B6: 項 目 及 說 明 | C6: 單位 | D6: 數量 | E6: 單 價 | F6: 複 價 | G6: 備 註
A7: 壹 | B7: 發包工程費 | C7: 式 | D7: 1 | F7: 257600000
A8: 一 | B8: 工程費 | C8: 式 | D8: 1 | F8: 2.0448708e+08
A9: (一) | B9: 整備工程 | C9: 式 | D9: 1 | F9: 58782954
A10: 1.1.1 | B10: 機械拆除，瀝青混凝土，未含運費 | C10: M3 | D10: 720.24 | E10: 193.11 | F10: 139085.55 | G10: 0222010123 分析表1_x000D_
A11: 1.1.2 | B11: 機械拆除，鋼筋混凝土，未含運費 | C11: M3 | D11: 4813.44 | E11: 1046.16 | F11: 5035628.4 | G11: 0222010E23 分析表2_x000D_
A12: 1.1.3 | B12: 盤踞切割 | C12: M | D12: 1743 | E12: 6199.66 | F12: 10806007 | G12: 0222011101 #磺港路橋(奇岩抽水站旁)1533.9m、希冀橋208.6m
A13: 1.1.4 | B13: 基地及路幅開挖，未含運費，(機械挖，0.7～0.79m3開挖機) | C13: B.M3 | D13: 26370 | E13: 48.28 | F13: 1273143.6 | G13: 02321PWD05AB1 分析表3_x000D_
A14: 1.1.5 | B14: 瀝青混凝土面層刨除，刨除料運費 | C14: M3 | D14: 4726.67 | E14: 599.71 | F14: 2834631.3 | G14: 0296103003 分析表4_x000D_
A15: 1.1.6 | B15: 利用填方，含夯實 | C15: M3 | D15: 13120 | E15: 104.64 | F15: 1372876.8 | G15: 02931BDD101 分析表5_x000D_
A16: 1.1.7 | B16: 餘方遠運處理(台北港) | C16: B.M3 | D16: 13251 | E16: 1027.37 | F16: 13613680 | G16: 023235X46A 分析表6_x000D_ 僅含運費(運距約<20K)(土方管理費檢據核銷)
A17: 1.1.8 | B17: 餘方自行處理(房屋廢方，含水土保持) | C17: M3 | D17: 4601.44 | E17: 1084.98 | F17: 4992470.4 | G17: 0232340063a 分析表7_x000D_
A18: 1.1.9 | B18: 瀝青混凝土面層刨除，厚5cm，刨除機1.2m寬，含瀝青鋪面打毛(未含運費) | C18: M2 | D18: 2588.5 | E18: 30.45 | F18: 78819.83 | G18: 02961403321 分析表8_x000D_ #含瀝青鋪面打毛
A19: 1.1.10 | B19: 瀝青混凝土面層刨除，厚10cm，刨除機2.2m寬，未含運費 | C19: M2 | D19: 9177 | E19: 28.48 | F19: 261360.96 | G19: 0296190432 分析表9_x000D_
A20: 1.1.11 | B20: 切割瀝青混凝土或無筋混凝土，5cm≦切割深度＜10cm | C20: M | D20: 162.5 | E20: 65.4 | F20: 10627.5 | G20: 02220PWD00021 分析表10_x000D_
A21: 1.1.12 | B21: 清除及掘除，雜草雜木，含垃圾撿除，人工割 | C21: M2 | D21: 5217.7 | E21: 20.19 | F21: 105345.36 | G21: 0223109002 分析表11_x000D_
... A32: 1.1.23 | B32: 交通維持，道路管制人員，日間(06-22時)，義交 | C32: 時 | D32: 30800 | E32: 280 | F32: 8624000 | G32: L015566G01001 [人力工項不打折]
A33: (二) | B33: 土建景觀工程 | C33: 式 | D33: 1 | F33: 30807124
A34: 1.2.1 | B34: 構造物回填，回填及夯實(實際) | C34: C.M3 | D34: 1887.64 | E34: 320.72 | F34: 605403.9 | G34: 023174000A 分析表17_x000D_
A35: 1.2.2 | B35: 構造物回填，回填及夯實，人工夯實 | C35: C.M3 | D35: 402.21 | E35: 346.06 | F35: 139188.79 | G35: 0231740#M1 分析表18_x000D_
A36: 1.2.3 | B36: 鋼筋，SD280W | C36: KG | D36: 18865.76 | E36: 36.4 | F36: 686713.66 | G36: 0321040009z 分析表19_x000D_ 本項納入(鋼筋)物價指數調整
A37: 1.2.4 | B37: 結構用混凝土，預拌，140kgf/cm2 | C37: M3 | D37: 107.91 | E37: 3114.97 | F37: 336136.41 | G37: 0331023003 分析表20_x000D_
A38: 1.2.5 | B38: 結構用混凝土，預拌，210kgf/cm2 | C38: M3 | D38: 564.01 | E38: 3320.96 | F38: 1873054.6 | G38: 0331025003 分析表21_x000D_
A39: 1.2.6 | B39: 普通模板，丙種 | C39: M2 | D39: 1926.87 | E39: 533.61 | F39: 1028197.1 | G39: 0311011302z 分析表22_x000D_ U型構，集水井，排水箱涵等。本項納入(普通模板)物價指數調整
A40: 1.2.7 | B40: 清水模板，鋼模 | C40: M2 | D40: 301.33 | E40: 1299.82 | F40: 391674.76 | G40: 03110212A1a 分析表23_x000D_ 本項納入「金屬製品類」物價指數調整
A41: 1.2.8 | B41: 鍍鋅鋼料 | C41: KG | D41: 5991.34 | E41: 60 | F41: 359480.4 | G41: 05500R0009A 分析表24_x000D_ #本項納入「金屬製品類」物價指數調整
A42: 1.2.9 | B42: 金屬材料，鋼料，裁切加工銲製(工廠加工) | C42: KG | D42: 5991.34 | E42: 31.9 | F42: 191123.75 | G42: 050606B009
A43: 1.2.10 | B43: 結構用鋼材，銲接結構用軋鋼料，SM400B鋼構工程及製作、組立工程(含加勁板、續接板、螺絲、螺栓、螺帽等) | C43: KG | D43: 1180.03 | E43: 107.3 | F43: 126617.22 | G43: 0512540009A2 分析表25_x000D_ #本項納入「金屬製品類」物價指數調整
A44: 1.2.11 | B44: 透水磚紙模地坪 | C44: M2 | D44: 3879.21 | E44: 3092.69 | F44: 11997194 | G44: 0279400002 分析表26_x000D_
A45: 1.2.12 | B45: 梯形磚鋪面，149.5x(30,20)x8cmTH | C45: M2 | D45: 462.9 | E45: 3961.37 | F45: 1833718.2 | G45: 0278600342 分析表27_x000D_
... A118: 1.2.85 | B118: 雨水回收槽 | C118: 座 | D118: 2 | E118: 913306.18 | F118: 1826612.4 | G118: 0263121DWA 分析表99_x000D_ #
A119: (三) | B119: 橋梁工程 | C119: 式 | D119: 1 | F119: 40947246
A120: 1.3.1 | B120: 構造物回填，回填及夯實(實際) | C120: C.M3 | D120: 185.59 | E120: 320.72 | F120: 59522.42 | G120: 023174000A 分析表17_x000D_
A121: 1.3.2 | B121: 結構用混凝土，預拌，140kgf/cm2 | C121: M3 | D121: 26.33 | E121: 3114.97 | F121: 82017.16 | G121: 0331023003 分析表20_x000D_
A122: 1.3.3 | B122: 結構用混凝土，預拌，210kgf/cm2 | C122: M3 | D122: 36.86 | E122: 3320.96 | F122: 122410.59 | G122: 0331025003 分析表21_x000D_
A123: 1.3.4 | B123: 結構用混凝土，預拌，280kgf/cm2 | C123: M3 | D123: 654.83 | E123: 3643.53 | F123: 2385892.8 | G123: 0331027003 分析表100_x000D_
A124: 1.3.5 | B124: 鋼筋，SD280W | C124: KG | D124: 6240.88 | E124: 36.4 | F124: 227168.03 | G124: 0321040009z 分析表19_x000D_ 本項納入(鋼筋)物價指數調整
A125: 1.3.6 | B125: 鋼筋，SD420W | C125: KG | D125: 102796.95 | E125: 38.71 | F125: 3979269.9 | G125: 0321060035z 分析表101_x000D_ 本項納入(鋼筋)物價指數調整
A126: 1.3.7 | B126: 清水模板，甲種 | C126: M2 | D126: 223.3 | E126: 1154.91 | F126: 257891.4 | G126: 0311021102n 分析表102_x000D_ 橋面。本項納入(清水模板)物價指數調整
A127: 1.3.8 | B127: 清水模板，乙種 | C127: M2 | D127: 450.04 | E127: 982.93 | F127: 442357.82 | G127: 0311021202n 分析表103_x000D_ 場鑄結構混凝土用模板，(乙種，擋土牆，橋台，車行箱涵等)。本項納入(清水模板)物價指數調整
A128: 1.3.9 | B128: 普通模板，乙種 | C128: M2 | D128: 28.27 | E128: 804.75 | F128: 22750.28 | G128: 0311011202z 分析表104_x000D_ 擋土牆，橋台，車行箱涵等。本項納入(普通模板)物價指數調整
A129: 1.3.10 | B129: 耐候鋼，A242 | C129: kg | D129: 25655 | E129: 75 | F129: 1924125 | G129: 0512531009
A130: 1.3.11 | B130: 鍍鋅鋼料 | C130: KG | D130: 3691 | E130: 60 | F130: 221460 | G130: 05500R0009A 分析表24_x000D_ #本項納入「金屬製品類」物價指數調整
A131: 1.3.12 | B131: 金屬材料，鋼料，裁切加工銲製(工廠加工) | C131: KG | D131: 3691 | E131: 31.9 | F131: 117742.9 | G131: 050606B009
... A155: 1.3.36 | B155: 磺港路橋 | C155: 座 | D155: 1 | E155: 2066157 | F155: 2066157 | G155: 051211AB0B4 分析表122_x000D_
A156: (四) | B156: 河川工程 | C156: 式 | D156: 1 | F156: 24142856
A157: 1.4.1 | B157: 結構用混凝土，預拌，140kgf/cm2 | C157: M3 | D157: 22 | E157: 3114.97 | F157: 68529.34 | G157: 0331023003 分析表20_x000D_
A158: 1.4.2 | B158: 結構用混凝土，預拌，210kgf/cm2 | C158: M3 | D158: 302 | E158: 3320.96 | F158: 1002929.9 | G158: 0331025003 分析表21_x000D_
A159: 1.4.3 | B159: 結構用混凝土，預拌，280kgf/cm2 | C159: M3 | D159: 766 | E159: 3643.53 | F159: 2790944 | G159: 0331027003 分析表100_x000D_
A160: 1.4.4 | B160: 結構用混凝土，泵送及澆注費 | C160: M3 | D160: 1090 | E160: 199.99 | F160: 217989.1 | G160: 03310000Z5
A161: 1.4.5 | B161: 清水模板，乙種 | C161: M2 | D161: 1203 | E161: 982.93 | F161: 1182464.8 | G161: 0311021202n 分析表103_x000D_ 場鑄結構混凝土用模板，(乙種，擋土牆，橋台，車行箱涵等)。本項納入(清水模板)物價指數調整
A162: 1.4.6 | B162: 普通模板，乙種 | C162: M2 | D162: 393 | E162: 804.75 | F162: 316266.75 | G162: 0311011202z 分析表104_x000D_ 擋土牆，橋台，車行箱涵等。本項納入(普通模板)物價指數調整
A163: 1.4.7 | B163: 鋼筋，SD280W | C163: KG | D163: 13138 | E163: 36.4 | F163: 478223.2 | G163: 0321040009z 分析表19_x000D_ 本項納入(鋼筋)物價指數調整
A164: 1.4.8 | B164: 鋼筋，SD420W | C164: KG | D164: 15589 | E164: 38.71 | F164: 603450.19 | G164: 0321060035z 分析表101_x000D_ 本項納入(鋼筋)物價指數調整
A165: 1.4.9 | B165: 砌排石工，混凝土砌石 | C165: M2 | D165: 776 | E165: 2510.64 | F165: 1948256.6 | G165: 0238630502a 分析表123_x000D_ #卵石，厚30cm，含勾縫
A166: 1.4.10 | B166: 低水護岸，拋石，塊石，硬石 | C166: C.M3 | D166: 235 | E166: 3297.86 | F166: 774997.1 | G166: 02381A010Aa 分析表124_x000D_ #
A167: 1.4.11 | B167: 固床工，砌排石工，乾砌塊石 | C167: M2 | D167: 102 | E167: 2952.01 | F167: 301105.02 | G167: 0238630002 分析表125_x000D_ #
A168: 1.4.12 | B168: 抿石子 | C168: M2 | D168: 400 | E168: 1454.49 | F168: 581796 | G168: 0978200002 分析表126_x000D_
... A176: 1.4.20 | B176: 沉水式污物泵，SUS304不銹鋼，Q=0.3cms，D=300mm | C176: 台 | D176: 2 | E176: 5349708.3 | F176: 10699417 | G176: 015105350I
A177: (五) | B177: 下水道工程 | C177: 式 | D177: 1 | F177: 27512956
A178: 1.5.1 | B178: 結構用混凝土，預拌，140kgf/cm2 | C178: M3 | D178: 252 | E178: 3114.97 | F178: 784972.44 | G178: 0331023003 分析表20_x000D_
A179: 1.5.2 | B179: 結構用混凝土，預拌，210kgf/cm2 | C179: M3 | D179: 2490 | E179: 3320.96 | F179: 8269190.4 | G179: 0331025003 分析表21_x000D_
A180: 1.5.3 | B180: 控制性低強度回填材料及澆置 | C180: M3 | D180: 998 | E180: 1749.16 | F180: 1745661.7 | G180: 0337700003 分析表130_x000D_
A181: 1.5.4 | B181: 結構用混凝土，泵送及澆注費 | C181: M3 | D181: 3740 | E181: 199.99 | F181: 747962.6 | G181: 03310000Z5
A182: 1.5.5 | B182: 清水模板，乙種 | C182: M2 | D182: 3740 | E182: 982.93 | F182: 3676158.2 | G182: 0311021202n 分析表103_x000D_ 場鑄結構混凝土用模板，(乙種，擋土牆，橋台，車行箱涵等)。本項納入(清水模板)物價指數調整
A183: 1.5.6 | B183: 清水模板，丙種 | C183: M2 | D183: 38 | E183: 698.28 | F183: 26534.64 | G183: 0311021302n 分析表131_x000D_ 本項納入(清水木模)物價指數調整
A184: 1.5.7 | B184: 普通模板，乙種 | C184: M2 | D184: 783 | E184: 804.75 | F184: 630119.25 | G184: 0311011202z 分析表104_x000D_ 擋土牆，橋台，車行箱涵等。本項納入(普通模板)物價指數調整
A185: 1.5.8 | B185: 普通模板，丙種 | C185: M2 | D185: 300 | E185: 533.61 | F185: 160083 | G185: 0311011302z 分析表22_x000D_ U型構，集水井，排水箱涵等。本項納入(普通模板)物價指數調整
A186: 1.5.9 | B186: 鋼筋，SD280W | C186: KG | D186: 137462 | E186: 36.4 | F186: 5003616.8 | G186: 0321040009z 分析表19_x000D_ 本項納入(鋼筋)物價指數調整
A187: 1.5.10 | B187: 鋼筋，SD420W | C187: KG | D187: 116638 | E187: 38.71 | F187: 4515057 | G187: 0321060035z 分析表101_x000D_ 本項納入(鋼筋)物價指數調整
A188: 1.5.11 | B188: 鋼筋混凝土管(B型)，D=500mm，三級管，未含開挖回填 | C188: M | D188: 112 | E188: 2865.8 | F188: 320969.6 | G188: 026102C30A 分析表132_x000D_
A189: 1.5.12 | B189: 預鑄鋼筋混凝土基座(埋管用)，D=1000mm管用 | C189: 座 | D189: 47 | E189: 1477.97 | F189: 69464.59 | G189: 026100BD0H 分析表133_x000D_
... A196: 1.5.19 | B196: 塑膠包覆不銹鋼踏步，直徑=19mm | C196: 支 | D196: 44 | E196: 422.28 | F196: 18580.32 | G196: 05500h0R0A 分析表136_x000D_
A197: (六) | B197: 道路及附屬工程 | C197: 式 | D197: 1 | F197: 11413214
A198: 1.6.1 | B198: 瀝青混凝土舖面，粗粒料9.5mm，黏度AC(1)-20 | C198: M3 | D198: 230 | E198: 7517.15 | F198: 1728944.5 | G198: 0274205303 分析表137_x000D_
A199: 1.6.2 | B199: 瀝青混凝土舖面，粗粒料19.0mm，黏度AC(1)-20 | C199: M3 | D199: 689 | E199: 7496.55 | F199: 5165123 | G199: 0274203303 分析表138_x000D_
A200: 1.6.3 | B200: 路基整理 | C200: M2 | D200: 4589 | E200: 11.6 | F200: 53232.4 | G200: 0233600002 分析表139_x000D_
A201: 1.6.4 | B201: 瀝青透層，中凝油溶瀝青，MC-70 | C201: M2 | D201: 4589 | E201: 42.46 | F201: 194848.94 | G201: 0274512002 分析表140_x000D_
A202: 1.6.5 | B202: 瀝青黏層，快凝油溶瀝青，RC-70 | C202: M2 | D202: 13765 | E202: 15.96 | F202: 219689.4 | G202: 0274711002 分析表141_x000D_
A203: 1.6.6 | B203: 結構用混凝土，預拌，140kgf/cm2 | C203: M3 | D203: 49 | E203: 3114.97 | F203: 152633.53 | G203: 0331023003 分析表20_x000D_
A204: 1.6.7 | B204: 結構用混凝土，預拌，210kgf/cm2 | C204: M3 | D204: 328 | E204: 3320.96 | F204: 1089274.9 | G204: 0331025003 分析表21_x000D_
A205: 1.6.8 | B205: 結構用混凝土，泵送及澆注費 | C205: M3 | D205: 377 | E205: 199.99 | F205: 75396.23 | G205: 03310000Z5
A206: 1.6.9 | B206: 清水模板，丙種 | C206: M2 | D206: 867 | E206: 698.28 | F206: 605408.76 | G206: 0311021302n 分析表131_x000D_ 本項納入(清水木模)物價指數調整
A207: 1.6.10 | B207: 普通模板，丙種 | C207: M2 | D207: 1257 | E207: 533.61 | F207: 670747.77 | G207: 0311011302z 分析表22_x000D_ U型構，集水井，排水箱涵等。本項納入(普通模板)物價指數調整
A208: 1.6.11 | B208: 鋼筋，SD280W | C208: KG | D208: 12810 | E208: 36.4 | F208: 466284 | G208: 0321040009z 分析表19_x000D_ 本項納入(鋼筋)物價指數調整
A209: 1.6.12 | B209: 鍍鋅格柵蓋板，(框53.6cm，蓋45cm)，細目型 | C209: 組 | D209: 158 | E209: 3615.1 | F209: 571185.8 | G209: 0553062008 分析表142_x000D_ #本項納入「金屬製品類」物價指數調整
... A211: 1.6.14 | B211: 伸縮縫 | C211: M | D211: 155 | E211: 138.84 | F211: 21520.2 | G211: 0315030001 分析表41_x000D_
A212: (七) | B212: 植栽工程 | C212: 式 | D212: 1 | F212: 441541.64
A213: 1.7.1 | B213: 植栽，客土，砂質壤土 | C213: C.M3 | D213: 1 | E213: 704.48 | F213: 704.48 | G213: 02900B100C 分析表144_x000D_ 穴孔：D=20CM， H=20CM
A214: 1.7.2 | B214: 植栽，透氣管，HDPE | C214: 支 | D214: 1 | E214: 399.98 | F214: 399.98 | G214: 02900U105A #保護樹、移植喬木
A215: 1.7.3 | B215: 移植，喬木類移植，5≦米高直徑<10cm | C215: 株 | D215: 1 | E215: 3569.75 | F215: 3569.75 | G215: 029051300A 分析表145_x000D_ #保活一年
A216: 1.7.4 | B216: 移植，喬木類移植，10cm≦米高直徑＜15cm | C216: 株 | D216: 1 | E216: 4082.87 | F216: 4082.87 | G216: 029051400A 分析表146_x000D_ 保活一年
A217: 1.7.5 | B217: 移植，喬木類移植，15cm≦米高直徑＜20cm | C217: 株 | D217: 1 | E217: 7408.14 | F217: 7408.14 | G217: 029051500A 分析表147_x000D_ 保活一年
A218: 1.7.6 | B218: 移植，喬木類移植，20cm≦米高直徑＜25cm | C218: 株 | D218: 1 | E218: 10318.74 | F218: 10318.74 | G218: 029051600A 分析表148_x000D_ 保活一年
A219: 1.7.7 | B219: 移植，喬木類移植，25cm≦米高直徑＜30cm | C219: 株 | D219: 1 | E219: 15163.34 | F219: 15163.34 | G219: 029051700A 分析表149_x000D_ #保活一年
A220: 1.7.8 | B220: 移植，喬木類移植，30cm≦米高直徑＜35cm | C220: 株 | D220: 1 | E220: 21801.91 | F220: 21801.91 | G220: 029051800A 分析表150_x000D_ 保活一年
...

Sheet 數量計算(勇哥)
A1: 臺北市政府工務局水利工程處
A2: 數量計算書
A3: 工程名稱：磺港溪再造C段護岸及步道整建工程(三合橋至奇岩抽水站)
A4: 施工地點：北投磺港溪 | F4: 工程編號：111 070020302 038 02
A5: 項次 | B5: 項目及說明 | C5: 單位 | D5: 原契約數量 | E5: 變更後數量 | F5: 計算式 | H5: 113/7施作數量 | I5: 合計 | M5: 113/7累計計價數量 | N5: 尚未計價 | O5: 113/8數量=
A6: 壹 | B6: 發包工程費 | C6: 式 | D6: 1
A7: 一 | B7: 工程費 | C7: 式 | D7: 1
A8: (一) | B8: 整備工程 | C8: 式 | D8: 1
A9: 1.1.1 | B9: 機械拆除，瀝青混凝土，未含運費 | C9: M3 | D9: 720.24 | F9: 緣石邊及人孔處(河.LT000~290+RT000~060) | G9: =(290*2*0.15*0.2+12*5*0.15*0.2)+(53*2*0.14*0.2+3*4*0.15*0.2) | H9: =(290*2*0.15*0.2+12*5*0.15*0.2)+(53*2*0.15*0.2+3*4*0.14*0.2) -> 22.716 | I9: =SUM(H9:H13) -> 200.247 | M9: 123.7 | N9: =I9-M9 -> 76.547
F10: 既有磺港橋橋面 | G10: =27.2*10.5*0.25 | H10: =27.2*10.5*0.25 -> 71.4
F11: 既有磺港橋南側 | G11: =11.5*(7.5+4.5)/2*0.23 | H11: =11.5*(7.5+4.5)/2*0.23 -> 15.87
F12: 自行車道AC打除(圖說面積尚未檢核) | G12: (77.5+169.3+170.9+49.4)*0.15 | H12: =(77.5+169.3+170.9+49.4)*0.15 -> 70.065
F13: 抽水站旁 | G13: =10.8*(7.5+9.5)/2*0.22 | H13: =10.8*(7.5+9.5)/2*0.22 -> 20.196
A15: 1.1.2 | B15: 機械拆除，鋼筋混凝土，未含運費 | C15: M3 | D15: 4813.44 | F15: 路側RC護欄(河.LT000~290+RT000~060) | G15: =(1.2*0.5*8*39)+(1.2*0.5*8*7) | H15: =(1.2*0.5*8*39)+(1.2*0.5*8*7) -> 220.8 | I15: =SUM(H15:H34) -> 4091.1705 | M15: 4069.6 | N15: =I15-M15 -> 21.570509
F16: 磺港橋(橋面及護欄+I梁+橫隔樑+帽梁+中墩柱) | G16: ((27.2*10.3*0.3+0.3*1.1*27.2*2)+(13.2*1.25*0.6*7*2)+(6.8*1.25*0.5*7)+(((1.9+0.8)/2*1.2*7.8)+1.9*2.5*1.2)+((1.25*1.25*3.14*3.6))) | H16: =((27.2*10.3*0.3+0.3*1.1*27.2*2)+(13.2*1.25*0.6*7*2)+(6.8*1.25*0.5*7)+(((1.9+0.8)/2*1.2*7.8)+1.9*2.5*1.2)+((1.25*1.25*3.14*3.6))) -> 306.3485
F17: 橋台+基礎+進橋台 | G17: (10.3*1.8*4.2+10.3*1.8*2.8)*2+(10.3*2.8*1.8)*2+((60.65*(3.9+2.2)/2*0.55)+(10.3*3.9*0.6)) | H17: =(10.3*1.8*4.2+10.3*1.8*2.8)*2+(10.3*2.8*1.8)*2+((60.65*(3.9+2.2)/2*0.55)+(10.3*3.9*0.6)) -> 489.22638
F18: 既有橋北側堤牆(含基礎)+既有河道底(含新舊河道銜接段) | G18: ((3.75*(0.3+0.6)/2*63.7)+(5.5*0.85*63.7))+(26.8*7*0.6+18.5*7*0.35) | H18: =((3.75*(0.3+0.6)/2*63.7)+(5.5*0.85*63.7))+(26.8*7*0.6+18.5*7*0.35) -> 563.17625
F19: 人行橋+橋台+基礎+既有河道底+樓梯 | G19: ((19.3*0.52*0.8*4)+(19.3*7.2*0.3)+(6.8*2.2*0.8*2)+(9.5*3*0.8+9.5*1.8*0.3)+(17.8*0.55*2.8*2)) | H19: =((19.3*0.52*0.8*4)+(19.3*7.2*0.3)+(6.8*2.2*0.8*2)+(9.5*3*0.8+9.5*1.8*0.3)+(17.8*0.55*2.8*2)) -> 180.4932
F20: 既有人行道(路.S120~200+河.LT017~280+河.RT005~280含護欄柱) | G20: ((0.9*0.25*80)+(1.25*0.25*263)+(1.15*0.2*263+0.5*0.5*1.05*31)) | H20: =((0.9*0.25*80)+(1.25*0.25*263)+(1.15*0.2*263+0.5*0.5*1.05*31)) -> 168.815
F21: 既有台電(路N.河.LT017~280含手孔) | G21: ((1.1*0.8-(0.04*0.04*3.14*6))*263+(1.15*5)) | H21: =((1.1*0.8-(0.04*0.04*3.14*6))*263+(1.15*5)) -> 229.26213
F22: 既有箱涵+閘門平台 | G22: ((2.1*2.4)-(1.5*1.75))*25.7+(2.1*1.25*0.6) | H22: =((2.1*2.4)-(1.5*1.75))*25.7+(2.1*1.25*0.6) -> 63.6405
F23: 新舊河道銜接段既有堤牆 | G23: ((3.75*(0.3+0.6)/2*35.65)+(5.5*0.85*35.65)) | H23: =((3.75*(0.3+0.6)/2*35.65)+(5.5*0.85*35.65)) -> 226.82312
F24: 河.070處樓梯+既有牆 | G24: ((3.75*(0.3+0.6)/2*6.7)+(2.1*0.6*18.7)+(0.35*1.5*18.7)+(0.35*3.75*3.2)) | H24: =((3.75*(0.3+0.6)/2*6.7)+(2.1*0.6*18.7)+(0.35*1.5*18.7)+(0.35*3.75*3.2)) -> 48.88575
F25: 既有排水溝(含蓋板)(路.N130~420) | G25: (277.6*0.525) | H25: =(277.6*0.525) -> 145.74
F26: 既有管涵+集水井 | G26: (1.1*0.35*196.3)+((0.38*0.38*3.14-0.3*0.3*3.14)*196.3)+2.85*2 | H26: =(1.1*0.35*196.3)+((0.38*0.38*3.14-0.3*0.3*3.14)*196.3)+2.85*2 -> 114.80668
F27: 公園步道及鋪面(圖說面積尚未檢核) | G27: (401.1+1104.5+1276+169.3+767.7+52.1)*0.3 | H27: =(401.1+1104.5+1276+169.3+767.7+52.1)*0.3 -> 1131.21
F28: 自行車道基礎(圖說面積尚未檢核) | G28: (77.5+169.3+170.9+49.4)*0.25 | H28: =(77.5+169.3+170.9+49.4)*0.25 -> 116.775
F29: 綠帶槽緣石+石椅(尚未檢核) | G29: ((112.1+241.1+229.5+0+60.8+0)*0.033)+((3+8+5.7+2.9)*0.5*0.75) | H29: =((112.1+241.1+229.5+0+60.8+0)*0.033)+((3+8+5.7+2.9)*0.5*0.75) -> 28.5855
F30: 河.260~280處既有基礎+路燈基礎 | G30: (0.8*(0.75+0.35)/2*18.2)+(0.8*0.8*1.45*7) | H30: =(0.8*(0.75+0.35)/2*18.2)+(0.8*0.8*1.45*7) -> 14.504
F31: 單孔000~064(清江+2處過路堤牆+抽水井處) | G31: (0.25*1.65*39)+((3.5*(0.3+0.6)/2*5.6)+(2.1*0.6*2.3))+(6.2*5.3*0.35+2.1*2.2*0.6) | H31: =(0.25*1.65*39)+((3.5*(0.3+0.6)/2*5.6)+(2.1*0.6*2.3))+(6.2*5.3*0.35+2.1*2.2*0.6) -> 42.0785
A35: 1.1.3 | B35: 盤踞切割 | C35: M | D35: 1743 | F35: 磺港橋(橋面及護欄+I梁+橫隔樑+帽梁+墩柱) | G35: =(27.2*16+10.5*6)+(1.25*6*12*5)+(2.3*6*7*2)+(3.8*6+5.2*8)+(2.5*3.14*6) | H35: =(27.2*16+10.5*6)+(1.25*6*12*5)+(2.3*6*7*2)+(3.8*6+5.2*8)+(2.5*3.14*6) -> 1252.9 | I35: =SUM(H35:H37) -> 1747.3 | M35: 1741.3 | N35: =I35-M35 -> 6
F36: 人行橋(希冀橋)含下方基礎 | G36: =18*12+8.5*4+(1.1*6*12*3+0.8)+(3*2) | H36: =18*12+8.5*4+(1.1*6*12*3+0.8)+(3*2) -> 494.4
A38: 1.1.4 | B38: 基地及路幅開挖，未含運費，(機械挖，0.7～0.79m3開挖機) | C38: B.M3 | D38: 26370 | E38: 28009.56 | F38: 新設河道斷面計算(尚未檢核) | G38: 新設河道斷面計算 | H38: 26370 | I38: =SUM(H38:H41) -> 28009.56 | M38: 25080 | N38: =I38-M38 -> 2929.56
F39: 磺港橋及希冀橋橋台清障開挖+單孔過路段及清江公園 | G39: ((5*6*6.5*2)+(13*3.5*6.8)+(3.2*8.5*1.6))+((747.2+149.44)) | H39: =((5*6*6.5*2)+(13*3.5*6.8)+(3.2*8.5*1.6))+((747.2+149.44)) -> 1639.56
A42: 1.1.5 | B42: 瀝青混凝土面層刨除，刨除料運費 | C42: M3 | D42: 4726.67 | F42: 既有道路(路.S145~200+路.N140~420) | G42: (7.5*55*0.24)+(9.6*37*0.25)+(7.1*243*0.24) | H42: =(7.5*55*0.24)+(9.6*37*0.25)+(7.1*243*0.24) -> 601.872 | I42: =SUM(H42:H44) -> 601.872 | M42: 569.4 | N42: =I42-M42 -> 32.472
A45: 1.1.6 | B45: 利用填方，含夯實 | C45: M3 | D45: 13120 | F45: 磺港橋及希冀橋基樁區回填 | G45: (16.5*9.2*4.6+21.2*4.7*4.2)+(11.2*3.2*4.6)+(9.5*3.5*2.9) | H45: =(16.5*9.2*4.6+21.2*4.7*4.2)+(11.2*3.2*4.6)+(9.5*3.5*2.9) -> 1378.057 | I45: =SUM(H45:H51) -> 3967.777 | M45: 2172 | N45: =I45-M45 -> 1795.777
F46: 新設LT堤牆(L=52.3M)回填 | G46: (0.8*4.5*52.3)+(1.2*4.5*52.3) | H46: =(0.8*4.5*52.3)+(1.2*4.5*52.3) -> 470.7
F47: 砌石RT植栽槽回填(面積尚未檢核) | G47: 381.5*0.8 | H47: =381.5*0.8 -> 305.2
F48: 單孔箱涵過路段及清江公園 | G48: (0.8*1.9*2*23+3.4*2.7*23)+(0.8*2.1*2*41) | H48: =(0.8*1.9*2*23+3.4*2.7*23)+(0.8*2.1*2*41) -> 418.82
F49: 單孔箱涵064~300
F50: 雙孔箱涵000~280 | G50: 113/8數量=775*1.8 | H50: =775*1.8 -> 1395
A52: 1.1.7 | B52: 餘方遠運處理(台北港) | C52: B.M3 | D52: 13251 | F52: 統計聯單 | G52: 統計聯單 | H52: 10404 | I52: =H52 -> 10404 | M52: 10404 | N52: =I52-M52 -> 0
A53: 1.1.8 | B53: 餘方自行處理(房屋廢方，含水土保持) | C53: M3 | D53: 4601.44
A54: 1.1.9 | B54: 瀝青混凝土面層刨除，厚5cm，刨除機1.2m寬，含瀝青鋪面打毛(未含運費) | C54: M2 | D54: 2588.5
A56: 1.1.10 | B56: 瀝青混凝土面層刨除，厚10cm，刨除機2.2m寬，未含運費 | C56: M2 | D56: 9177 | F56: 既有道路(路.S145~200+路.N140~420) | G56: (7.5*55*2.5)+(9.6*37*2.5)+(7.1*243*2.5) | H56: =(7.5*55*2.5)+(9.6*37*2.5)+(7.1*243*2.5) -> 6232.5 | I56: =H56 -> 6232.5 | M56: 4745 | N56: =I56-M56 -> 1487.5
A58: 1.1.11 | B58: 切割瀝青混凝土或無筋混凝土，5cm≦切割深度＜10cm | C58: M | D58: 162.5 | F58: 既有道路(路.S120.S200.N130.N420處) | G58: (27.9+9.6+7.5+7.1) | H58: =(27.9+9.6+7.5+7.1) -> 52.1 | I58: =H58 -> 52.1 | M58: 0 | N58: =I58-M58 -> 52.1
A60: 1.1.12 | B60: 清除及掘除，雜草雜木，含垃圾撿除，人工割 | C60: M2 | D60: 5217.7 | F60: 環境清整公園面積(面積尚未檢核) | G60: 環境清整公園面積 | H60: 3637 | I60: =H60 -> 3637 | M60: 3637 | N60: =I60-M60 -> 0
A62: 1.1.13 | B62: 垃圾及廢棄物(以體積計)清運 | C62: M3 | D62: 782.66 | F62: 統計聯單 | G62: 統計聯單.113/8數量=14 | H62: =61+14 -> 75 | I62: =H62 -> 75 | M62: 61 | N62: =I62-M62 -> 14
A63: 1.1.14 | B63: 節塊吊放 | C63: 次 | D63: 425 | F63: 既有磺港橋(橋面+I梁+橫隔樑+帽梁+墩柱)+既有人行橋(希冀橋) | G63: 425 | H63: 425 | I63: =H63 -> 425 | M63: 425 | N63: =I63-M63 -> 0
A64: 1.1.15 | B64: 機械拆除，工地雜項拆除清理，欄杆，含運費 | C64: M | D64: 255.5 | F64: 既有道路(路.S145~180LT+S145~180RT+路.N140~420LT) | G64: 35+(55-0.5*7)+(27*8+6.5+5.3) | H64: =35+(55-0.5*7)+(27*8+6.5+5.3) -> 314.3 | I64: =H64 -> 314.3 | M64: 176 | N64: =I64-M64 -> 138.3
A67: 1.1.16 | B67: 土方運送(百齡抽水站) | C67: 趟 | D67: 2204 | F67: 統計聯單 | G67: 統計聯單.113/8數量=306 | H67: =1633+306 -> 1939 | I67: =H67 -> 1939 | M67: 1633 | N67: =I67-M67 -> 306
A68: 1.1.17 | B68: 既有路燈拆除繳回 | C68: 盞 | D68: 66 | F68: 高柱單盞9盞、矮柱單盞12盞、 矮柱雙盞22盞 | G68: 9+12+22*2 | H68: =9+12+22*2 -> 65 | I68: =H68 -> 65 | M68: 65 | N68: =I68-M68 -> 0
A69: 1.1.18 | B69: 座椅拆除繳回 | C69: 座 | D69: 18 | G69: (2+7+6+3) | H69: 18 | I69: =H69 -> 18 | M69: 14 | N69: =I69-M69 -> 4
A70: 1.1.19 | B70: 解說牌拆除 | C70: 座 | D70: 4 | I70: =H70 -> 0 | M70: 0 | N70: =I70-M70 -> 0
A71: 1.1.20 | B71: 自行車架拆除 | C71: 座 | D71: 20 | F71: 自行車架拆除20座 | H71: 20 | I71: =H71 -> 20 | M71: 0 | N71: =I71-M71 -> 20
A72: 1.1.21 | B72: 交通牌誌拆除 | C72: 座 | D72: 15 | F72: 既有磺港橋 | G72: 10 | H72: 10 | I72: =H72 -> 10 | M72: 10 | N72: =I72-M72 -> 0
A74: 1.1.22 | B74: 既有水利設施拆除及運送 | C74: 式 | D74: 1 | F74: 閘門及既有水利設施 | H74: 1 | I74: =H74 -> 1 | M74: 1 | N74: =I74-M74 -> 0
A75: 1.1.23 | B75: 交通維持，道路管制人員，日間(06-22時)，義交 | C75: 時 | D75: 30800 | F75: 統計單據 | G75: 統計單據.113/8數量=3220 | H75: =14761+3220 -> 17981 | I75: =H75 -> 17981 | M75: 14761 | N75: =I75-M75 -> 3220
A76: 1.1.24 | B76: 表土清除，堆置，及回填費，t=30cm | C76: M2 | E76: 2150 | F76: 百齡暫置場整地 | G76: 2150 | H76: 2150 | I76: =H76 -> 2150 | M76: 2150 | N76: =I76-M76 -> 0
A77: 1.1.25 | B77: 餘土分類處理 | C77: 日 | E77: 111 | F77: 實際施作統計日報 | G77: 實際施作統計日報 | H77: 86 | I77: =H77 -> 86 | M77: 86 | N77: =I77-M77 -> 0
A78: (二) | B78: 土建景觀工程 | C78: 式 | D78: 1
A79: 1.2.1 | B79: 構造物回填，回填及夯實(實際) | C79: C.M3 | D79: 1887.64 | M79: 0
A80: 1.2.2 | B80: 構造物回填，回填及夯實，人工夯實 | C80: C.M3 | D80: 402.21 | M80: 0
A81: 1.2.3 | B81: 鋼筋，SD280W | C81: KG | D81: 18865.76 | M81: 0
A82: 1.2.4 | B82: 結構用混凝土，預拌，140kgf/cm2 | C82: M3 | D82: 107.91 | M82: 0
A83: 1.2.5 | B83: 結構用混凝土，預拌，210kgf/cm2 | C83: M3 | D83: 564.01 | M83: 0
A84: 1.2.6 | B84: 普通模板，丙種 | C84: M2 | D84: 1926.87 | M84: 0
A85: 1.2.7 | B85: 清水模板，鋼模 | C85: M2 | D85: 301.33 | M85: 0
A86: 1.2.8 | B86: 鍍鋅鋼料 | C86: KG | D86: 5991.34 | M86: 0
A87: 1.2.9 | B87: 金屬材料，鋼料，裁切加工銲製(工廠加工) | C87: KG | D87: 5991.34 | M87: 0
A88: 1.2.10 | B88: 結構用鋼材，銲接結構用軋鋼料，SM400B鋼構工程及製作、組立工程(含加勁板、續接板、螺絲、螺栓、螺帽等) | C88: KG | D88: 1180.03 | M88: 0
A89: 1.2.11 | B89: 透水磚紙模地坪 | C89: M2 | D89: 3879.21 | M89: 0
A90: 1.2.12 | B90: 梯形磚鋪面，149.5x(30,20)x8cmTH | C90: M2 | D90: 462.9 | M90: 0
... A114: 1.2.36 | B114: 草地座階 | C114: M | D114: 30.1 | M114: 0
A115: 1.2.37 | B115: 砌石擋牆A | C115: M | D115: 31.2 | F115: 現場丈量(尚未完成) | G115: 23.8 | H115: 21 | I115: 21 | M115: 21 | N115: =I115-M115 -> 0
A116: 1.2.38 | B116: 砌石擋牆B | C116: M | D116: 17.9 | F116: 現場丈量(尚未完成) | G116: 19.8 | H116: 15 | I116: 15 | M116: 15 | N116: =I116-M116 -> 0
A117: 1.2.39 | B117: 鋼板擋牆 | C117: M | D117: 19.6 | I117: =H117 -> 0 | M117: 0 | N117: =I117-M117 -> 0
A118: 1.2.40 | B118: 擋牆b’型 | C118: M | D118: 24.9 | M118: 0
A119: 1.2.41 | B119: 擋牆c’型 | C119: M | D119: 3.5 | M119: 0
A120: 1.2.42 | B120: 樓梯E | C120: 座 | D120: 1 | M120: 0
A121: 1.2.43 | B121: 樓梯G | C121: 座 | D121: 1 | M121: 0
A122: 1.2.44 | B122: 樓梯H | C122: 座 | D122: 1 | M122: 0
A123: 1.2.45 | B123: 樓梯J | C123: 座 | D123: 1 | M123: 0
A124: 1.2.46 | B124: 樓梯K | C124: 座 | D124: 1 | M124: 0
A125: 1.2.47 | B125: 欄杆B | C125: M | D125: 149.5 | M125: 0
A126: 1.2.48 | B126: 欄杆C | C126: M | D126: 39.3 | M126: 0
A127: 1.2.49 | B127: 護欄b | C127: M | D127: 51.3 | M127: 0
A128: 1.2.50 | B128: 地圖牌 | C128: 座 | D128: 1 | M128: 0
A129: 1.2.51 | B129: 全區導覽牌 | C129: 座 | D129: 2 | M129: 0
... A163: 1.2.85 | B163: 雨水回收槽 | C163: 座 | D163: 2 | M163: 0
A164: (三) | B164: 橋梁工程 | C164: 式 | D164: 1
A165: 1.3.1 | B165: 構造物回填，回填及夯實(實際) | C165: C.M3 | D165: 185.59 | E165: 928.51 | F165: 既有路橋及人行橋橋台清障回填 | G165: ((5*6*6.5*2)+(13*3.5*6.8)+(3.2*8.5*1.6)) | H165: =((5*6*6.5*2)+(13*3.5*6.8)+(3.2*8.5*1.6)) -> 742.92 | I165: =SUM(H165:H167) -> 839.39 | M165: 327 | N165: =I165-M165 -> 512.39
F166: 新設磺港橋及希冀橋(A2)橋台回填 | G166: (14.35*0.8*1.25+14.35*0.8*2.75+15*0.8*2.75)+((5.1+1.92)*2*1.25) | H166: =(14.35*0.8*1.25+14.35*0.8*2.75+15*0.8*2.75)+((5.1+1.92)*2*1.25) -> 96.47
A168: 1.3.2 | B168: 結構用混凝土，預拌，140kgf/cm2 | C168: M3 | D168: 26.33 | F168: 磺港橋橋台 | G168: (15.2*1.9*0.1)+(14.55*1.9*0.1) | H168: =(15.2*1.9*0.1)+(14.55*1.9*0.1) -> 5.6525 | I168: =SUM(H168:H173) -> 10.21146 | M168: 17.24 | N168: =I168-M168 -> -7.02854
F169: 希冀橋橋台 | G169: (3.08*4.87*0.1)+(3.7*1.7*0.1) | H169: =(3.08*4.87*0.1)+(3.7*1.7*0.1) -> 2.12896
F170: 橋台下方擋土牆 | G170: (16.2*1.5*0.1) | H170: =16.2*1.5*0.1 -> 2.43
F171: 晶化地坪、希冀橋人行道引道
A174: 1.3.3 | B174: 結構用混凝土，預拌，210kgf/cm2 | C174: M3 | D174: 36.86 | F174: 希冀橋無障礙警示帶、希冀橋人行道引道、透空步道混凝土踏階 | I174: =H174 -> 0 | M174: 0 | N174: =I174-M174 -> 0
A175: 1.3.4 | B175: 結構用混凝土，預拌，280kgf/cm2 | C175: M3 | D175: 654.83 | F175: 磺港橋橋台(含防震塊) | G175: ((14.35+15.2)*1.15*1.5)+((14.35+15.2)*1.5*0.5)+((14.35+15.2)*(0.42*0.3+0.4*0.42/2))+(2.2*0.45*0.75*14) | H175: =((14.35+15.2)*1.15*1.5)+((14.35+15.2)*1.5*0.5)+((14.35+15.2)*(0.42*0.3+0.4*0.42/2))+(2.2*0.45*0.75*14) -> 89.73675 | I175: =SUM(H175:H182) -> 260.30067 | M175: 200.13 | N175: =I175-M175 -> 60.170665
F176: 希冀橋橋台(含防震塊) | G176: ((2.88*4.67*1.15)+(0.5*1*(1.88+1+1.8+2.67)))+((1.5*3.5*1.15)+(0.5*3.5*1)+(0.3*1*2)+(3.5*(0.42*0.3+0.4*0.42/2))+(2.1*0.45*0.75*4)) | H176: =((2.88*4.67*1.15)+(0.5*1*(1.88+1+1.8+2.67)))+((1.5*3.5*1.15)+(0.5*3.5*1)+(0.3*1*2)+(3.5*(0.42*0.3+0.4*0.42/2))+(2.1*0.45*0.75*4)) -> 31.09954
...

Sheet 4變 (變更項目)
C1: 臺北市政府工務局水利工程處 | R1: 1
C2: 第4次變更項目對照詳細表 | R2: 1
A3: 工程名稱：磺港溪再造C段護岸及步道整建工程(三合橋至奇岩抽水站) | K3: 日期： | L3: 45672 | R3: 1
A4: 原契約分為 10 部分 本次變更 5 部分原有 393 項 | J4: 訂約總價 | L4: 257600000 | R4: 1
A5: 前經 3 次變更設計，計新增 43 項，減少 3 項，變更 27 項，變更後合計 438 項 | J5: 前次變更後總價(綜簽) | L5: 308240521 | R5: 1
A6: 本次變更設計，計新增 項，減少 項，變更 項，變更後合計 項 | J6: 本次變更後總價 | L6: =J9 -> 3.2364757e+08 | R6: 1
A7: 項次 | B7: 項目名稱 | C7: 單位 | D7: 原 定 數 量 | E7: 變更後 數 量 | F7: 增 減 數 量 | G7: 契 約 單 價 | H7: 新 增 單 價 | I7: 原 訂 合 價 | J7: 變更後 合價 | K7: 追加 | L7: 追減 | M7: 備註 | O7: 變更依據 | P7: 數量計算式 | Q7: 變更原因 | R7: 1
R8: 1
A9: 壹 | B9: 發包工程費 | C9: 式 | G9: =I9 -> 3.0824052e+08 | I9: =I10+I354+I380+I420+I424+I444+I464+I467+I468+I470 -> 3.0824052e+08 | J9: =J10+J354+J380+J420+J424+J444+J464+J467+J468+J470 -> 3.2364757e+08 | K9: =K10+K354+K380+K420+K424+K444+K464+K467+K468+K470 -> 23104847 | L9: =L10+L354+L380+L420+L424+L444+L464+L467+L468+L470 -> -7697802.7 | O9: =K9+L9 -> 15407045 | P9: =J9-I9 -> 15407045 | R9: 1
A10: 一 | B10: 工程費 | C10: 式 | G10: =I10 -> 2.3286809e+08 | I10: =I11+I37+I126+I166+I195+I215+I232+I310+I344 -> 2.3286809e+08 | J10: =J11+J37+J126+J166+J195+J215+J232+J310+J344 -> 2.4546399e+08 | K10: =K11+K37+K126+K166+K195+K215+K232+K310+K344 -> 20293706 | L10: =L11+L37+L126+L166+L195+L215+L232+L310+L344 -> -7697802.7 | R10: 1
A11: (一) | B11: 整備工程 | C11: 式 | G11: 61233816 | I11: =SUM(I12:I36) -> 61233816 | J11: =SUM(J12:J36) -> 61418256 | K11: =SUM(K12:K36) -> 5176911.3 | L11: =SUM(L12:L36) -> -4992470.4 | R11: 1
A12: 1 | B12: 機械拆除，瀝青混凝土，未含運費 | C12: M3 | D12: 720.24 | E12: =估驗單!F8 -> 720.24 | G12: 193.11 | I12: =ROUND(D12*G12,2) -> 139085.55 | J12: =ROUND(E12*G12,2) -> 139085.55 | K12: =J12-I12 -> 0 | L12: =I12-J12 -> 0
A13: 2 | B13: 機械拆除，鋼筋混凝土，未含運費 | C13: M3 | D13: 4813.44 | E13: =估驗單!F9 -> 4813.44 | G13: 1046.16 | I13: =ROUND(D13*G13,2) -> 5035628.4 | J13: =ROUND(E13*G13,2) -> 5035628.4 | K13: =J13-I13 -> 0 | L13: =I13-J13 -> 0
A14: 3 | B14: 盤踞切割 | C14: M | D14: 1743 | E14: =估驗單!F10 -> 1743 | G14: 6199.66 | I14: =ROUND(D14*G14,2) -> 10806007 | J14: =ROUND(E14*G14,2) -> 10806007 | K14: =J14-I14 -> 0 | L14: =I14-J14 -> 0
A15: 4 | B15: 基地及路幅開挖，未含運費，(機械挖，0.7～0.79m3開挖機) | C15: B.M3 | D15: 28009.56 | E15: =估驗單!F11 -> 28009.56 | G15: 48.28 | I15: =ROUND(D15*G15,2) -> 1352301.6 | J15: =ROUND(E15*G15,2) -> 1352301.6 | O15: 112.12.12北市工水工字第1126067256號結論5 113.7.2北市工水工字第1136038674號 | Q15: 集水井、管涵減作挖方減少 箱涵高程調整
A16: 5 | B16: 瀝青混凝土面層刨除，刨除料運費 | C16: M3 | D16: 4726.67 | E16: =估驗單!F12 -> 4726.67 | G16: 599.71 | I16: =ROUND(D16*G16,2) -> 2834631.3 | J16: =ROUND(E16*G16,2) -> 2834631.3 | K16: =J16-I16 -> 0 | L16: =I16-J16 -> 0
A17: 6 | B17: 利用填方，含夯實 | C17: M3 | D17: 13120 | E17: =估驗單!F13 -> 13120 | G17: 104.64 | I17: =ROUND(D17*G17,2) -> 1372876.8 | J17: =ROUND(E17*G17,2) -> 1372876.8 | K17: =J17-I17 -> 0 | O17: 113.1.15北市工水工字第1136007935號結論3 113.7.2北市工水工字第1136038674號 | P17: (5.46*7.42/2-5.46*3.71/2)*50=506.42 | Q17: 低水護岸坡度調整1:2 箱涵高程調整
A18: 7 | B18: 餘方遠運處理(台北港) | C18: B.M3 | D18: 13251 | E18: ='數量計算(FOR4變)'!I54 -> 18245 | F18: =E18-D18 -> 4994 | G18: 1027.37 | I18: =ROUND(D18*G18,2) -> 13613680 | J18: =ROUND(E18*G18,2) -> 18744366 | K18: =J18-I18 -> 5130685.8 | M18: 不含基樁產出375.67，只請聯單不另給價 | O18: 發公文呈請簽核 | P18: 4601.44+231.09+161.39=4994 | Q18: 房屋廢方、基樁、PC樁產出餘方(非泥漿)改運台北港 | R18: 1
A19: 8 | B19: 餘方自行處理(房屋廢方，含水土保持) | C19: M3 | D19: 4601.44 | E19: =估驗單!F15 -> 0_x000D_ | F19: =0-D19 -> -4601.44 | G19: 1084.98 | I19: =ROUND(D19*G19,2) -> 4992470.4 | J19: 0 | L19: =J19-I19 -> -4992470.4 | O19: 發公文呈請簽核 | Q19: 自行處理擬運送台北港收容 | R19: 1
A20: 9 | B20: 瀝青混凝土面層刨除，厚5cm，刨除機1.2m寬，含瀝青鋪面打毛(未含運費) | C20: M2 | D20: 2588.5 | E20: =估驗單!F16 -> 2588.5 | G20: 30.45 | I20: =ROUND(D20*G20,2) -> 78819.83 | J20: =ROUND(E20*G20,2) -> 78819.83 | K20: =J20-I20 -> 0 | L20: =I20-J20 -> 0
A21: 10 | B21: 瀝青混凝土面層刨除，厚10cm，刨除機2.2m寬，未含運費 | C21: M2 | D21: 9177 | E21: =估驗單!F17 -> 9177 | G21: 28.48 | I21: =ROUND(D21*G21,2) -> 261360.96 | J21: =ROUND(E21*G21,2) -> 261360.96 | K21: =J21-I21 -> 0 | L21: =I21-J21 -> 0
A22: 11 | B22: 切割瀝青混凝土或無筋混凝土，5cm≦切割深度＜10cm | C22: M | D22: 162.5 | E22: =估驗單!F18 -> 162.5 | G22: 65.4 | I22: =ROUND(D22*G22,2) -> 10627.5 | J22: =ROUND(E22*G22,2) -> 10627.5 | K22: =J22-I22 -> 0 | L22: =I22-J22 -> 0
A23: 12 | B23: 清除及掘除，雜草雜木，含垃圾撿除，人工割 | C23: M2 | D23: 5217.7 | E23: =估驗單!F19 -> 5217.7 | G23: 20.19 | I23: =ROUND(D23*G23,2) -> 105345.36 | J23: =ROUND(E23*G23,2) -> 105345.36 | K23: =J23-I23 -> 0 | L23: =I23-J23 -> 0
A24: 13 | B24: 垃圾及廢棄物(以體積計)清運 | C24: M3 | D24: 782.66 | E24: =估驗單!F20 -> 782.66 | G24: 2286.68 | I24: =ROUND(D24*G24,2) -> 1789693 | J24: =ROUND(E24*G24,2) -> 1789693 | K24: =J24-I24 -> 0 | L24: =I24-J24 -> 0
A25: 14 | B25: 節塊吊放 | C25: 次 | D25: 425 | E25: =估驗單!F21 -> 425 | G25: 521.15 | I25: =ROUND(D25*G25,2) -> 221488.75 | J25: =ROUND(E25*G25,2) -> 221488.75 | K25: =J25-I25 -> 0 | L25: =I25-J25 -> 0
A26: 15 | B26: 機械拆除，工地雜項拆除清理，欄杆，含運費 | C26: M | D26: 255.5 | E26: =估驗單!F22 -> 415.08 | F26: =E26-D26 -> 159.58 | G26: 289.67 | I26: =ROUND(D26*G26,2) -> 74010.69 | J26: =ROUND(E26*G26,2) -> 120236.22 | K26: =J26-I26 -> 46225.53 | O26: 113.8.20北市工水工字第1136047137號結論(8) | P26: 34.27+66.51+58.80 | Q26: 既有欄杆老舊損傷，為維護行人通行安全及美觀 | R26: 1
A27: 16 | B27: 土方運送(百齡抽水站) | C27: 趟 | D27: 2204 | E27: =估驗單!F23 -> 2204 | G27: 3082.11 | I27: =ROUND(D27*G27,2) -> 6792970.4 | J27: =ROUND(E27*G27,2) -> 6792970.4 | K27: =J27-I27 -> 0 | L27: =I27-J27 -> 0
A28: 17 | B28: 既有路燈拆除繳回 | C28: 盞 | D28: 66 | E28: =估驗單!F24 -> 66 | G28: 3311.26 | I28: =ROUND(D28*G28,2) -> 218543.16 | J28: =ROUND(E28*G28,2) -> 218543.16 | K28: =J28-I28 -> 0 | L28: =I28-J28 -> 0
A29: 18 | B29: 座椅拆除繳回 | C29: 座 | D29: 18 | E29: =估驗單!F25 -> 18 | G29: 1199.93 | I29: =ROUND(D29*G29,2) -> 21598.74 | J29: =ROUND(E29*G29,2) -> 21598.74 | K29: =J29-I29 -> 0 | L29: =I29-J29 -> 0
A30: 19 | B30: 解說牌拆除 | C30: 座 | D30: 4 | E30: =估驗單!F26 -> 4 | G30: 2999.84 | I30: =ROUND(D30*G30,2) -> 11999.36 | J30: =ROUND(E30*G30,2) -> 11999.36 | K30: =J30-I30 -> 0 | L30: =I30-J30 -> 0
A31: 20 | B31: 自行車架拆除 | C31: 座 | D31: 20 | E31: =估驗單!F27 -> 20 | G31: 2999.84 | I31: =ROUND(D31*G31,2) -> 59996.8 | J31: =ROUND(E31*G31,2) -> 59996.8 | K31: =J31-I31 -> 0 | L31: =I31-J31 -> 0
A32: 21 | B32: 交通牌誌拆除 | C32: 座 | D32: 15 | E32: =估驗單!F28 -> 15 | G32: 2999.84 | I32: =ROUND(D32*G32,2) -> 44997.6 | J32: =ROUND(E32*G32,2) -> 44997.6 | K32: =J32-I32 -> 0 | L32: =I32-J32 -> 0
A33: 22 | B33: 既有水利設施拆除及運送 | C33: 式 | D33: 1 | E33: =估驗單!F29 -> 1 | G33: 399978.19 | I33: =ROUND(D33*G33,2) -> 399978.19 | J33: =ROUND(E33*G33,2) -> 399978.19 | K33: =J33-I33 -> 0 | L33: =I33-J33 -> 0
A34: 23 | B34: 交通維持，道路管制人員，日間(06-22時)，義交 | C34: 時 | D34: 30800 | E34: =估驗單!F30 -> 30800 | F34: =E34-D34 -> 0 | G34: 280 | I34: =ROUND(D34*G34,2) -> 8624000 | J34: =ROUND(E34*G34,2) -> 8624000 | K34: =J34-I34 -> 0 | L34: =I34-J34 -> 0
A35: 24 | B35: 表土清除，堆置，及回填費，t=30cm | C35: M2 | D35: 2150 | E35: =估驗單!F31 -> 2150 | F35: =E35-D35 -> 0 | G35: 70.56 | I35: =ROUND(D35*G35,2) -> 151704 | J35: =ROUND(E35*G35,2) -> 151704 | K35: =J35-I35 -> 0 | L35: =I35-J35 -> 0
A36: 25 | B36: 餘土分類處理 | C36: 日 | D36: 111 | E36: =估驗單!F32 -> 111 | F36: =E36-D36 -> 0 | G36: 20000 | I36: =ROUND(D36*G36,2) -> 2220000 | J36: =ROUND(E36*G36,2) -> 2220000 | K36: =J36-I36 -> 0 | L36: =I36-J36 -> 0
A37: (二) | B37: 土建景觀工程 | C37: 式 | E37: =估驗單!F33 -> 0 | F37: =E37-D37 -> 0 | G37: 30807124 | I37: =SUM(I38:I125) -> 30807124 | J37: =SUM(J38:J125) -> 32286203 | K37: =SUM(K38:K125) -> 3305690.7 | L37: =SUM(L38:L125) -> -1826612.4 | R37: 1
A38: 1 | B38: 構造物回填，回填及夯實(實際) | C38: C.M3 | D38: 1887.64 | E38: =估驗單!F34 -> 1887.64 | F38: =E38-D38 -> 0 | G38: 320.72 | I38: =ROUND(D38*G38,2) -> 605403.9 | J38: =ROUND(E38*G38,2) -> 605403.9 | K38: =J38-I38 -> 0
A39: 2 | B39: 構造物回填，回填及夯實，人工夯實 | C39: C.M3 | D39: 402.21 | E39: =估驗單!F35 -> 402.21 | F39: =E39-D39 -> 0 | G39: 346.06 | I39: =ROUND(D39*G39,2) -> 139188.79 | J39: =ROUND(E39*G39,2) -> 139188.79 | K39: =J39-I39 -> 0
A40: 3 | B40: 鋼筋，SD280W | C40: KG | D40: 18865.76 | E40: =估驗單!F36 -> 18865.76 | F40: =E40-D40 -> 0 | G40: 36.4 | I40: =ROUND(D40*G40,2) -> 686713.66 | J40: =ROUND(E40*G40,2) -> 686713.66 | K40: =J40-I40 -> 0
A41: 4 | B41: 結構用混凝土，預拌，140kgf/cm2 | C41: M3 | D41: 107.91 | E41: =估驗單!F37 -> 107.91 | F41: =E41-D41 -> 0 | G41: 3114.97 | I41: =ROUND(D41*G41,2) -> 336136.41 | J41: =ROUND(E41*G41,2) -> 336136.41 | K41: =J41-I41 -> 0
A42: 5 | B42: 結構用混凝土，預拌，210kgf/cm2 | C42: M3 | D42: 564.01 | E42: =估驗單!F38 -> 564.01 | F42: =E42-D42 -> 0 | G42: 3320.96 | I42: =ROUND(D42*G42,2) -> 1873054.6 | J42: =ROUND(E42*G42,2) -> 1873054.6 | K42: =J42-I42 -> 0
A43: 6 | B43: 普通模板，丙種 | C43: M2 | D43: 1926.87 | E43: =估驗單!F39 -> 1926.87 | F43: =E43-D43 -> 0 | G43: 533.61 | I43: =ROUND(D43*G43,2) -> 1028197.1 | J43: =ROUND(E43*G43,2) -> 1028197.1 | K43: =J43-I43 -> 0
A44: 7 | B44: 清水模板，鋼模 | C44: M2 | D44: 301.33 | E44: =估驗單!F40 -> 301.33 | F44: =E44-D44 -> 0 | G44: 1299.82 | I44: =ROUND(D44*G44,2) -> 391674.76 | J44: =ROUND(E44*G44,2) -> 391674.76 | K44: =J44-I44 -> 0
A45: 8 | B45: 鍍鋅鋼料 | C45: KG | D45: 5991.34 | E45: =估驗單!F41 -> 5991.34 | F45: =E45-D45 -> 0 | G45: 60 | I45: =ROUND(D45*G45,2) -> 359480.4 | J45: =ROUND(E45*G45,2) -> 359480.4 | K45: =J45-I45 -> 0 | O45: 放後擴 113.8.20北市工水工字第1136047137號結論(8) | P45: (6.35*2+0.53*11)*(18.25+16+3.25)+(6.35*2+0.53*9+6.61*1)*(3.5+2.4*2+21.7+24.85+57.6+3.21)+(6.35*2+0.53*9+6.61*1)*(34.27+66.51)+((1.8+2.34)*2+1.4*8+3.144*2)*(21.65+17.75)=6922.01 | Q45: 護欄b(磺港橋+樓梯M)、欄杆B'(樓梯G、J+三合祠+護岸三左右岸+磺港橋頭)、清江公園側、欄杆C'(保護樹A、B)
A46: 9 | B46: 金屬材料，鋼料，裁切加工銲製(工廠加工) | C46: KG | D46: 5991.34 | E46: =估驗單!F42 -> 5991.34 | F46: =E46-D46 -> 0 | G46: 31.9 | I46: =ROUND(D46*G46,2) -> 191123.75 | J46: =ROUND(E46*G46,2) -> 191123.75 | K46: =J46-I46 -> 0 | O46: 放後擴 113.8.20北市工水工字第1136047137號結論(8) | P46: (6.35*2+0.53*11)*(18.25+16+3.25)+(6.35*2+0.53*9+6.61*1)*(3.5+2.4*2+21.7+24.85+57.6+3.21)+(6.35*2+0.53*9+6.61*1)*(34.27+66.51)+((1.8+2.34)*2+1.4*8+3.144*2)*(21.65+17.75)=6922.01 | Q46: 為上項材料加工費用
A47: 10 | B47: 結構用鋼材，銲接結構用軋鋼料，SM400B鋼構工程及製作、組立工程(含加勁板、續接板、螺絲、螺栓、螺帽等) | C47: KG | D47: 1180.03 | E47: =估驗單!F43 -> 1180.03 | F47: =E47-D47 -> 0 | G47: 107.3 | I47: =ROUND(D47*G47,2) -> 126617.22 | J47: =ROUND(E47*G47,2) -> 126617.22 | K47: =J47-I47 -> 0
A48: 11 | B48: 透水磚紙模地坪 | C48: M2 | D48: 3879.21 | E48: =估驗單!F44 -> 3879.21 | F48: =E48-D48 -> 0 | G48: 3092.69 | I48: =ROUND(D48*G48,2) -> 11997194 | J48: =ROUND(E48*G48,2) -> 11997194 | K48: =J48-I48 -> 0
A49: 12 | B49: 梯形磚鋪面，149.5x(30,20)x8cmTH | C49: M2 | D49: 462.9 | E49: =估驗單!F45 -> 462.9 | F49: =E49-D49 -> 0 | G49: 3961.37 | I49: =ROUND(D49*G49,2) -> 1833718.2 | J49: =ROUND(E49*G49,2) -> 1833718.2 | K49: =J49-I49 -> 0
A50: 13 | B50: 石材鋪面 | C50: M2 | D50: 5.09 | E50: =估驗單!F46 -> 5.09 | F50: =E50-D50 -> 0 | G50: 3965.59 | I50: =ROUND(D50*G50,2) -> 20184.85 | J50: =ROUND(E50*G50,2) -> 20184.85 | K50: =J50-I50 -> 0 | O50: 放後擴 | P50: 59.03+161.99+5.09+5.09+31.2+17.9=280.30 | Q50: 圖說數量計算
A51: 14 | B51: 卵石鋪面 | C51: M2 | D51: 18.76 | E51: =估驗單!F47 -> 18.76 | F51: =E51-D51 -> 0 | G51: 3391.22 | I51: =ROUND(D51*G51,2) -> 63619.29 | J51: =ROUND(E51*G51,2) -> 63619.29 | K51: =J51-I51 -> 0
A52: 15 | B52: 露骨材地坪 | C52: M2 | D52: 118.92 | E52: =估驗單!F48 -> 118.92 | F52: =E52-D52 -> 0 | G52: 773.85 | I52: =ROUND(D52*G52,2) -> 92026.24 | J52: =ROUND(E52*G52,2) -> 92026.24 | K52: =J52-I52 -> 0
A53: 16 | B53: PC地坪 | C53: M2 | D53: 173.3 | E53: =估驗單!F49 -> 173.3 | F53: =E53-D53 -> 0 | G53: 948.34 | I53: =ROUND(D53*G53,2) -> 164347.32 | J53: =ROUND(E53*G53,2) -> 164347.32 | K53: =J53-I53 -> 0
A54: 17 | B54: 格柵鋪面B | C54: 座 | D54: 1 | E54: =估驗單!F50 -> 1 | F54: =E54-D54 -> 0 | G54: 144378.63 | I54: =ROUND(D54*G54,2) -> 144378.63 | J54: =ROUND(E54*G54,2) -> 144378.63 | K54: =J54-I54 -> 0
A55: 18 | B55: 細石子鋪面 | C55: C.M3 | D55: 156.68 | E55: =估驗單!F51 -> 156.68 | F55: =E55-D55 -> 0 | G55: 145.21 | I55: =ROUND(D55*G55,2) -> 22751.5 | J55: =ROUND(E55*G55,2) -> 22751.5 | K55: =J55-I55 -> 0
A56: 19 | B56: 鋼板收邊A型 | C56: M | D56: 689.86 | E56: =估驗單!F52 -> 689.86 | F56: =E56-D56 -> 0 | G56: 2755.78 | I56: =ROUND(D56*G56,2) -> 1901102.4 | J56: =ROUND(E56*G56,2) -> 1901102.4 | K56: =J56-I56 -> 0
A57: 20 | B57: 鋼板收邊B型 | C57: M | D57: 12.91 | E57: =估驗單!F53 -> 12.91 | F57: =E57-D57 -> 0 | G57: 576.77 | I57: =ROUND(D57*G57,2) -> 7446.1 | J57: =ROUND(E57*G57,2) -> 7446.1 | K57: =J57-I57 -> 0
A58: 21 | B58: 界石收邊 | C58: M | D58: 56.09 | E58: =估驗單!F54 -> 56.09 | F58: =E58-D58 -> 0 | G58: 615.31 | I58: =ROUND(D58*G58,2) -> 34512.74 | J58: =ROUND(E58*G58,2) -> 34512.74 | K58: =J58-I58 -> 0
A59: 22 | B59: 緣石收邊 | C59: M | D59: 656.91 | E59: =估驗單!F55 -> 656.91 | F59: =E59-D59 -> 0 | G59: 685.27 | I59: =ROUND(D59*G59,2) -> 450160.72 | J59: =ROUND(E59*G59,2) -> 450160.72 | K59: =J59-I59 -> 0
A60: 23 | B60: 道路緣石收邊 | C60: M | D60: 1254.13 | E60: =估驗單!F56 -> 1254.13 | F60: =E60-D60 -> 0 | G60: 699.69 | I60: =ROUND(D60*G60,2) -> 877502.22 | J60: =ROUND(E60*G60,2) -> 877502.22 | K60: =J60-I60 -> 0
A61: 24 | B61: 道路緣石斜坡式 | C61: M | D61: 44.64 | E61: =估驗單!F57 -> 44.64 | F61: =E61-D61 -> 0 | G61: 1199.27 | I61: =ROUND(D61*G61,2) -> 53535.41 | J61: =ROUND(E61*G61,2) -> 53535.41 | K61: =J61-I61 -> 0
A62: 25 | B62: 場鑄道路緣石 | C62: M | D62: 142.26 | E62: =估驗單!F58 -> 142.26 | F62: =E62-D62 -> 0 | G62: 57.68 | I62: =ROUND(D62*G62,2) -> 8205.56 | J62: =ROUND(E62*G62,2) -> 8205.56 | K62: =J62-I62 -> 0
... A73: 36 | B73: 草地座階 | C73: M | D73: 30.1 | E73: =估驗單!F69 -> 30.1 | F73: =E73-D73 -> 0 | G73: 545.1 | I73: =ROUND(D73*G73,2) -> 16407.51 | J73: =ROUND(E73*G73,2) -> 16407.51 | K73: =J73-I73 -> 0
A74: 37 | B74: 砌石擋牆A | C74: M | D74: 31.2 | E74: =估驗單!F70 -> 35.2 | F74: =E74-D74 -> 4 | G74: 8355.11 | I74: =ROUND(D74*G74,2) -> 260679.43 | J74: =ROUND(E74*G74,2) -> 294099.87 | K74: =J74-I74 -> 33420.44 | O74: 113.2.7北市工水工字第1136012436號結論3 | P74: 23.2+12=35.2 | Q74: 保護樹AB因後續施作擋根板、擋牆與地梁結構僅距1.5M，開挖後產生崩塌情形，調整結構 | R74: 1
A75: 38 | B75: 砌石擋牆B | C75: M | D75: 17.9 | E75: =估驗單!F71 -> 24.3 | F75: =E75-D75 -> 6.4 | G75: 5394.64 | I75: =ROUND(D75*G75,2) -> 96564.06 | J75: =ROUND(E75*G75,2) -> 131089.75 | K75: =J75-I75 -> 34525.69 | O75: 113.2.7北市工水工字第1136012436號結論3 | P75: 24.3 | Q75: 保護樹AB因後續施作擋根板、擋牆與地梁結構僅距1.5M，開挖後產生崩塌情形，調整結構 | R75: 1
A76: 39 | B76: 鋼板擋牆 | C76: M | D76: 19.6 | E76: =估驗單!F72 -> 19.6 | F76: =E76-D76 -> 0 | G76: 432.57 | I76: =ROUND(D76*G76,2) -> 8478.37 | J76: =ROUND(E76*G76,2) -> 8478.37 | K76: =J76-I76 -> 0
A77: 40 | B77: 擋牆b’型 | C77: M | D77: 24.9 | E77: =估驗單!F73 -> 24.9 | F77: =E77-D77 -> 0 | G77: 1224.22 | I77: =ROUND(D77*G77,2) -> 30483.08 | J77: =ROUND(E77*G77,2) -> 30483.08 | K77: =J77-I77 -> 0
A78: 41 | B78: 擋牆c’型 | C78: M | D78: 3.5 | E78: =估驗單!F74 -> 3.5 | F78: =E78-D78 -> 0 | G78: 1148.63 | I78: =ROUND(D78*G78,2) -> 4020.21 | J78: =ROUND(E78*G78,2) -> 4020.21 | K78: =J78-I78 -> 0
A79: 42 | B79: 樓梯E | C79: 座 | D79: 1 | E79: =估驗單!F75 -> 1 | F79: =E79-D79 -> 0 | G79: 5698.63 | I79: =ROUND(D79*G79,2) -> 5698.63 | J79: =ROUND(E79*G79,2) -> 5698.63 | K79: =J79-I79 -> 0
A80: 43 | B80: 樓梯G | C80: 座 | D80: 1 | E80: =估驗單!F76 -> 1 | F80: =E80-D80 -> 0 | G80: 5963.22 | I80: =ROUND(D80*G80,2) -> 5963.22 | J80: =ROUND(E80*G80,2) -> 5963.22 | K80: =J80-I80 -> 0
A81: 44 | B81: 樓梯H | C81: 座 | D81: 1 | E81: =估驗單!F77 -> 1 | F81: =E81-D81 -> 0 | G81: 1421.11 | I81: =ROUND(D81*G81,2) -> 1421.11 | J81: =ROUND(E81*G81,2) -> 1421.11 | K81: =J81-I81 -> 0
A82: 45 | B82: 樓梯J | C82: 座 | D82: 1 | E82: =估驗單!F78 -> 1 | F82: =E82-D82 -> 0 | G82: 4031.83 | I82: =ROUND(D82*G82,2) -> 4031.83 | J82: =ROUND(E82*G82,2) -> 4031.83 | K82: =J82-I82 -> 0
A83: 46 | B83: 樓梯K | C83: 座 | D83: 1 | E83: =估驗單!F79 -> 1 | F83: =E83-D83 -> 0 | G83: 3313.67 | I83: =ROUND(D83*G83,2) -> 3313.67 | J83: =ROUND(E83*G83,2) -> 3313.67 | K83: =J83-I83 -> 0
A84: 47 | B84: 欄杆B | C84: M | D84: 149.5 | E84: =估驗單!F80 -> 149.5 | F84: =E84-D84 -> 0 | G84: 1975.94 | I84: =ROUND(D84*G84,2) -> 295403.03 | J84: =ROUND(E84*G84,2) -> 295403.03 | K84: =J84-I84 -> 0
A85: 48 | B85: 欄杆C | C85: M | D85: 39.3 | E85: =估驗單!F81 -> 39.3 | F85: =E85-D85 -> 0 | G85: 4874.23 | I85: =ROUND(D85*G85,2) -> 191557.24 | J85: =ROUND(E85*G85,2) -> 191557.24 | K85: =J85-I85 -> 0
A86: 49 | B86: 護欄b | C86: M | D86: 51.3 | E86: =估驗單!F82 -> 51.3 | F86: =E86-D86 -> 0 | G86: 2938.96 | I86: =ROUND(D86*G86,2) -> 150768.65 | J86: =ROUND(E86*G86,2) -> 150768.65 | K86: =J86-I86 -> 0
A87: 50 | B87: 地圖牌 | C87: 座 | D87: 1 | E87: =估驗單!F83 -> 1 | F87: =E87-D87 -> 0 | G87: 23029.53 | I87: =ROUND(D87*G87,2) -> 23029.53 | J87: =ROUND(E87*G87,2) -> 23029.53 | K87: =J87-I87 -> 0
... A107: 70 | B107: 巢箱 | C107: 組 | D107: 3 | E107: =估驗單!F103 -> 3 | F107: =E107-D107 -> 0 | G107: 4575.03 | I107: =ROUND(D107*G107,2) -> 13725.09 | J107: =ROUND(E107*G107,2) -> 13725.09 | K107: =J107-I107 -> 0
A108: 71 | B108: 自然景石 | C108: T | D108: 88.17 | E108: =估驗單!F104 -> 88.17 | F108: =E108-D108 -> 0 | G108: 15299.17 | I108: =ROUND(D108*G108,2) -> 1348927.8 | J108: =ROUND(E108*G108,2) -> 1348927.8 | K108: =J108-I108 -> 0 | O108: 放結算5%內 | P108: (12*3234+35*1078+19*336+46*134)/1000=89.09，景石A*12景石B*35景石C*19景石D*46共112顆 | Q108: 實作數量計算
A109: 72 | B109: 陰井 | C109: 座 | D109: 25 | E109: =估驗單!F105 -> 25 | F109: =E109-D109 -> 0 | G109: 4498.31 | I109: =ROUND(D109*G109,2) -> 112457.75 | J109: =ROUND(E109*G109,2) -> 112457.75 | K109: =J109-I109 -> 0
A110: 73 | B110: PP陰井 | C110: 座 | D110: 13 | E110: =估驗單!F106 -> 13 | F110: =E110-D110 -> 0 | G110: 3353.5 | I110: =ROUND(D110*G110,2) -> 43595.5 | J110: =ROUND(E110*G110,2) -> 43595.5 | K110: =J110-I110 -> 0
A111: 74 | B111: 截水溝A型 | C111: M | D111: 9.8 | E111: =估驗單!F107 -> 9.8 | F111: =E111-D111 -> 0 | G111: 9873.85 | I111: =ROUND(D111*G111,2) -> 96763.73 | J111: =ROUND(E111*G111,2) -> 96763.73 | K111: =J111-I111 -> 0
A112: 75 | B112: 截水溝B型 | C112: M | D112: 6.2 | E112: =估驗單!F108 -> 6.2 | F112: =E112-D112 -> 0 | G112: 6554 | I112: =ROUND(D112*G112,2) -> 40634.8 | J112: =ROUND(E112*G112,2) -> 40634.8 | K112: =J112-I112 -> 0
A113: 76 | B113: 截水溝C型 | C113: M | D113: 3.3 | E113: =估驗單!F109 -> 3.3 | F113: =E113-D113 -> 0 | G113: 8390.27 | I113: =ROUND(D113*G113,2) -> 27687.89 | J113: =ROUND(E113*G113,2) -> 27687.89 | K113: =J113-I113 -> 0
A114: 77 | B114: 草溝+∮4" HDPE透水管 | C114: M | D114: 40.6 | E114: =估驗單!F110 -> 40.6 | F114: =E114-D114 -> 0 | G114: 671.95 | I114: =ROUND(D114*G114,2) -> 27281.17 | J114: =ROUND(E114*G114,2) -> 27281.17 | K114: =J114-I114 -> 0
A115: 78 | B115: ∮3"HDPE透水管 | C115: M | D115: 176.7 | E115: =估驗單!F111 -> 176.7 | F115: =E115-D115 -> 0 | G115: 658.27 | I115: =ROUND(D115*G115,2) -> 116316.31 | J115: =ROUND(E115*G115,2) -> 116316.31 | K115: =J115-I115 -> 0
A116: 79 | B116: ∮4"HDPE透水管 | C116: M | D116: 251.7 | E116: =估驗單!F112 -> 251.7 | F116: =E116-D116 -> 0 | G116: 730.37 | I116: =ROUND(D116*G116,2) -> 183834.13 | J116: =ROUND(E116*G116,2) -> 183834.13 | K116: =J116-I116 -> 0
A117: 80 | B117: ∮2"PVC排水管埋設 | C117: M | D117: 6.8 | E117: =估驗單!F113 -> 6.8 | F117: =E117-D117 -> 0 | G117: 406.38 | I117: =ROUND(D117*G117,2) -> 2763.38 | J117: =ROUND(E117*G117,2) -> 2763.38 | K117: =J117-I117 -> 0
A118: 81 | B118: ∮4"PVC排水管埋設 | C118: M | D118: 44.2 | E118: =估驗單!F114 -> 44.2 | F118: =E118-D118 -> 0 | G118: 457.88 | I118: =ROUND(D118*G118,2) -> 20238.3 | J118: =ROUND(E118*G118,2) -> 20238.3 | K118: =J118-I118 -> 0
A119: 82 | B119: ∮4B(厚管)"PVC排水管埋設 | C119: M | D119: 10.7 | E119: =估驗單!F115 -> 10.7 | F119: =E119-D119 -> 0 | G119: 499.08 | I119: =ROUND(D119*G119,2) -> 5340.16 | J119: =ROUND(E119*G119,2) -> 5340.16 | K119: =J119-I119 -> 0
A120: 83 | B120: ∮6"PVC排水管埋設 | C120: M | D120: 62.5 | E120: =估驗單!F116 -> 62.5 | F120: =E120-D120 -> 0 | G120: 545.82 | I120: =ROUND(D120*G120,2) -> 34113.75 | J120: =ROUND(E120*G120,2) -> 34113.75 | K120: =J120-I120 -> 0
A121: 84 | B121: 淺溝 | C121: M | D121: 84.8 | E121: =估驗單!F117 -> 84.8 | F121: =E121-D121 -> 0 | G121: 7340.02 | I121: =ROUND(D121*G121,2) -> 622433.7 | J121: =ROUND(E121*G121,2) -> 622433.7 | K121: =J121-I121 -> 0
A122: 85 | B122: 雨水回收槽 | C122: 座 | D122: 2 | E122: 0 | F122: =E122-D122 -> -2 | G122: 913306.18 | I122: =ROUND(D122*G122,2) -> 1826612.4 | J122: =ROUND(E122*G122,2) -> 0 | L122: =J122-I122 -> -1826612.4 | O122: 依「磺港溪再造委託規劃設計工作(延壽橋至西安橋) 公共設施用地開發保水檢核(定稿版)」辦理。113.10.23備忘錄 | Q122: 依下工科核定「磺港溪再造委託規劃設計工作(延壽橋至西安橋) 公共設施用地開發保水計畫辦理 | R122: 1
A123: 86 | B123: 雨水回收槽(1) | C123: 座 | D123: 0 | E123: 1 | F123: =E123-D123 -> 1 | G123: 0 | H123: 704273.82 | I123: =ROUND(D123*G123,2) -> 0 | J123: =ROUND(E123*H123,2) -> 704273.82 | K123: =J123-I123 -> 704273.82 | M123: 新增工項，契約單價 | P123: 25.25M2 | R123: 1
A124: 87 | B124: 雨水回收槽(2) | C124: 座 | D124: 0 | E124: 1 | F124: =E124-D124 -> 1 | G124: 0 | H124: 1255553.2 | I124: =ROUND(D124*G124,2) -> 0 | J124: =ROUND(E124*H124,2) -> 1255553.2 | K124: =J124-I124 -> 1255553.2 | M124: 新增工項，契約單價 | P124: 50.5M2 | R124: 1
A125: 88 | B125: 雨水回收槽(3) | C125: 座 | D125: 0 | E125: 1 | F125: =E125-D125 -> 1 | G125: 0 | H125: 1277917.6 | I125: =ROUND(D125*G125,2) -> 0 | J125: =ROUND(E125*H125,2) -> 1277917.6 | K125: =J125-I125 -> 1277917.6 | M125: 新增工項，契約單價 | P125: 61.4M2 | R125: 1
A126: (三) | B126: 橋梁工程 | C126: 式 | E126: =估驗單!F119 -> 0 | F126: =E126-D126 -> 0 | G126: =I126 -> 45369260 | I126: =SUM(I127:I165) -> 45369260 | J126: =SUM(J127:J165) -> 45442983 | K126: =SUM(K127:K165) -> 240343.8 | L126: =SUM(L127:L165) -> -166620.51 | R126: 1
A127: 1 | B127: 構造物回填，回填及夯實(實際) | C127: C.M3 | D127: 928.51 | E127: =估驗單!F120 -> 928.51 | F127: =E127-D127 -> 0 | G127: 320.72 | I127: =ROUND(D127*G127,2) -> 297791.73 | J127: =ROUND(E127*G127,2) -> 297791.73 | K127: =J127-I127 -> 0
A128: 2 | B128: 結構用混凝土，預拌，140kgf/cm2 | C128: M3 | D128: 26.33 | E128: =估驗單!F121 -> 26.33 | F128: =E128-D128 -> 0 | G128: 3114.97 | I128: =ROUND(D128*G128,2) -> 82017.16 | J128: =ROUND(E128*G128,2) -> 82017.16 | K128: =J128-I128 -> 0
A129: 3 | B129: 結構用混凝土，預拌，210kgf/cm2 | C129: M3 | D129: 36.86 | E129: =估驗單!F122 -> 36.86 | F129: =E129-D129 -> 0 | G129: 3320.96 | I129: =ROUND(D129*G129,2) -> 122410.59 | J129: =ROUND(E129*G129,2) -> 122410.59 | K129: =J129-I129 -> 0
...

Sheet 4變 (總表)
C1: 臺北市政府工務局水利工程處
C2: 第4次變更項目對照詳細表
A3: 工程名稱：磺港溪再造C段護岸及步道整建工程(三合橋至奇岩抽水站) | K3: 日期： | L3: 45672
A4: 原契約分為 10 部分 本次變更 5 部分原有 393 項 | J4: 訂約總價 | L4: 257600000
A5: 前經 3 次變更設計，計新增 43 項，減少 3 項，變更 27 項，變更後合計 438 項 | J5: 前次變更後總價(綜簽) | L5: 308240521
A6: 本次變更設計，計新增 項，減少 項，變更 項，變更後合計 項 | J6: 本次變更後總價 | L6: =J9 -> 3.2364757e+08
A7: 項次 | B7: 項目名稱 | C7: 單位 | D7: 原 定 數 量 | E7: 變更後 數 量 | F7: 增 減 數 量 | G7: 契 約 單 價 | H7: 新 增 單 價 | I7: 原 訂 合 價 | J7: 變更後 合價 | K7: 追加 | L7: 追減 | M7: 備註 | O7: 變更依據 | P7: 數量計算式 | Q7: 變更原因
A9: 壹 | B9: 發包工程費 | C9: 式 | G9: =I9 -> 3.0824052e+08 | I9: =I10+I354+I380+I420+I424+I444+I464+I467+I468+I470 -> 3.0824052e+08 | J9: =J10+J354+J380+J420+J424+J444+J464+J467+J468+J470 -> 3.2364757e+08 | K9: =K10+K354+K380+K420+K424+K444+K464+K467+K468+K470 -> 23104847 | L9: =L10+L354+L380+L420+L424+L444+L464+L467+L468+L470 -> -7697802.7 | O9: =K9+L9 -> 15407045 | P9: =J9-I9 -> 15407045
A10: 一 | B10: 工程費 | C10: 式 | G10: =I10 -> 2.3286809e+08 | I10: =I11+I37+I126+I166+I195+I215+I232+I310+I344 -> 2.3286809e+08 | J10: =J11+J37+J126+J166+J195+J215+J232+J310+J344 -> 2.4546399e+08 | K10: =K11+K37+K126+K166+K195+K215+K232+K310+K344 -> 20293706 | L10: =L11+L37+L126+L166+L195+L215+L232+L310+L344 -> -7697802.7
A11: (一) | B11: 整備工程 | C11: 式 | G11: 61233816 | I11: =SUM(I12:I36) -> 61233816 | J11: =SUM(J12:J36) -> 61418256 | K11: =SUM(K12:K36) -> 5176911.3 | L11: =SUM(L12:L36) -> -4992470.4 | O11: =K11+L11 -> 184440.94
A12: 1 | B12: 機械拆除，瀝青混凝土，未含運費 | C12: M3 | D12: 720.24 | E12: =估驗單!F8 -> 720.24 | G12: 193.11 | I12: =ROUND(D12*G12,2) -> 139085.55 | J12: =ROUND(E12*G12,2) -> 139085.55 | K12: =J12-I12 -> 0 | L12: =I12-J12 -> 0
A13: 2 | B13: 機械拆除，鋼筋混凝土，未含運費 | C13: M3 | D13: 4813.44 | E13: =估驗單!F9 -> 4813.44 | G13: 1046.16 | I13: =ROUND(D13*G13,2) -> 5035628.4 | J13: =ROUND(E13*G13,2) -> 5035628.4 | K13: =J13-I13 -> 0 | L13: =I13-J13 -> 0
A14: 3 | B14: 盤踞切割 | C14: M | D14: 1743 | E14: =估驗單!F10 -> 1743 | G14: 6199.66 | I14: =ROUND(D14*G14,2) -> 10806007 | J14: =ROUND(E14*G14,2) -> 10806007 | K14: =J14-I14 -> 0 | L14: =I14-J14 -> 0
A15: 4 | B15: 基地及路幅開挖，未含運費，(機械挖，0.7～0.79m3開挖機) | C15: B.M3 | D15: 28009.56 | E15: =估驗單!F11 -> 28009.56 | G15: 48.28 | I15: =ROUND(D15*G15,2) -> 1352301.6 | J15: =ROUND(E15*G15,2) -> 1352301.6 | O15: 112.12.12北市工水工字第1126067256號結論5 113.7.2北市工水工字第1136038674號 | Q15: 集水井、管涵減作挖方減少 箱涵高程調整
A16: 5 | B16: 瀝青混凝土面層刨除，刨除料運費 | C16: M3 | D16: 4726.67 | E16: =估驗單!F12 -> 4726.67 | G16: 599.71 | I16: =ROUND(D16*G16,2) -> 2834631.3 | J16: =ROUND(E16*G16,2) -> 2834631.3 | K16: =J16-I16 -> 0 | L16: =I16-J16 -> 0
A17: 6 | B17: 利用填方，含夯實 | C17: M3 | D17: 13120 | E17: =估驗單!F13 -> 13120 | G17: 104.64 | I17: =ROUND(D17*G17,2) -> 1372876.8 | J17: =ROUND(E17*G17,2) -> 1372876.8 | K17: =J17-I17 -> 0 | O17: 113.1.15北市工水工字第1136007935號結論3 113.7.2北市工水工字第1136038674號 | P17: (5.46*7.42/2-5.46*3.71/2)*50=506.42 | Q17: 低水護岸坡度調整1:2 箱涵高程調整
A18: 7 | B18: 餘方遠運處理(台北港) | C18: B.M3 | D18: 13251 | E18: ='數量計算(FOR4變)'!I54 -> 18245 | F18: =E18-D18 -> 4994 | G18: 1027.37 | I18: =ROUND(D18*G18,2) -> 13613680 | J18: =ROUND(E18*G18,2) -> 18744366 | K18: =J18-I18 -> 5130685.8 | M18: 其中375.67為基樁產出，只請聯單不另給價 | O18: 發公文呈請簽核 | Q18: 房屋廢方、基樁、PC樁產出餘方(非泥漿)改運台北港
A19: 8 | B19: 餘方自行處理(房屋廢方，含水土保持) | C19: M3 | D19: 4601.44 | E19: =估驗單!F15 -> 0_x000D_ | F19: =0-D19 -> -4601.44 | G19: 1084.98 | I19: =ROUND(D19*G19,2) -> 4992470.4 | J19: 0 | L19: =J19-I19 -> -4992470.4 | O19: 發公文呈請簽核 | Q19: 自行處理擬運送台北港收容
A20: 9 | B20: 瀝青混凝土面層刨除，厚5cm，刨除機1.2m寬，含瀝青鋪面打毛(未含運費) | C20: M2 | D20: 2588.5 | E20: =估驗單!F16 -> 2588.5 | G20: 30.45 | I20: =ROUND(D20*G20,2) -> 78819.83 | J20: =ROUND(E20*G20,2) -> 78819.83 | K20: =J20-I20 -> 0 | L20: =I20-J20 -> 0
A21: 10 | B21: 瀝青混凝土面層刨除，厚10cm，刨除機2.2m寬，未含運費 | C21: M2 | D21: 9177 | E21: =估驗單!F17 -> 9177 | G21: 28.48 | I21: =ROUND(D21*G21,2) -> 261360.96 | J21: =ROUND(E21*G21,2) -> 261360.96 | K21: =J21-I21 -> 0 | L21: =I21-J21 -> 0
A22: 11 | B22: 切割瀝青混凝土或無筋混凝土，5cm≦切割深度＜10cm | C22: M | D22: 162.5 | E22: =估驗單!F18 -> 162.5 | G22: 65.4 | I22: =ROUND(D22*G22,2) -> 10627.5 | J22: =ROUND(E22*G22,2) -> 10627.5 | K22: =J22-I22 -> 0 | L22: =I22-J22 -> 0
A23: 12 | B23: 清除及掘除，雜草雜木，含垃圾撿除，人工割 | C23: M2 | D23: 5217.7 | E23: =估驗單!F19 -> 5217.7 | G23: 20.19 | I23: =ROUND(D23*G23,2) -> 105345.36 | J23: =ROUND(E23*G23,2) -> 105345.36 | K23: =J23-I23 -> 0 | L23: =I23-J23 -> 0
A24: 13 | B24: 垃圾及廢棄物(以體積計)清運 | C24: M3 | D24: 782.66 | E24: =估驗單!F20 -> 782.66 | G24: 2286.68 | I24: =ROUND(D24*G24,2) -> 1789693 | J24: =ROUND(E24*G24,2) -> 1789693 | K24: =J24-I24 -> 0 | L24: =I24-J24 -> 0
A25: 14 | B25: 節塊吊放 | C25: 次 | D25: 425 | E25: =估驗單!F21 -> 425 | G25: 521.15 | I25: =ROUND(D25*G25,2) -> 221488.75 | J25: =ROUND(E25*G25,2) -> 221488.75 | K25: =J25-I25 -> 0 | L25: =I25-J25 -> 0
A26: 15 | B26: 機械拆除，工地雜項拆除清理，欄杆，含運費 | C26: M | D26: 255.5 | E26: =估驗單!F22 -> 415.08 | F26: =E26-D26 -> 159.58 | G26: 289.67 | I26: =ROUND(D26*G26,2) -> 74010.69 | J26: =ROUND(E26*G26,2) -> 120236.22 | K26: =J26-I26 -> 46225.53 | O26: 113.8.20北市工水工字第1136047137號結論(8) | P26: 34.27+66.51+58.80 | Q26: 既有欄杆老舊損傷，為維護行人通行安全及美觀 | R26: =34.27+66.51+58.8 -> 159.58
A27: 16 | B27: 土方運送(百齡抽水站) | C27: 趟 | D27: 2204 | E27: =估驗單!F23 -> 2204 | G27: 3082.11 | I27: =ROUND(D27*G27,2) -> 6792970.4 | J27: =ROUND(E27*G27,2) -> 6792970.4 | K27: =J27-I27 -> 0 | L27: =I27-J27 -> 0
A28: 17 | B28: 既有路燈拆除繳回 | C28: 盞 | D28: 66 | E28: =估驗單!F24 -> 66 | G28: 3311.26 | I28: =ROUND(D28*G28,2) -> 218543.16 | J28: =ROUND(E28*G28,2) -> 218543.16 | K28: =J28-I28 -> 0 | L28: =I28-J28 -> 0
A29: 18 | B29: 座椅拆除繳回 | C29: 座 | D29: 18 | E29: =估驗單!F25 -> 18 | G29: 1199.93 | I29: =ROUND(D29*G29,2) -> 21598.74 | J29: =ROUND(E29*G29,2) -> 21598.74 | K29: =J29-I29 -> 0 | L29: =I29-J29 -> 0
A30: 19 | B30: 解說牌拆除 | C30: 座 | D30: 4 | E30: =估驗單!F26 -> 4 | G30: 2999.84 | I30: =ROUND(D30*G30,2) -> 11999.36 | J30: =ROUND(E30*G30,2) -> 11999.36 | K30: =J30-I30 -> 0 | L30: =I30-J30 -> 0
A31: 20 | B31: 自行車架拆除 | C31: 座 | D31: 20 | E31: =估驗單!F27 -> 20 | G31: 2999.84 | I31: =ROUND(D31*G31,2) -> 59996.8 | J31: =ROUND(E31*G31,2) -> 59996.8 | K31: =J31-I31 -> 0 | L31: =I31-J31 -> 0
A32: 21 | B32: 交通牌誌拆除 | C32: 座 | D32: 15 | E32: =估驗單!F28 -> 15 | G32: 2999.84 | I32: =ROUND(D32*G32,2) -> 44997.6 | J32: =ROUND(E32*G32,2) -> 44997.6 | K32: =J32-I32 -> 0 | L32: =I32-J32 -> 0
A33: 22 | B33: 既有水利設施拆除及運送 | C33: 式 | D33: 1 | E33: =估驗單!F29 -> 1 | G33: 399978.19 | I33: =ROUND(D33*G33,2) -> 399978.19 | J33: =ROUND(E33*G33,2) -> 399978.19 | K33: =J33-I33 -> 0 | L33: =I33-J33 -> 0
A34: 23 | B34: 交通維持，道路管制人員，日間(06-22時)，義交 | C34: 時 | D34: 30800 | E34: =估驗單!F30 -> 30800 | F34: =E34-D34 -> 0 | G34: 280 | I34: =ROUND(D34*G34,2) -> 8624000 | J34: =ROUND(E34*G34,2) -> 8624000 | K34: =J34-I34 -> 0 | L34: =I34-J34 -> 0
A35: 24 | B35: 表土清除，堆置，及回填費，t=30cm | C35: M2 | D35: 2150 | E35: =估驗單!F31 -> 2150 | F35: =E35-D35 -> 0 | G35: 70.56 | I35: =ROUND(D35*G35,2) -> 151704 | J35: =ROUND(E35*G35,2) -> 151704 | K35: =J35-I35 -> 0 | L35: =I35-J35 -> 0
A36: 25 | B36: 餘土分類處理 | C36: 日 | D36: 111 | E36: =估驗單!F32 -> 111 | F36: =E36-D36 -> 0 | G36: 20000 | I36: =ROUND(D36*G36,2) -> 2220000 | J36: =ROUND(E36*G36,2) -> 2220000 | K36: =J36-I36 -> 0 | L36: =I36-J36 -> 0 | S36: 監造提供數量?
A37: (二) | B37: 土建景觀工程 | C37: 式 | E37: =估驗單!F33 -> 0 | F37: =E37-D37 -> 0 | G37: 30807124 | I37: =SUM(I38:I125) -> 30807124 | J37: =SUM(J38:J125) -> 32286203 | K37: =SUM(K38:K125) -> 3305690.7 | L37: =SUM(L38:L125) -> -1826612.4 | O37: =K37+L37 -> 1479078.4
A38: 1 | B38: 構造物回填，回填及夯實(實際) | C38: C.M3 | D38: 1887.64 | E38: =估驗單!F34 -> 1887.64 | F38: =E38-D38 -> 0 | G38: 320.72 | I38: =ROUND(D38*G38,2) -> 605403.9 | J38: =ROUND(E38*G38,2) -> 605403.9 | K38: =J38-I38 -> 0
A39: 2 | B39: 構造物回填，回填及夯實，人工夯實 | C39: C.M3 | D39: 402.21 | E39: =估驗單!F35 -> 402.21 | F39: =E39-D39 -> 0 | G39: 346.06 | I39: =ROUND(D39*G39,2) -> 139188.79 | J39: =ROUND(E39*G39,2) -> 139188.79 | K39: =J39-I39 -> 0
A40: 3 | B40: 鋼筋，SD280W | C40: KG | D40: 18865.76 | E40: =估驗單!F36 -> 18865.76 | F40: =E40-D40 -> 0 | G40: 36.4 | I40: =ROUND(D40*G40,2) -> 686713.66 | J40: =ROUND(E40*G40,2) -> 686713.66 | K40: =J40-I40 -> 0
A41: 4 | B41: 結構用混凝土，預拌，140kgf/cm2 | C41: M3 | D41: 107.91 | E41: =估驗單!F37 -> 107.91 | F41: =E41-D41 -> 0 | G41: 3114.97 | I41: =ROUND(D41*G41,2) -> 336136.41 | J41: =ROUND(E41*G41,2) -> 336136.41 | K41: =J41-I41 -> 0
A42: 5 | B42: 結構用混凝土，預拌，210kgf/cm2 | C42: M3 | D42: 564.01 | E42: =估驗單!F38 -> 564.01 | F42: =E42-D42 -> 0 | G42: 3320.96 | I42: =ROUND(D42*G42,2) -> 1873054.6 | J42: =ROUND(E42*G42,2) -> 1873054.6 | K42: =J42-I42 -> 0
A43: 6 | B43: 普通模板，丙種 | C43: M2 | D43: 1926.87 | E43: =估驗單!F39 -> 1926.87 | F43: =E43-D43 -> 0 | G43: 533.61 | I43: =ROUND(D43*G43,2) -> 1028197.1 | J43: =ROUND(E43*G43,2) -> 1028197.1 | K43: =J43-I43 -> 0
A44: 7 | B44: 清水模板，鋼模 | C44: M2 | D44: 301.33 | E44: =估驗單!F40 -> 301.33 | F44: =E44-D44 -> 0 | G44: 1299.82 | I44: =ROUND(D44*G44,2) -> 391674.76 | J44: =ROUND(E44*G44,2) -> 391674.76 | K44: =J44-I44 -> 0
A45: 8 | B45: 鍍鋅鋼料 | C45: KG | D45: 5991.34 | E45: =估驗單!F41 -> 5991.34 | F45: =E45-D45 -> 0 | G45: 60 | I45: =ROUND(D45*G45,2) -> 359480.4 | J45: =ROUND(E45*G45,2) -> 359480.4 | K45: =J45-I45 -> 0 | O45: 放後擴 113.8.20北市工水工字第1136047137號結論(8) | P45: (6.35*2+0.53*11)*(18.25+16+3.25)+(6.35*2+0.53*9+6.61*1)*(3.5+2.4*2+21.7+24.85+57.6+3.21)+(6.35*2+0.53*9+6.61*1)*(34.27+66.51)+((1.8+2.34)*2+1.4*8+3.144*2)*(21.65+17.75)=6922.01 | Q45: 護欄b(磺港橋+樓梯M)、欄杆B'(樓梯G、J+三合祠+護岸三左右岸+磺港橋頭)、清江公園側、欄杆C'(保護樹A、B)
A46: 9 | B46: 金屬材料，鋼料，裁切加工銲製(工廠加工) | C46: KG | D46: 5991.34 | E46: =估驗單!F42 -> 5991.34 | F46: =E46-D46 -> 0 | G46: 31.9 | I46: =ROUND(D46*G46,2) -> 191123.75 | J46: =ROUND(E46*G46,2) -> 191123.75 | K46: =J46-I46 -> 0 | O46: 放後擴 113.8.20北市工水工字第1136047137號結論(8) | P46: (6.35*2+0.53*11)*(18.25+16+3.25)+(6.35*2+0.53*9+6.61*1)*(3.5+2.4*2+21.7+24.85+57.6+3.21)+(6.35*2+0.53*9+6.61*1)*(34.27+66.51)+((1.8+2.34)*2+1.4*8+3.144*2)*(21.65+17.75)=6922.01 | Q46: 為上項材料加工費用
A47: 10 | B47: 結構用鋼材，銲接結構用軋鋼料，SM400B鋼構工程及製作、組立工程(含加勁板、續接板、螺絲、螺栓、螺帽等) | C47: KG | D47: 1180.03 | E47: =估驗單!F43 -> 1180.03 | F47: =E47-D47 -> 0 | G47: 107.3 | I47: =ROUND(D47*G47,2) -> 126617.22 | J47: =ROUND(E47*G47,2) -> 126617.22 | K47: =J47-I47 -> 0
A48: 11 | B48: 透水磚紙模地坪 | C48: M2 | D48: 3879.21 | E48: =估驗單!F44 -> 3879.21 | F48: =E48-D48 -> 0 | G48: 3092.69 | I48: =ROUND(D48*G48,2) -> 11997194 | J48: =ROUND(E48*G48,2) -> 11997194 | K48: =J48-I48 -> 0
A49: 12 | B49: 梯形磚鋪面，149.5x(30,20)x8cmTH | C49: M2 | D49: 462.9 | E49: =估驗單!F45 -> 462.9 | F49: =E49-D49 -> 0 | G49: 3961.37 | I49: =ROUND(D49*G49,2) -> 1833718.2 | J49: =ROUND(E49*G49,2) -> 1833718.2 | K49: =J49-I49 -> 0
A50: 13 | B50: 石材鋪面 | C50: M2 | D50: 5.09 | E50: =估驗單!F46 -> 5.09 | F50: =E50-D50 -> 0 | G50: 3965.59 | I50: =ROUND(D50*G50,2) -> 20184.85 | J50: =ROUND(E50*G50,2) -> 20184.85 | K50: =J50-I50 -> 0 | O50: 放後擴 | P50: 59.03+161.99+5.09+5.09+31.2+17.9=280.30 | Q50: 圖說數量計算
A51: 14 | B51: 卵石鋪面 | C51: M2 | D51: 18.76 | E51: =估驗單!F47 -> 18.76 | F51: =E51-D51 -> 0 | G51: 3391.22 | I51: =ROUND(D51*G51,2) -> 63619.29 | J51: =ROUND(E51*G51,2) -> 63619.29 | K51: =J51-I51 -> 0
A52: 15 | B52: 露骨材地坪 | C52: M2 | D52: 118.92 | E52: =估驗單!F48 -> 118.92 | F52: =E52-D52 -> 0 | G52: 773.85 | I52: =ROUND(D52*G52,2) -> 92026.24 | J52: =ROUND(E52*G52,2) -> 92026.24 | K52: =J52-I52 -> 0
A53: 16 | B53: PC地坪 | C53: M2 | D53: 173.3 | E53: =估驗單!F49 -> 173.3 | F53: =E53-D53 -> 0 | G53: 948.34 | I53: =ROUND(D53*G53,2) -> 164347.32 | J53: =ROUND(E53*G53,2) -> 164347.32 | K53: =J53-I53 -> 0
A54: 17 | B54: 格柵鋪面B | C54: 座 | D54: 1 | E54: =估驗單!F50 -> 1 | F54: =E54-D54 -> 0 | G54: 144378.63 | I54: =ROUND(D54*G54,2) -> 144378.63 | J54: =ROUND(E54*G54,2) -> 144378.63 | K54: =J54-I54 -> 0
A55: 18 | B55: 細石子鋪面 | C55: C.M3 | D55: 156.68 | E55: =估驗單!F51 -> 156.68 | F55: =E55-D55 -> 0 | G55: 145.21 | I55: =ROUND(D55*G55,2) -> 22751.5 | J55: =ROUND(E55*G55,2) -> 22751.5 | K55: =J55-I55 -> 0
A56: 19 | B56: 鋼板收邊A型 | C56: M | D56: 689.86 | E56: =估驗單!F52 -> 689.86 | F56: =E56-D56 -> 0 | G56: 2755.78 | I56: =ROUND(D56*G56,2) -> 1901102.4 | J56: =ROUND(E56*G56,2) -> 1901102.4 | K56: =J56-I56 -> 0
A57: 20 | B57: 鋼板收邊B型 | C57: M | D57: 12.91 | E57: =估驗單!F53 -> 12.91 | F57: =E57-D57 -> 0 | G57: 576.77 | I57: =ROUND(D57*G57,2) -> 7446.1 | J57: =ROUND(E57*G57,2) -> 7446.1 | K57: =J57-I57 -> 0
A58: 21 | B58: 界石收邊 | C58: M | D58: 56.09 | E58: =估驗單!F54 -> 56.09 | F58: =E58-D58 -> 0 | G58: 615.31 | I58: =ROUND(D58*G58,2) -> 34512.74 | J58: =ROUND(E58*G58,2) -> 34512.74 | K58: =J58-I58 -> 0
A59: 22 | B59: 緣石收邊 | C59: M | D59: 656.91 | E59: =估驗單!F55 -> 656.91 | F59: =E59-D59 -> 0 | G59: 685.27 | I59: =ROUND(D59*G59,2) -> 450160.72 | J59: =ROUND(E59*G59,2) -> 450160.72 | K59: =J59-I59 -> 0
A60: 23 | B60: 道路緣石收邊 | C60: M | D60: 1254.13 | E60: =估驗單!F56 -> 1254.13 | F60: =E60-D60 -> 0 | G60: 699.69 | I60: =ROUND(D60*G60,2) -> 877502.22 | J60: =ROUND(E60*G60,2) -> 877502.22 | K60: =J60-I60 -> 0
A61: 24 | B61: 道路緣石斜坡式 | C61: M | D61: 44.64 | E61: =估驗單!F57 -> 44.64 | F61: =E61-D61 -> 0 | G61: 1199.27 | I61: =ROUND(D61*G61,2) -> 53535.41 | J61: =ROUND(E61*G61,2) -> 53535.41 | K61: =J61-I61 -> 0
A62: 25 | B62: 場鑄道路緣石 | C62: M | D62: 142.26 | E62: =估驗單!F58 -> 142.26 | F62: =E62-D62 -> 0 | G62: 57.68 | I62: =ROUND(D62*G62,2) -> 8205.56 | J62: =ROUND(E62*G62,2) -> 8205.56 | K62: =J62-I62 -> 0
... A73: 36 | B73: 草地座階 | C73: M | D73: 30.1 | E73: =估驗單!F69 -> 30.1 | F73: =E73-D73 -> 0 | G73: 545.1 | I73: =ROUND(D73*G73,2) -> 16407.51 | J73: =ROUND(E73*G73,2) -> 16407.51 | K73: =J73-I73 -> 0
A74: 37 | B74: 砌石擋牆A | C74: M | D74: 31.2 | E74: =估驗單!F70 -> 35.2 | F74: =E74-D74 -> 4 | G74: 8355.11 | I74: =ROUND(D74*G74,2) -> 260679.43 | J74: =ROUND(E74*G74,2) -> 294099.87 | K74: =J74-I74 -> 33420.44 | O74: 113.2.7北市工水工字第1136012436號結論3 | P74: 23.2+12=35.2 | Q74: 保護樹AB因後續施作擋根板、擋牆與地梁結構僅距1.5M，開挖後產生崩塌情形，調整結構
A75: 38 | B75: 砌石擋牆B | C75: M | D75: 17.9 | E75: =估驗單!F71 -> 24.3 | F75: =E75-D75 -> 6.4 | G75: 5394.64 | I75: =ROUND(D75*G75,2) -> 96564.06 | J75: =ROUND(E75*G75,2) -> 131089.75 | K75: =J75-I75 -> 34525.69 | O75: 113.2.7北市工水工字第1136012436號結論3 | P75: 24.3 | Q75: 保護樹AB因後續施作擋根板、擋牆與地梁結構僅距1.5M，開挖後產生崩塌情形，調整結構
A76: 39 | B76: 鋼板擋牆 | C76: M | D76: 19.6 | E76: =估驗單!F72 -> 19.6 | F76: =E76-D76 -> 0 | G76: 432.57 | I76: =ROUND(D76*G76,2) -> 8478.37 | J76: =ROUND(E76*G76,2) -> 8478.37 | K76: =J76-I76 -> 0
A77: 40 | B77: 擋牆b’型 | C77: M | D77: 24.9 | E77: =估驗單!F73 -> 24.9 | F77: =E77-D77 -> 0 | G77: 1224.22 | I77: =ROUND(D77*G77,2) -> 30483.08 | J77: =ROUND(E77*G77,2) -> 30483.08 | K77: =J77-I77 -> 0
A78: 41 | B78: 擋牆c’型 | C78: M | D78: 3.5 | E78: =估驗單!F74 -> 3.5 | F78: =E78-D78 -> 0 | G78: 1148.63 | I78: =ROUND(D78*G78,2) -> 4020.21 | J78: =ROUND(E78*G78,2) -> 4020.21 | K78: =J78-I78 -> 0
A79: 42 | B79: 樓梯E | C79: 座 | D79: 1 | E79: =估驗單!F75 -> 1 | F79: =E79-D79 -> 0 | G79: 5698.63 | I79: =ROUND(D79*G79,2) -> 5698.63 | J79: =ROUND(E79*G79,2) -> 5698.63 | K79: =J79-I79 -> 0
A80: 43 | B80: 樓梯G | C80: 座 | D80: 1 | E80: =估驗單!F76 -> 1 | F80: =E80-D80 -> 0 | G80: 5963.22 | I80: =ROUND(D80*G80,2) -> 5963.22 | J80: =ROUND(E80*G80,2) -> 5963.22 | K80: =J80-I80 -> 0
A81: 44 | B81: 樓梯H | C81: 座 | D81: 1 | E81: =估驗單!F77 -> 1 | F81: =E81-D81 -> 0 | G81: 1421.11 | I81: =ROUND(D81*G81,2) -> 1421.11 | J81: =ROUND(E81*G81,2) -> 1421.11 | K81: =J81-I81 -> 0
A82: 45 | B82: 樓梯J | C82: 座 | D82: 1 | E82: =估驗單!F78 -> 1 | F82: =E82-D82 -> 0 | G82: 4031.83 | I82: =ROUND(D82*G82,2) -> 4031.83 | J82: =ROUND(E82*G82,2) -> 4031.83 | K82: =J82-I82 -> 0
A83: 46 | B83: 樓梯K | C83: 座 | D83: 1 | E83: =估驗單!F79 -> 1 | F83: =E83-D83 -> 0 | G83: 3313.67 | I83: =ROUND(D83*G83,2) -> 3313.67 | J83: =ROUND(E83*G83,2) -> 3313.67 | K83: =J83-I83 -> 0
A84: 47 | B84: 欄杆B | C84: M | D84: 149.5 | E84: =估驗單!F80 -> 149.5 | F84: =E84-D84 -> 0 | G84: 1975.94 | I84: =ROUND(D84*G84,2) -> 295403.03 | J84: =ROUND(E84*G84,2) -> 295403.03 | K84: =J84-I84 -> 0
A85: 48 | B85: 欄杆C | C85: M | D85: 39.3 | E85: =估驗單!F81 -> 39.3 | F85: =E85-D85 -> 0 | G85: 4874.23 | I85: =ROUND(D85*G85,2) -> 191557.24 | J85: =ROUND(E85*G85,2) -> 191557.24 | K85: =J85-I85 -> 0
A86: 49 | B86: 護欄b | C86: M | D86: 51.3 | E86: =估驗單!F82 -> 51.3 | F86: =E86-D86 -> 0 | G86: 2938.96 | I86: =ROUND(D86*G86,2) -> 150768.65 | J86: =ROUND(E86*G86,2) -> 150768.65 | K86: =J86-I86 -> 0
A87: 50 | B87: 地圖牌 | C87: 座 | D87: 1 | E87: =估驗單!F83 -> 1 | F87: =E87-D87 -> 0 | G87: 23029.53 | I87: =ROUND(D87*G87,2) -> 23029.53 | J87: =ROUND(E87*G87,2) -> 23029.53 | K87: =J87-I87 -> 0
... A107: 70 | B107: 巢箱 | C107: 組 | D107: 3 | E107: =估驗單!F103 -> 3 | F107: =E107-D107 -> 0 | G107: 4575.03 | I107: =ROUND(D107*G107,2) -> 13725.09 | J107: =ROUND(E107*G107,2) -> 13725.09 | K107: =J107-I107 -> 0
A108: 71 | B108: 自然景石 | C108: T | D108: 88.17 | E108: =估驗單!F104 -> 88.17 | F108: =E108-D108 -> 0 | G108: 15299.17 | I108: =ROUND(D108*G108,2) -> 1348927.8 | J108: =ROUND(E108*G108,2) -> 1348927.8 | K108: =J108-I108 -> 0 | O108: 放結算5%內 | P108: (12*3234+35*1078+19*336+46*134)/1000=89.09，景石A*12景石B*35景石C*19景石D*46共112顆 | Q108: 實作數量計算
A109: 72 | B109: 陰井 | C109: 座 | D109: 25 | E109: =估驗單!F105 -> 25 | F109: =E109-D109 -> 0 | G109: 4498.31 | I109: =ROUND(D109*G109,2) -> 112457.75 | J109: =ROUND(E109*G109,2) -> 112457.75 | K109: =J109-I109 -> 0
A110: 73 | B110: PP陰井 | C110: 座 | D110: 13 | E110: =估驗單!F106 -> 13 | F110: =E110-D110 -> 0 | G110: 3353.5 | I110: =ROUND(D110*G110,2) -> 43595.5 | J110: =ROUND(E110*G110,2) -> 43595.5 | K110: =J110-I110 -> 0
A111: 74 | B111: 截水溝A型 | C111: M | D111: 9.8 | E111: =估驗單!F107 -> 9.8 | F111: =E111-D111 -> 0 | G111: 9873.85 | I111: =ROUND(D111*G111,2) -> 96763.73 | J111: =ROUND(E111*G111,2) -> 96763.73 | K111: =J111-I111 -> 0
A112: 75 | B112: 截水溝B型 | C112: M | D112: 6.2 | E112: =估驗單!F108 -> 6.2 | F112: =E112-D112 -> 0 | G112: 6554 | I112: =ROUND(D112*G112,2) -> 40634.8 | J112: =ROUND(E112*G112,2) -> 40634.8 | K112: =J112-I112 -> 0
A113: 76 | B113: 截水溝C型 | C113: M | D113: 3.3 | E113: =估驗單!F109 -> 3.3 | F113: =E113-D113 -> 0 | G113: 8390.27 | I113: =ROUND(D113*G113,2) -> 27687.89 | J113: =ROUND(E113*G113,2) -> 27687.89 | K113: =J113-I113 -> 0
A114: 77 | B114: 草溝+∮4" HDPE透水管 | C114: M | D114: 40.6 | E114: =估驗單!F110 -> 40.6 | F114: =E114-D114 -> 0 | G114: 671.95 | I114: =ROUND(D114*G114,2) -> 27281.17 | J114: =ROUND(E114*G114,2) -> 27281.17 | K114: =J114-I114 -> 0
A115: 78 | B115: ∮3"HDPE透水管 | C115: M | D115: 176.7 | E115: =估驗單!F111 -> 176.7 | F115: =E115-D115 -> 0 | G115: 658.27 | I115: =ROUND(D115*G115,2) -> 116316.31 | J115: =ROUND(E115*G115,2) -> 116316.31 | K115: =J115-I115 -> 0
A116: 79 | B116: ∮4"HDPE透水管 | C116: M | D116: 251.7 | E116: =估驗單!F112 -> 251.7 | F116: =E116-D116 -> 0 | G116: 730.37 | I116: =ROUND(D116*G116,2) -> 183834.13 | J116: =ROUND(E116*G116,2) -> 183834.13 | K116: =J116-I116 -> 0
A117: 80 | B117: ∮2"PVC排水管埋設 | C117: M | D117: 6.8 | E117: =估驗單!F113 -> 6.8 | F117: =E117-D117 -> 0 | G117: 406.38 | I117: =ROUND(D117*G117,2) -> 2763.38 | J117: =ROUND(E117*G117,2) -> 2763.38 | K117: =J117-I117 -> 0
A118: 81 | B118: ∮4"PVC排水管埋設 | C118: M | D118: 44.2 | E118: =估驗單!F114 -> 44.2 | F118: =E118-D118 -> 0 | G118: 457.88 | I118: =ROUND(D118*G118,2) -> 20238.3 | J118: =ROUND(E118*G118,2) -> 20238.3 | K118: =J118-I118 -> 0
A119: 82 | B119: ∮4B(厚管)"PVC排水管埋設 | C119: M | D119: 10.7 | E119: =估驗單!F115 -> 10.7 | F119: =E119-D119 -> 0 | G119: 499.08 | I119: =ROUND(D119*G119,2) -> 5340.16 | J119: =ROUND(E119*G119,2) -> 5340.16 | K119: =J119-I119 -> 0
A120: 83 | B120: ∮6"PVC排水管埋設 | C120: M | D120: 62.5 | E120: =估驗單!F116 -> 62.5 | F120: =E120-D120 -> 0 | G120: 545.82 | I120: =ROUND(D120*G120,2) -> 34113.75 | J120: =ROUND(E120*G120,2) -> 34113.75 | K120: =J120-I120 -> 0
A121: 84 | B121: 淺溝 | C121: M | D121: 84.8 | E121: =估驗單!F117 -> 84.8 | F121: =E121-D121 -> 0 | G121: 7340.02 | I121: =ROUND(D121*G121,2) -> 622433.7 | J121: =ROUND(E121*G121,2) -> 622433.7 | K121: =J121-I121 -> 0
A122: 85 | B122: 雨水回收槽 | C122: 座 | D122: 2 | E122: 0 | F122: =E122-D122 -> -2 | G122: 913306.18 | I122: =ROUND(D122*G122,2) -> 1826612.4 | J122: =ROUND(E122*G122,2) -> 0 | L122: =J122-I122 -> -1826612.4 | O122: 依「磺港溪再造委託規劃設計工作(延壽橋至西安橋) 公共設施用地開發保水檢核(定稿版)」辦理。113.10.23備忘錄 | Q122: 依下工科核定「磺港溪再造委託規劃設計工作(延壽橋至西安橋) 公共設施用地開發保水計畫辦理
A123: 86 | B123: 雨水回收槽(1) | C123: 座 | D123: 0 | E123: 1 | F123: =E123-D123 -> 1 | G123: 0 | H123: 704273.82 | I123: =ROUND(D123*G123,2) -> 0 | J123: =ROUND(E123*H123,2) -> 704273.82 | K123: =J123-I123 -> 704273.82 | M123: 新增工項，契約單價 | P123: 25.25M2
A124: 87 | B124: 雨水回收槽(2) | C124: 座 | D124: 0 | E124: 1 | F124: =E124-D124 -> 1 | G124: 0 | H124: 1255553.2 | I124: =ROUND(D124*G124,2) -> 0 | J124: =ROUND(E124*H124,2) -> 1255553.2 | K124: =J124-I124 -> 1255553.2 | M124: 新增工項，契約單價 | P124: 50.5M2
A125: 88 | B125: 雨水回收槽(3) | C125: 座 | D125: 0 | E125: 1 | F125: =E125-D125 -> 1 | G125: 0 | H125: 1277917.6 | I125: =ROUND(D125*G125,2) -> 0 | J125: =ROUND(E125*H125,2) -> 1277917.6 | K125: =J125-I125 -> 1277917.6 | M125: 新增工項，契約單價 | P125: 61.4M2
A126: (三) | B126: 橋梁工程 | C126: 式 | E126: =估驗單!F119 -> 0 | F126: =E126-D126 -> 0 | G126: =I126 -> 45369260 | I126: =SUM(I127:I165) -> 45369260 | J126: =SUM(J127:J165) -> 45442983 | K126: =SUM(K127:K165) -> 240343.8 | L126: =SUM(L127:L165) -> -166620.51 | O126: =K126+L126 -> 73723.29
A127: 1 | B127: 構造物回填，回填及夯實(實際) | C127: C.M3 | D127: 928.51 | E127: =估驗單!F120 -> 928.51 | F127: =E127-D127 -> 0 | G127: 320.72 | I127: =ROUND(D127*G127,2) -> 297791.73 | J127: =ROUND(E127*G127,2) -> 297791.73 | K127: =J127-I127 -> 0
A128: 2 | B128: 結構用混凝土，預拌，140kgf/cm2 | C128: M3 | D128: 26.33 | E128: =估驗單!F121 -> 26.33 | F128: =E128-D128 -> 0 | G128: 3114.97 | I128: =ROUND(D128*G128,2) -> 82017.16 | J128: =ROUND(E128*G128,2) -> 82017.16 | K128: =J128-I128 -> 0
A129: 3 | B129: 結構用混凝土，預拌，210kgf/cm2 | C129: M3 | D129: 36.86 | E129: =估驗單!F122 -> 36.86 | F129: =E129-D129 -> 0 | G129: 3320.96 | I129: =ROUND(D129*G129,2) -> 122410.59 | J129: =ROUND(E129*G129,2) -> 122410.59 | K129: =J129-I129 -> 0
A130: 4 | B130: 結構用混凝土，預拌，280kgf/cm2 | C130: M3 | D130: 654.83 | E130: =估驗單!F123 -> 654.83 | F130: =E130-D130 -> 0 | G130: 3643.53 | I130: =ROUND(D130*G130,2) -> 2385892.8 | J130: =ROUND(E130*G130,2) -> 2385892.8 | K130: =J130-I130 -> 0
...

Sheet 數量計算(FOR4變)
A1: 臺北市政府工務局水利工程處
A2: 數量計算書
A3: 工程名稱：磺港溪再造C段護岸及步道整建工程(三合橋至奇岩抽水站)
A4: 施工地點：北投磺港溪 | F4: 工程編號：111 070020302 038 02 | J4: 114/1/14
A5: 項次 | B5: 項目及說明 | C5: 單位 | D5: 原契約數量 | E5: 變更後數量 | F5: 計算式 | H5: 數量小計 | I5: 實作數量合計 | J5: 應追加數量
A6: 壹 | B6: 發包工程費 | C6: 式 | D6: 1
A7: 一 | B7: 工程費 | C7: 式 | D7: 1
A8: (一) | B8: 整備工程 | C8: 式 | D8: 1
A9: 1.1.1 | B9: 機械拆除，瀝青混凝土，未含運費 | C9: M3 | D9: 720.24 | F9: 緣石邊及人孔處(河.LT000~290+RT000~060) | G9: =(290*2*0.15*0.2+12*5*0.15*0.2)+(53*2*0.14*0.2+3*4*0.15*0.2) | H9: =(290*2*0.15*0.2+12*5*0.15*0.2)+(53*2*0.15*0.2+3*4*0.14*0.2) -> 22.716 | I9: =SUM(H9:H15) -> 715.674 | J9: 尚未完成
F10: 既有磺港橋橋面 | G10: =27.2*10.5*0.25 | H10: =27.2*10.5*0.25 -> 71.4
F11: 既有磺港橋南側 | G11: =11.5*(7.5+4.5)/2*0.23 | H11: =11.5*(7.5+4.5)/2*0.23 -> 15.87
F12: 自行車道AC打除 | G12: (77.5+169.3+170.9+49.4)*0.2 | H12: =(77.5+169.3+170.9+49.4)*0.2 -> 93.42
F13: 抽水站旁 | G13: =10.8*(7.5+9.5)/2*0.22 | H13: =10.8*(7.5+9.5)/2*0.22 -> 20.196
F14: 左岸及工區七 | G14: (605.74+547.65+571.09+245.16+490.72)*0.2 | H14: =(605.74+547.65+571.09+245.16+490.72)*0.2 -> 492.072
A16: 1.1.2 | B16: 機械拆除，鋼筋混凝土，未含運費 | C16: M3 | D16: 4813.44 | F16: 路側RC護欄(河.LT000~290+RT000~060) | G16: =(1.2*0.5*8*39)+(1.2*0.5*8*7) | H16: =(1.2*0.5*8*39)+(1.2*0.5*8*7) -> 220.8 | I16: =SUM(H16:H32) -> 4091.1705 | J16: 尚未完成
F17: 磺港橋(橋面及護欄+I梁+橫隔樑+帽梁+中墩柱) | G17: ((27.2*10.3*0.3+0.3*1.1*27.2*2)+(13.2*1.25*0.6*7*2)+(6.8*1.25*0.5*7)+(((1.9+0.8)/2*1.2*7.8)+1.9*2.5*1.2)+((1.25*1.25*3.14*3.6))) | H17: =((27.2*10.3*0.3+0.3*1.1*27.2*2)+(13.2*1.25*0.6*7*2)+(6.8*1.25*0.5*7)+(((1.9+0.8)/2*1.2*7.8)+1.9*2.5*1.2)+((1.25*1.25*3.14*3.6))) -> 306.3485
F18: 橋台+基礎+進橋台 | G18: (10.3*1.8*4.2+10.3*1.8*2.8)*2+(10.3*2.8*1.8)*2+((60.65*(3.9+2.2)/2*0.55)+(10.3*3.9*0.6)) | H18: =(10.3*1.8*4.2+10.3*1.8*2.8)*2+(10.3*2.8*1.8)*2+((60.65*(3.9+2.2)/2*0.55)+(10.3*3.9*0.6)) -> 489.22638
F19: 既有橋北側堤牆(含基礎)+既有河道底(含新舊河道銜接段) | G19: ((3.75*(0.3+0.6)/2*63.7)+(5.5*0.85*63.7))+(26.8*7*0.6+18.5*7*0.35) | H19: =((3.75*(0.3+0.6)/2*63.7)+(5.5*0.85*63.7))+(26.8*7*0.6+18.5*7*0.35) -> 563.17625
F20: 人行橋+橋台+基礎+既有河道底+樓梯 | G20: ((19.3*0.52*0.8*4)+(19.3*7.2*0.3)+(6.8*2.2*0.8*2)+(9.5*3*0.8+9.5*1.8*0.3)+(17.8*0.55*2.8*2)) | H20: =((19.3*0.52*0.8*4)+(19.3*7.2*0.3)+(6.8*2.2*0.8*2)+(9.5*3*0.8+9.5*1.8*0.3)+(17.8*0.55*2.8*2)) -> 180.4932
F21: 既有人行道(路.S120~200+河.LT017~280+河.RT005~280含護欄柱) | G21: ((0.9*0.25*80)+(1.25*0.25*263)+(1.15*0.2*263+0.5*0.5*1.05*31)) | H21: =((0.9*0.25*80)+(1.25*0.25*263)+(1.15*0.2*263+0.5*0.5*1.05*31)) -> 168.815
F22: 既有台電(路N.河.LT017~280含手孔) | G22: ((1.1*0.8-(0.04*0.04*3.14*6))*263+(1.15*5)) | H22: =((1.1*0.8-(0.04*0.04*3.14*6))*263+(1.15*5)) -> 229.26213
F23: 既有箱涵+閘門平台 | G23: ((2.1*2.4)-(1.5*1.75))*25.7+(2.1*1.25*0.6) | H23: =((2.1*2.4)-(1.5*1.75))*25.7+(2.1*1.25*0.6) -> 63.6405
F24: 新舊河道銜接段既有堤牆 | G24: ((3.75*(0.3+0.6)/2*35.65)+(5.5*0.85*35.65)) | H24: =((3.75*(0.3+0.6)/2*35.65)+(5.5*0.85*35.65)) -> 226.82312
F25: 河.070處樓梯+既有牆 | G25: ((3.75*(0.3+0.6)/2*6.7)+(2.1*0.6*18.7)+(0.35*1.5*18.7)+(0.35*3.75*3.2)) | H25: =((3.75*(0.3+0.6)/2*6.7)+(2.1*0.6*18.7)+(0.35*1.5*18.7)+(0.35*3.75*3.2)) -> 48.88575
F26: 既有排水溝(含蓋板)(路.N130~420) | G26: (277.6*0.525) | H26: =(277.6*0.525) -> 145.74
F27: 既有管涵+集水井 | G27: (1.1*0.35*196.3)+((0.38*0.38*3.14-0.3*0.3*3.14)*196.3)+2.85*2 | H27: =(1.1*0.35*196.3)+((0.38*0.38*3.14-0.3*0.3*3.14)*196.3)+2.85*2 -> 114.80668
F28: 公園步道及鋪面(圖說面積尚未檢核) | G28: (401.1+1104.5+1276+169.3+767.7+52.1)*0.3 | H28: =(401.1+1104.5+1276+169.3+767.7+52.1)*0.3 -> 1131.21
F29: 自行車道基礎(圖說面積尚未檢核) | G29: (77.5+169.3+170.9+49.4)*0.25 | H29: =(77.5+169.3+170.9+49.4)*0.25 -> 116.775
F30: 綠帶槽緣石+石椅(尚未檢核) | G30: ((112.1+241.1+229.5+0+60.8+0)*0.033)+((3+8+5.7+2.9)*0.5*0.75) | H30: =((112.1+241.1+229.5+0+60.8+0)*0.033)+((3+8+5.7+2.9)*0.5*0.75) -> 28.5855
F31: 河.260~280處既有基礎+路燈基礎 | G31: (0.8*(0.75+0.35)/2*18.2)+(0.8*0.8*1.45*7) | H31: =(0.8*(0.75+0.35)/2*18.2)+(0.8*0.8*1.45*7) -> 14.504
F32: 單孔000~064(清江+2處過路堤牆+抽水井處) | G32: (0.25*1.65*39)+((3.5*(0.3+0.6)/2*5.6)+(2.1*0.6*2.3))+(6.2*5.3*0.35+2.1*2.2*0.6) | H32: =(0.25*1.65*39)+((3.5*(0.3+0.6)/2*5.6)+(2.1*0.6*2.3))+(6.2*5.3*0.35+2.1*2.2*0.6) -> 42.0785
A36: 1.1.3 | B36: 盤踞切割 | C36: M | D36: 1743 | F36: 磺港橋(橋面及護欄+I梁+橫隔樑+帽梁+墩柱) | G36: =(27.2*16+10.5*6)+(1.25*6*12*5)+(2.3*6*7*2)+(3.8*6+5.2*8)+(2.5*3.14*6) | H36: =(27.2*16+10.5*6)+(1.25*6*12*5)+(2.3*6*7*2)+(3.8*6+5.2*8)+(2.5*3.14*6) -> 1252.9 | I36: =H36+H37 -> 1747.3 | J36: =I36-D36 -> 4.3 | K36: X
F37: 人行橋(希冀橋)含下方基礎 | G37: =18*12+8.5*4+(1.1*6*12*3+0.8)+(3*2) | H37: =18*12+8.5*4+(1.1*6*12*3+0.8)+(3*2) -> 494.4
A39: 1.1.4 | B39: 基地及路幅開挖，未含運費，(機械挖，0.7～0.79m3開挖機) | C39: B.M3 | D39: 26370 | E39: 28009.56 | F39: 新設河道斷面計算 | G39: 新設河道斷面計算 | H39: 26370 | I39: =E39 -> 28009.56 | J39: =SUM(H39:H42)-I39 -> -513.9233
F40: 磺港橋及希冀橋橋台清障開挖+單孔過路段及清江公園 | G40: ((5*6*6.5*2)+(13*3.5*6.8)+(3.2*8.5*1.6))+((747.2+149.44)) | H40: =((5*6*6.5*2)+(13*3.5*6.8)+(3.2*8.5*1.6))+((747.2+149.44)) -> 1639.56
F41: 箱涵挖方減少 | G41: (280-60)*7.35*0.3 | H41: =-(280-60)*7.35*0.3 -> -485.1
F42: 管涵集水井減作挖方減少 | G42: -(0.32*0.32*3.14*36+0.25*0.25*3.14*59.2+3.1+2.53) | H42: =-(0.32*0.32*3.14*36+0.25*0.25*3.14*59.2+3.1+2.53) -> -28.823296
A44: 1.1.5 | B44: 瀝青混凝土面層刨除，刨除料運費 | C44: M3 | D44: 4726.67 | F44: 既有道路(路.S145~200+路.N140~420) | G44: (7.5*55*0.24)+(9.6*37*0.25)+(7.1*243*0.24) | H44: =(7.5*55*0.24)+(9.6*37*0.25)+(7.1*243*0.24) -> 601.872 | I44: =H44+H45 -> 601.872 | J44: 尚未完成
A47: 1.1.6 | B47: 利用填方，含夯實 | C47: M3 | D47: 13120 | G47: 詳土方挖填計算表 | H47: =ROUND(9083/0.9*1.3,0) -> 13120 | I47: =D47 -> 13120 | J47: =SUM(H47:H53)-D47 -> 2647.2226
F48: 磺港橋、希冀橋、清江公園清障回填 | G48: ((5*6*6.5*2)+(13*3.5*6.8)+(3.2*8.5*1.6))+((747.2+149.44)) | H48: =((5*6*6.5*2)+(13*3.5*6.8)+(3.2*8.5*1.6))+((747.2+149.44)) -> 1639.56
F49: 保護樹B護坡回填 | G49: 3.6*2/2*24.3 | H49: =3.6*2/2*24.3 -> 87.48
F50: 護坡坡面線型斜率調整 | G50: (5.46*7.42/2-5.46*3.71/2)*50 | H50: =(5.46*7.42/2-5.46*3.71/2)*50 -> 506.415
F51: 道路高程抬高填方增加 | G51: 詳計算表 | H51: 331.5
F52: 雨水積磚2檢視井+0.7 | G52: (3.9625*21.55-1*1)*0.7 | H52: =(3.9625*21.55-1*1)*0.7 -> 59.074312
F53: 管涵減作填方增加 | G53: (0.32*0.32*3.14*36+0.25*0.25*3.14*59.2) | H53: =(0.32*0.32*3.14*36+0.25*0.25*3.14*59.2) -> 23.193296
A54: 1.1.7 | B54: 餘方遠運處理(台北港) | C54: B.M3 | D54: 13251 | F54: 統計聯單 | G54: 13251 | H54: 13251 | I54: =ROUND(SUM(H54:H57),0) -> 18245 | J54: =I54-D54 -> 4994 | K54: =I54-D54 -> 4994
E55: 1.1.8 | F55: 餘方自行處理(房屋廢方) | G55: 4813.44-212 | H55: =4813.44-212 -> 4601.44
E56: 1.4.22 | F56: PC樁產出 | G56: 0.3*0.3*3.14*10*57.108 | H56: =ROUND(0.3*0.3*3.14*10*57.108,2) -> 161.39
E57: 1.3.18 | F57: 餘方自行處理(含水土保持)，總重15t傾卸貨車 | G57: 231.09 | H57: 231.09
E58: 1.3.20 | F58: 希冀橋、磺港橋基樁產出(基樁項下已給價，只請聯單，不重複給價) | G58: 322/30*35 | H58: =ROUND(322/30*35,2) -> 375.67
A59: 1.1.8 | B59: 餘方自行處理(房屋廢方，含水土保持) | C59: M3 | D59: 4601.44 | F59: 機械拆除，鋼筋混凝土-回收料，改出台北港 | G59: 4813.44-212改出台北港 | H59: =4813.44-212 -> 4601.44 | I59: 0_x000D_ | K59: X
A60: 1.1.9 | B60: 瀝青混凝土面層刨除，厚5cm，刨除機1.2m寬，含瀝青鋪面打毛(未含運費) | C60: M2 | D60: 2588.5 | J60: 尚未完成
A62: 1.1.10 | B62: 瀝青混凝土面層刨除，厚10cm，刨除機2.2m寬，未含運費 | C62: M2 | D62: 9177 | F62: 既有道路(路.S145~200+路.N140~420) | G62: (7.5*55*2.5)+(9.6*37*2.5)+(7.1*243*2.5) | H62: =(7.5*55*2.5)+(9.6*37*2.5)+(7.1*243*2.5) -> 6232.5 | J62: 尚未完成
A64: 1.1.11 | B64: 切割瀝青混凝土或無筋混凝土，5cm≦切割深度＜10cm | C64: M | D64: 162.5 | F64: 既有道路(路.S120.S200.N130.N420處) | G64: (27.9+9.6+7.5+7.1) | H64: =(27.9+9.6+7.5+7.1) -> 52.1 | J64: 尚未完成
A66: 1.1.12 | B66: 清除及掘除，雜草雜木，含垃圾撿除，人工割 | C66: M2 | D66: 5217.7 | F66: 環境清整公園面積(面積尚未檢核) | G66: 環境清整公園面積 | H66: 3637 | J66: 尚未完成
A68: 1.1.13 | B68: 垃圾及廢棄物(以體積計)清運 | C68: M3 | D68: 782.66 | F68: 統計聯單 | G68: 統計聯單至113.9.23=27*4 | H68: =27*4 -> 108 | J68: 尚未完成
A69: 1.1.14 | B69: 節塊吊放 | C69: 次 | D69: 425 | F69: 既有磺港橋(橋面+I梁+橫隔樑+帽梁+墩柱)+既有人行橋(希冀橋) | G69: 425 | H69: 425
A70: 1.1.15 | B70: 機械拆除，工地雜項拆除清理，欄杆，含運費 | C70: M | D70: 255.5 | F70: 既有道路(路.S145~180LT+S145~180RT+路.N140~420LT) | G70: 35+(55-0.5*7)+(27*8+6.5+5.3) | H70: =35+(55-0.5*7)+(27*8+6.5+5.3) -> 314.3 | I70: =H70+H71 -> 415.08 | J70: =I70-D70 -> 159.58 | K70: P
F71: 清江公園側既有欄杆 | G71: (34.27+66.51) | H71: =34.27+66.51 -> 100.78 | K71: =H70-D70 -> 58.8
A73: 1.1.16 | B73: 土方運送(百齡抽水站) | C73: 趟 | D73: 2204 | F73: 統計聯單 | G73: 統計聯單至113.10.17計2107趟 | H73: 2107 | J73: 尚未完成
A74: 1.1.17 | B74: 既有路燈拆除繳回 | C74: 盞 | D74: 66 | F74: 高柱單盞9盞、矮柱單盞12盞、 矮柱雙盞22盞 | G74: 9+12+22*2 | H74: =9+12+22*2 -> 65 | J74: 尚未完成
A75: 1.1.18 | B75: 座椅拆除繳回 | C75: 座 | D75: 18 | G75: (2+7+6+3) | H75: 18
A76: 1.1.19 | B76: 解說牌拆除 | C76: 座 | D76: 4 | G76: 2+1+1 | H76: 4
A77: 1.1.20 | B77: 自行車架拆除 | C77: 座 | D77: 20 | F77: 自行車架拆除20座 | G77: 20 | H77: 20
A78: 1.1.21 | B78: 交通牌誌拆除 | C78: 座 | D78: 15 | F78: 既有磺港橋 | G78: 6+3+4+1+1 | H78: =6+3+4+1+1 -> 15
A80: 1.1.22 | B80: 既有水利設施拆除及運送 | C80: 式 | D80: 1 | F80: 閘門及既有水利設施 | G80: 1 | H80: 1
A81: 1.1.23 | B81: 交通維持，道路管制人員，日間(06-22時)，義交 | C81: 時 | D81: 30800 | F81: 統計單據 | G81: 統計單據.至113/9=日16568.5H、夜3104.5H，共計19673H，113/10預計時數:日1440H、夜240H | H81: =16568.5+3104.5+1440+240 -> 21353 | J81: 尚未完成 | K81: =710*16*3 -> 34080 | M81: =30800/730 -> 42.191781
A82: 1.1.24 | B82: 表土清除，堆置，及回填費，t=30cm | C82: M2 | E82: 2150 | F82: 百齡暫置場整地 | G82: 2150 | H82: 2150
A83: 1.1.25 | B83: 餘土分類處理 | C83: 日 | E83: 111 | F83: 實際施作統計日報 | G83: 實際施作統計日報，至113.9.30計101日 | H83: 101 | J83: 尚未完成
A84: (二) | B84: 土建景觀工程 | C84: 式 | D84: 1 | G84: 本大項尚未完成，未估算 | J84: 尚未完成
A85: 1.2.1 | B85: 構造物回填，回填及夯實(實際) | C85: C.M3 | D85: 1887.64
A86: 1.2.2 | B86: 構造物回填，回填及夯實，人工夯實 | C86: C.M3 | D86: 402.21
A87: 1.2.3 | B87: 鋼筋，SD280W | C87: KG | D87: 18865.76 | F87: 砌石擋牆A L=35.2 | G87: (1.65*236*2+6*60*2+3.95*236+2.9*236+6*282)*0.994 | H87: =(1.65*236*2+6*60*2+3.95*236+2.9*236+6*282)*0.994 -> 4778.5556 | I87: =H87+H88 -> 6449.3156
F88: 三合橋左岸欄杆B'基礎L=39M | G88: 詳計算表 | H88: =39*42.84 -> 1670.76
A89: 1.2.4 | B89: 結構用混凝土，預拌，140kgf/cm2 | C89: M3 | D89: 107.91 | F89: 砌石擋牆A L=35.2 | G89: 1.35*35.2*0.1 | H89: =1.35*35.2*0.1 -> 4.752 | I89: =H89 -> 4.752
A91: 1.2.5 | B91: 結構用混凝土，預拌，210kgf/cm2 | C91: M3 | D91: 564.01 | F91: 砌石擋牆A L=35.2 | G91: (1.35+2.05)*35.2*0.3+0.8*0.35*35.2 | H91: =(1.35+2.05)*35.2*0.3+0.8*0.35*35.2 -> 45.76 | I91: =SUM(H91:H94) -> 94.1794
F92: 護欄B' | G92: 0.3*0.4*(57.6+24.85) | H92: =0.3*0.4*(57.6+24.85) -> 9.894
F93: 護欄B'追加 | G93: 0.3*0.3*(510.51-57.6-24.85) | H93: =0.3*0.3*(510.51-57.6-24.85) -> 38.5254
A95: 1.2.6 | B95: 普通模板，丙種 | C95: M2 | D95: 1926.87 | F95: 砌石擋牆A L=35.2 | G95: (0.3+2.35+0.5+0.35+2.7)*35.2 | H95: =(0.3+2.35+0.5+0.35+2.7)*35.2 -> 218.24 | I95: =SUM(H95:H98) -> 624.336
F96: 磺港橋護欄 | G96: (0.24+0.95)*2*(18.2+16)+0.4*(0.24+0.95)*4 | H96: =(0.24+0.95)*2*(18.2+16)+0.4*(0.24+0.95)*4 -> 83.3
F97: 護欄B' | G97: 0.4*2*(57.6+24.85) | H97: =0.4*2*(57.6+24.85) -> 65.96
F98: 護欄B'追加 | G98: 0.3*2*(510.51-57.6-24.85) | H98: =0.3*2*(510.51-57.6-24.85) -> 256.836
A99: 1.2.7 | B99: 清水模板，鋼模 | C99: M2 | D99: 301.33 | F99: 座台A、座台D、座台E、座椅A、座椅B、草地座階
A100: 1.2.8 | B100: 鍍鋅鋼料 | C100: KG | D100: 5991.34 | H100: 5991.34 | I100: =SUM(H100:H105) -> 32931.474 | J100: =I100-D100 -> 26940.134 | K100: 放後擴 | M100: 長度 | N100: B'長度= | O100: =M102+M103+M105 -> 510.51
D101: 無編列數量 | F101: 護欄b(磺港橋+樓梯M) | G101: (18.25+16+3.25)*26.12 | H101: =(18.25+16+3.25)*26.12 -> 979.5 | K101: =6.35*4+0.53*9+6.61*1 -> 36.78 | M101: =18.25+16+3.25 -> 37.5
D102: 無編列數量 | F102: 欄杆B'(樓梯G、J+三合祠+護岸三左右岸+磺港橋頭左右側) | G102: (3.5+2.4*2+21.7+24.85+57.6+7.1+1.68+14.8)*49.44 | H102: =(3.5+2.4*2+21.7+24.85+57.6+7.1+1.68+14.8)*49.44 -> 6725.3232 | K102: =(3.5+2.4*2+21.7+24.85+57.6+7.1+1.68+14.8) -> 136.03 | M102: =3.5+2.4*2+21.7+24.85+57.6+7.1+1.68+14.8 -> 136.03
D103: 追加 | F103: 欄杆B'(清江公園側、三合祠延伸) | G103: (34.27+66.51+240)*49.44 | H103: =(34.27+66.51+240)*49.44 -> 16848.163 | K103: =34.27+66.51+240 -> 340.78 | M103: =34.27+66.51+240 -> 340.78
D104: 無編列數量 | F104: 欄杆C'(保護樹A、B) | G104: (21.65+17.75)*18.3 | H104: =(21.65+17.75)*18.3 -> 721.02 | K104: =(1.8+2.34)*2+1.4*8+3.144*2 -> 25.768 | M104: =21.65+17.75 -> 39.4
D105: 追加 | F105: 崇仁路1段155巷(南向) | G105: 33.7*49.44 | H105: =33.7*49.44 -> 1666.128 | M105: =33.7 -> 33.7 | N105: 模板均高0.1M，W=0.2M
A106: 1.2.9 | B106: 金屬材料，鋼料，裁切加工銲製(工廠加工) | C106: KG | D106: 5991.34 | H106: 5991.34 | I106: =SUM(H106:H111) -> 32931.474 | J106: =I106-D106 -> 26940.134 | K106: 放後擴
D107: 無編列數量 | F107: 護欄b(磺港橋+樓梯M) | G107: (18.25+16+3.25)*26.12 | H107: =(18.25+16+3.25)*26.12 -> 979.5
D108: 無編列數量 | F108: 欄杆B'(樓梯G、J+三合祠+護岸三左右岸+磺港橋頭左右側) | G108: (3.5+2.4*2+21.7+24.85+57.6+7.1+1.68+14.8)*49.44 | H108: =(3.5+2.4*2+21.7+24.85+57.6+7.1+1.68+14.8)*49.44 -> 6725.3232
D109: 追加 | F109: 欄杆B'(清江公園側、三合祠延伸) | G109: (34.27+66.51+240)*49.44 | H109: =(34.27+66.51+240)*49.44 -> 16848.163
D110: 無編列數量 | F110: 欄杆C'(保護樹A、B) | G110: (21.65+17.75)*18.3 | H110: =(21.65+17.75)*18.3 -> 721.02
D111: 追加 | F111: 崇仁路1段155巷(南向) | G111: 33.7*49.44 | H111: =33.7*49.44 -> 1666.128
A112: 1.2.10 | B112: 結構用鋼材，銲接結構用軋鋼料，SM400B鋼構工程及製作、組立工程(含加勁板、續接板、螺絲、螺栓、螺帽等) | C112: KG | D112: 1180.03
A113: 1.2.11 | B113: 透水磚紙模地坪 | C113: M2 | D113: 3879.21
A114: 1.2.12 | B114: 梯形磚鋪面，149.5x(30,20)x8cmTH | C114: M2 | D114: 462.9
A115: 1.2.13 | B115: 石材鋪面 | C115: M2 | D115: 5.09 | G115: 59.03+161.99+5.09+5.09+31.2+17.9 | H115: =59.03+161.99+5.09+5.09+31.2+17.9 -> 280.3 | J115: =H115-D115 -> 275.21 | K115: 放後擴
A116: 1.2.14 | B116: 卵石鋪面 | C116: M2 | D116: 18.76
...

Sheet 4變
C1: 臺北市政府工務局水利工程處
C2: 第4次變更項目對照詳細表
A3: 工程名稱：磺港溪再造C段護岸及步道整建工程(三合橋至奇岩抽水站) | K3: 日期： | L3: 45672
A4: 原契約分為 10 部分 本次變更 5 部分原有 393 項 | J4: 訂約總價 | L4: 257600000
A5: 前經 3 次變更設計，計新增 43 項，減少 3 項，變更 27 項，變更後合計 438 項 | J5: 前次變更後總價(綜簽) | L5: 308240521
A6: 本次變更設計，計新增 項，減少 項，變更 項，變更後合計 項 | J6: 本次變更後總價 | L6: =J9 -> 3.2364757e+08
A7: 項次 | B7: 項目名稱 | C7: 單位 | D7: 原 定 數 量 | E7: 變更後 數 量 | F7: 增 減 數 量 | G7: 契 約 單 價 | H7: 新 增 單 價 | I7: 原 訂 合 價 | J7: 變更後 合價 | K7: 追加 | L7: 追減 | M7: 備註 | O7: 變更依據 | P7: 數量計算式 | Q7: 變更原因
A9: 壹 | B9: 發包工程費 | C9: 式 | G9: =I9 -> 3.0824052e+08 | I9: =I10+I354+I380+I420+I424+I444+I464+I467+I468+I470 -> 3.0824052e+08 | J9: =J10+J354+J380+J420+J424+J444+J464+J467+J468+J470 -> 3.2364757e+08 | K9: =K10+K354+K380+K420+K424+K444+K464+K467+K468+K470 -> 23104847 | L9: =L10+L354+L380+L420+L424+L444+L464+L467+L468+L470 -> -7697802.7 | O9: =K9+L9 -> 15407045 | P9: =J9-I9 -> 15407045
A10: 一 | B10: 工程費 | C10: 式 | G10: =I10 -> 2.3286809e+08 | I10: =I11+I37+I126+I166+I195+I215+I232+I310+I344 -> 2.3286809e+08 | J10: =J11+J37+J126+J166+J195+J215+J232+J310+J344 -> 2.4546399e+08 | K10: =K11+K37+K126+K166+K195+K215+K232+K310+K344 -> 20293706 | L10: =L11+L37+L126+L166+L195+L215+L232+L310+L344 -> -7697802.7
A11: (一) | B11: 整備工程 | C11: 式 | G11: 61233816 | I11: =SUM(I12:I36) -> 61233816 | J11: =SUM(J12:J36) -> 61418256 | K11: =SUM(K12:K36) -> 5176911.3 | L11: =SUM(L12:L36) -> -4992470.4
A12: 1 | B12: 機械拆除，瀝青混凝土，未含運費 | C12: M3 | D12: 720.24 | E12: =估驗單!F8 -> 720.24 | G12: 193.11 | I12: =ROUND(D12*G12,2) -> 139085.55 | J12: =ROUND(E12*G12,2) -> 139085.55 | K12: =J12-I12 -> 0 | L12: =I12-J12 -> 0
A13: 2 | B13: 機械拆除，鋼筋混凝土，未含運費 | C13: M3 | D13: 4813.44 | E13: =估驗單!F9 -> 4813.44 | G13: 1046.16 | I13: =ROUND(D13*G13,2) -> 5035628.4 | J13: =ROUND(E13*G13,2) -> 5035628.4 | K13: =J13-I13 -> 0 | L13: =I13-J13 -> 0
A14: 3 | B14: 盤踞切割 | C14: M | D14: 1743 | E14: =估驗單!F10 -> 1743 | G14: 6199.66 | I14: =ROUND(D14*G14,2) -> 10806007 | J14: =ROUND(E14*G14,2) -> 10806007 | K14: =J14-I14 -> 0 | L14: =I14-J14 -> 0
A15: 4 | B15: 基地及路幅開挖，未含運費，(機械挖，0.7～0.79m3開挖機) | C15: B.M3 | D15: 28009.56 | E15: =估驗單!F11 -> 28009.56 | G15: 48.28 | I15: =ROUND(D15*G15,2) -> 1352301.6 | J15: =ROUND(E15*G15,2) -> 1352301.6 | O15: 112.12.12北市工水工字第1126067256號結論5 113.7.2北市工水工字第1136038674號 | Q15: 集水井、管涵減作挖方減少 箱涵高程調整
A16: 5 | B16: 瀝青混凝土面層刨除，刨除料運費 | C16: M3 | D16: 4726.67 | E16: =估驗單!F12 -> 4726.67 | G16: 599.71 | I16: =ROUND(D16*G16,2) -> 2834631.3 | J16: =ROUND(E16*G16,2) -> 2834631.3 | K16: =J16-I16 -> 0 | L16: =I16-J16 -> 0
A17: 6 | B17: 利用填方，含夯實 | C17: M3 | D17: 13120 | E17: =估驗單!F13 -> 13120 | G17: 104.64 | I17: =ROUND(D17*G17,2) -> 1372876.8 | J17: =ROUND(E17*G17,2) -> 1372876.8 | K17: =J17-I17 -> 0 | O17: 113.1.15北市工水工字第1136007935號結論3 113.7.2北市工水工字第1136038674號 | P17: (5.46*7.42/2-5.46*3.71/2)*50=506.42 | Q17: 低水護岸坡度調整1:2 箱涵高程調整
A18: 7 | B18: 餘方遠運處理(台北港) | C18: B.M3 | D18: 13251 | E18: ='數量計算(FOR4變)'!I54 -> 18245 | F18: =E18-D18 -> 4994 | G18: 1027.37 | I18: =ROUND(D18*G18,2) -> 13613680 | J18: =ROUND(E18*G18,2) -> 18744366 | K18: =J18-I18 -> 5130685.8 | M18: 不含基樁產出375.67，只請聯單不另給價 | O18: 發公文呈請簽核 | P18: 4601.44+231.09+161.39=4994 | Q18: 房屋廢方、基樁、PC樁產出餘方(非泥漿)改運台北港
A19: 8 | B19: 餘方自行處理(房屋廢方，含水土保持) | C19: M3 | D19: 4601.44 | E19: =估驗單!F15 -> 0_x000D_ | F19: =0-D19 -> -4601.44 | G19: 1084.98 | I19: =ROUND(D19*G19,2) -> 4992470.4 | J19: 0 | L19: =J19-I19 -> -4992470.4 | O19: 發公文呈請簽核 | Q19: 自行處理擬運送台北港收容
A20: 9 | B20: 瀝青混凝土面層刨除，厚5cm，刨除機1.2m寬，含瀝青鋪面打毛(未含運費) | C20: M2 | D20: 2588.5 | E20: =估驗單!F16 -> 2588.5 | G20: 30.45 | I20: =ROUND(D20*G20,2) -> 78819.83 | J20: =ROUND(E20*G20,2) -> 78819.83 | K20: =J20-I20 -> 0 | L20: =I20-J20 -> 0
A21: 10 | B21: 瀝青混凝土面層刨除，厚10cm，刨除機2.2m寬，未含運費 | C21: M2 | D21: 9177 | E21: =估驗單!F17 -> 9177 | G21: 28.48 | I21: =ROUND(D21*G21,2) -> 261360.96 | J21: =ROUND(E21*G21,2) -> 261360.96 | K21: =J21-I21 -> 0 | L21: =I21-J21 -> 0
A22: 11 | B22: 切割瀝青混凝土或無筋混凝土，5cm≦切割深度＜10cm | C22: M | D22: 162.5 | E22: =估驗單!F18 -> 162.5 | G22: 65.4 | I22: =ROUND(D22*G22,2) -> 10627.5 | J22: =ROUND(E22*G22,2) -> 10627.5 | K22: =J22-I22 -> 0 | L22: =I22-J22 -> 0
A23: 12 | B23: 清除及掘除，雜草雜木，含垃圾撿除，人工割 | C23: M2 | D23: 5217.7 | E23: =估驗單!F19 -> 5217.7 | G23: 20.19 | I23: =ROUND(D23*G23,2) -> 105345.36 | J23: =ROUND(E23*G23,2) -> 105345.36 | K23: =J23-I23 -> 0 | L23: =I23-J23 -> 0
A24: 13 | B24: 垃圾及廢棄物(以體積計)清運 | C24: M3 | D24: 782.66 | E24: =估驗單!F20 -> 782.66 | G24: 2286.68 | I24: =ROUND(D24*G24,2) -> 1789693 | J24: =ROUND(E24*G24,2) -> 1789693 | K24: =J24-I24 -> 0 | L24: =I24-J24 -> 0
A25: 14 | B25: 節塊吊放 | C25: 次 | D25: 425 | E25: =估驗單!F21 -> 425 | G25: 521.15 | I25: =ROUND(D25*G25,2) -> 221488.75 | J25: =ROUND(E25*G25,2) -> 221488.75 | K25: =J25-I25 -> 0 | L25: =I25-J25 -> 0
A26: 15 | B26: 機械拆除，工地雜項拆除清理，欄杆，含運費 | C26: M | D26: 255.5 | E26: =估驗單!F22 -> 415.08 | F26: =E26-D26 -> 159.58 | G26: 289.67 | I26: =ROUND(D26*G26,2) -> 74010.69 | J26: =ROUND(E26*G26,2) -> 120236.22 | K26: =J26-I26 -> 46225.53 | O26: 113.8.20北市工水工字第1136047137號結論(8) | P26: 34.27+66.51+58.80 | Q26: 既有欄杆老舊損傷，為維護行人通行安全及美觀 | R26: =34.27+66.51+58.8 -> 159.58
A27: 16 | B27: 土方運送(百齡抽水站) | C27: 趟 | D27: 2204 | E27: =估驗單!F23 -> 2204 | G27: 3082.11 | I27: =ROUND(D27*G27,2) -> 6792970.4 | J27: =ROUND(E27*G27,2) -> 6792970.4 | K27: =J27-I27 -> 0 | L27: =I27-J27 -> 0
A28: 17 | B28: 既有路燈拆除繳回 | C28: 盞 | D28: 66 | E28: =估驗單!F24 -> 66 | G28: 3311.26 | I28: =ROUND(D28*G28,2) -> 218543.16 | J28: =ROUND(E28*G28,2) -> 218543.16 | K28: =J28-I28 -> 0 | L28: =I28-J28 -> 0
A29: 18 | B29: 座椅拆除繳回 | C29: 座 | D29: 18 | E29: =估驗單!F25 -> 18 | G29: 1199.93 | I29: =ROUND(D29*G29,2) -> 21598.74 | J29: =ROUND(E29*G29,2) -> 21598.74 | K29: =J29-I29 -> 0 | L29: =I29-J29 -> 0
A30: 19 | B30: 解說牌拆除 | C30: 座 | D30: 4 | E30: =估驗單!F26 -> 4 | G30: 2999.84 | I30: =ROUND(D30*G30,2) -> 11999.36 | J30: =ROUND(E30*G30,2) -> 11999.36 | K30: =J30-I30 -> 0 | L30: =I30-J30 -> 0
A31: 20 | B31: 自行車架拆除 | C31: 座 | D31: 20 | E31: =估驗單!F27 -> 20 | G31: 2999.84 | I31: =ROUND(D31*G31,2) -> 59996.8 | J31: =ROUND(E31*G31,2) -> 59996.8 | K31: =J31-I31 -> 0 | L31: =I31-J31 -> 0
A32: 21 | B32: 交通牌誌拆除 | C32: 座 | D32: 15 | E32: =估驗單!F28 -> 15 | G32: 2999.84 | I32: =ROUND(D32*G32,2) -> 44997.6 | J32: =ROUND(E32*G32,2) -> 44997.6 | K32: =J32-I32 -> 0 | L32: =I32-J32 -> 0
A33: 22 | B33: 既有水利設施拆除及運送 | C33: 式 | D33: 1 | E33: =估驗單!F29 -> 1 | G33: 399978.19 | I33: =ROUND(D33*G33,2) -> 399978.19 | J33: =ROUND(E33*G33,2) -> 399978.19 | K33: =J33-I33 -> 0 | L33: =I33-J33 -> 0
A34: 23 | B34: 交通維持，道路管制人員，日間(06-22時)，義交 | C34: 時 | D34: 30800 | E34: =估驗單!F30 -> 30800 | F34: =E34-D34 -> 0 | G34: 280 | I34: =ROUND(D34*G34,2) -> 8624000 | J34: =ROUND(E34*G34,2) -> 8624000 | K34: =J34-I34 -> 0 | L34: =I34-J34 -> 0
A35: 24 | B35: 表土清除，堆置，及回填費，t=30cm | C35: M2 | D35: 2150 | E35: =估驗單!F31 -> 2150 | F35: =E35-D35 -> 0 | G35: 70.56 | I35: =ROUND(D35*G35,2) -> 151704 | J35: =ROUND(E35*G35,2) -> 151704 | K35: =J35-I35 -> 0 | L35: =I35-J35 -> 0
A36: 25 | B36: 餘土分類處理 | C36: 日 | D36: 111 | E36: =估驗單!F32 -> 111 | F36: =E36-D36 -> 0 | G36: 20000 | I36: =ROUND(D36*G36,2) -> 2220000 | J36: =ROUND(E36*G36,2) -> 2220000 | K36: =J36-I36 -> 0 | L36: =I36-J36 -> 0 | S36: 監造提供數量?
A37: (二) | B37: 土建景觀工程 | C37: 式 | E37: =估驗單!F33 -> 0 | F37: =E37-D37 -> 0 | G37: 30807124 | I37: =SUM(I38:I125) -> 30807124 | J37: =SUM(J38:J125) -> 32286203 | K37: =SUM(K38:K125) -> 3305690.7 | L37: =SUM(L38:L125) -> -1826612.4
A38: 1 | B38: 構造物回填，回填及夯實(實際) | C38: C.M3 | D38: 1887.64 | E38: =估驗單!F34 -> 1887.64 | F38: =E38-D38 -> 0 | G38: 320.72 | I38: =ROUND(D38*G38,2) -> 605403.9 | J38: =ROUND(E38*G38,2) -> 605403.9 | K38: =J38-I38 -> 0
A39: 2 | B39: 構造物回填，回填及夯實，人工夯實 | C39: C.M3 | D39: 402.21 | E39: =估驗單!F35 -> 402.21 | F39: =E39-D39 -> 0 | G39: 346.06 | I39: =ROUND(D39*G39,2) -> 139188.79 | J39: =ROUND(E39*G39,2) -> 139188.79 | K39: =J39-I39 -> 0
A40: 3 | B40: 鋼筋，SD280W | C40: KG | D40: 18865.76 | E40: =估驗單!F36 -> 18865.76 | F40: =E40-D40 -> 0 | G40: 36.4 | I40: =ROUND(D40*G40,2) -> 686713.66 | J40: =ROUND(E40*G40,2) -> 686713.66 | K40: =J40-I40 -> 0
A41: 4 | B41: 結構用混凝土，預拌，140kgf/cm2 | C41: M3 | D41: 107.91 | E41: =估驗單!F37 -> 107.91 | F41: =E41-D41 -> 0 | G41: 3114.97 | I41: =ROUND(D41*G41,2) -> 336136.41 | J41: =ROUND(E41*G41,2) -> 336136.41 | K41: =J41-I41 -> 0
A42: 5 | B42: 結構用混凝土，預拌，210kgf/cm2 | C42: M3 | D42: 564.01 | E42: =估驗單!F38 -> 564.01 | F42: =E42-D42 -> 0 | G42: 3320.96 | I42: =ROUND(D42*G42,2) -> 1873054.6 | J42: =ROUND(E42*G42,2) -> 1873054.6 | K42: =J42-I42 -> 0
A43: 6 | B43: 普通模板，丙種 | C43: M2 | D43: 1926.87 | E43: =估驗單!F39 -> 1926.87 | F43: =E43-D43 -> 0 | G43: 533.61 | I43: =ROUND(D43*G43,2) -> 1028197.1 | J43: =ROUND(E43*G43,2) -> 1028197.1 | K43: =J43-I43 -> 0
A44: 7 | B44: 清水模板，鋼模 | C44: M2 | D44: 301.33 | E44: =估驗單!F40 -> 301.33 | F44: =E44-D44 -> 0 | G44: 1299.82 | I44: =ROUND(D44*G44,2) -> 391674.76 | J44: =ROUND(E44*G44,2) -> 391674.76 | K44: =J44-I44 -> 0
A45: 8 | B45: 鍍鋅鋼料 | C45: KG | D45: 5991.34 | E45: =估驗單!F41 -> 5991.34 | F45: =E45-D45 -> 0 | G45: 60 | I45: =ROUND(D45*G45,2) -> 359480.4 | J45: =ROUND(E45*G45,2) -> 359480.4 | K45: =J45-I45 -> 0 | O45: 放後擴 113.8.20北市工水工字第1136047137號結論(8) | P45: (6.35*2+0.53*11)*(18.25+16+3.25)+(6.35*2+0.53*9+6.61*1)*(3.5+2.4*2+21.7+24.85+57.6+3.21)+(6.35*2+0.53*9+6.61*1)*(34.27+66.51)+((1.8+2.34)*2+1.4*8+3.144*2)*(21.65+17.75)=6922.01 | Q45: 護欄b(磺港橋+樓梯M)、欄杆B'(樓梯G、J+三合祠+護岸三左右岸+磺港橋頭)、清江公園側、欄杆C'(保護樹A、B)
A46: 9 | B46: 金屬材料，鋼料，裁切加工銲製(工廠加工) | C46: KG | D46: 5991.34 | E46: =估驗單!F42 -> 5991.34 | F46: =E46-D46 -> 0 | G46: 31.9 | I46: =ROUND(D46*G46,2) -> 191123.75 | J46: =ROUND(E46*G46,2) -> 191123.75 | K46: =J46-I46 -> 0 | O46: 放後擴 113.8.20北市工水工字第1136047137號結論(8) | P46: (6.35*2+0.53*11)*(18.25+16+3.25)+(6.35*2+0.53*9+6.61*1)*(3.5+2.4*2+21.7+24.85+57.6+3.21)+(6.35*2+0.53*9+6.61*1)*(34.27+66.51)+((1.8+2.34)*2+1.4*8+3.144*2)*(21.65+17.75)=6922.01 | Q46: 為上項材料加工費用
A47: 10 | B47: 結構用鋼材，銲接結構用軋鋼料，SM400B鋼構工程及製作、組立工程(含加勁板、續接板、螺絲、螺栓、螺帽等) | C47: KG | D47: 1180.03 | E47: =估驗單!F43 -> 1180.03 | F47: =E47-D47 -> 0 | G47: 107.3 | I47: =ROUND(D47*G47,2) -> 126617.22 | J47: =ROUND(E47*G47,2) -> 126617.22 | K47: =J47-I47 -> 0
A48: 11 | B48: 透水磚紙模地坪 | C48: M2 | D48: 3879.21 | E48: =估驗單!F44 -> 3879.21 | F48: =E48-D48 -> 0 | G48: 3092.69 | I48: =ROUND(D48*G48,2) -> 11997194 | J48: =ROUND(E48*G48,2) -> 11997194 | K48: =J48-I48 -> 0
A49: 12 | B49: 梯形磚鋪面，149.5x(30,20)x8cmTH | C49: M2 | D49: 462.9 | E49: =估驗單!F45 -> 462.9 | F49: =E49-D49 -> 0 | G49: 3961.37 | I49: =ROUND(D49*G49,2) -> 1833718.2 | J49: =ROUND(E49*G49,2) -> 1833718.2 | K49: =J49-I49 -> 0
A50: 13 | B50: 石材鋪面 | C50: M2 | D50: 5.09 | E50: =估驗單!F46 -> 5.09 | F50: =E50-D50 -> 0 | G50: 3965.59 | I50: =ROUND(D50*G50,2) -> 20184.85 | J50: =ROUND(E50*G50,2) -> 20184.85 | K50: =J50-I50 -> 0 | O50: 放後擴 | P50: 59.03+161.99+5.09+5.09+31.2+17.9=280.30 | Q50: 圖說數量計算
A51: 14 | B51: 卵石鋪面 | C51: M2 | D51: 18.76 | E51: =估驗單!F47 -> 18.76 | F51: =E51-D51 -> 0 | G51: 3391.22 | I51: =ROUND(D51*G51,2) -> 63619.29 | J51: =ROUND(E51*G51,2) -> 63619.29 | K51: =J51-I51 -> 0
A52: 15 | B52: 露骨材地坪 | C52: M2 | D52: 118.92 | E52: =估驗單!F48 -> 118.92 | F52: =E52-D52 -> 0 | G52: 773.85 | I52: =ROUND(D52*G52,2) -> 92026.24 | J52: =ROUND(E52*G52,2) -> 92026.24 | K52: =J52-I52 -> 0
A53: 16 | B53: PC地坪 | C53: M2 | D53: 173.3 | E53: =估驗單!F49 -> 173.3 | F53: =E53-D53 -> 0 | G53: 948.34 | I53: =ROUND(D53*G53,2) -> 164347.32 | J53: =ROUND(E53*G53,2) -> 164347.32 | K53: =J53-I53 -> 0
A54: 17 | B54: 格柵鋪面B | C54: 座 | D54: 1 | E54: =估驗單!F50 -> 1 | F54: =E54-D54 -> 0 | G54: 144378.63 | I54: =ROUND(D54*G54,2) -> 144378.63 | J54: =ROUND(E54*G54,2) -> 144378.63 | K54: =J54-I54 -> 0
A55: 18 | B55: 細石子鋪面 | C55: C.M3 | D55: 156.68 | E55: =估驗單!F51 -> 156.68 | F55: =E55-D55 -> 0 | G55: 145.21 | I55: =ROUND(D55*G55,2) -> 22751.5 | J55: =ROUND(E55*G55,2) -> 22751.5 | K55: =J55-I55 -> 0
A56: 19 | B56: 鋼板收邊A型 | C56: M | D56: 689.86 | E56: =估驗單!F52 -> 689.86 | F56: =E56-D56 -> 0 | G56: 2755.78 | I56: =ROUND(D56*G56,2) -> 1901102.4 | J56: =ROUND(E56*G56,2) -> 1901102.4 | K56: =J56-I56 -> 0
A57: 20 | B57: 鋼板收邊B型 | C57: M | D57: 12.91 | E57: =估驗單!F53 -> 12.91 | F57: =E57-D57 -> 0 | G57: 576.77 | I57: =ROUND(D57*G57,2) -> 7446.1 | J57: =ROUND(E57*G57,2) -> 7446.1 | K57: =J57-I57 -> 0
A58: 21 | B58: 界石收邊 | C58: M | D58: 56.09 | E58: =估驗單!F54 -> 56.09 | F58: =E58-D58 -> 0 | G58: 615.31 | I58: =ROUND(D58*G58,2) -> 34512.74 | J58: =ROUND(E58*G58,2) -> 34512.74 | K58: =J58-I58 -> 0
A59: 22 | B59: 緣石收邊 | C59: M | D59: 656.91 | E59: =估驗單!F55 -> 656.91 | F59: =E59-D59 -> 0 | G59: 685.27 | I59: =ROUND(D59*G59,2) -> 450160.72 | J59: =ROUND(E59*G59,2) -> 450160.72 | K59: =J59-I59 -> 0
A60: 23 | B60: 道路緣石收邊 | C60: M | D60: 1254.13 | E60: =估驗單!F56 -> 1254.13 | F60: =E60-D60 -> 0 | G60: 699.69 | I60: =ROUND(D60*G60,2) -> 877502.22 | J60: =ROUND(E60*G60,2) -> 877502.22 | K60: =J60-I60 -> 0
A61: 24 | B61: 道路緣石斜坡式 | C61: M | D61: 44.64 | E61: =估驗單!F57 -> 44.64 | F61: =E61-D61 -> 0 | G61: 1199.27 | I61: =ROUND(D61*G61,2) -> 53535.41 | J61: =ROUND(E61*G61,2) -> 53535.41 | K61: =J61-I61 -> 0
A62: 25 | B62: 場鑄道路緣石 | C62: M | D62: 142.26 | E62: =估驗單!F58 -> 142.26 | F62: =E62-D62 -> 0 | G62: 57.68 | I62: =ROUND(D62*G62,2) -> 8205.56 | J62: =ROUND(E62*G62,2) -> 8205.56 | K62: =J62-I62 -> 0
... A73: 36 | B73: 草地座階 | C73: M | D73: 30.1 | E73: =估驗單!F69 -> 30.1 | F73: =E73-D73 -> 0 | G73: 545.1 | I73: =ROUND(D73*G73,2) -> 16407.51 | J73: =ROUND(E73*G73,2) -> 16407.51 | K73: =J73-I73 -> 0
A74: 37 | B74: 砌石擋牆A | C74: M | D74: 31.2 | E74: =估驗單!F70 -> 35.2 | F74: =E74-D74 -> 4 | G74: 8355.11 | I74: =ROUND(D74*G74,2) -> 260679.43 | J74: =ROUND(E74*G74,2) -> 294099.87 | K74: =J74-I74 -> 33420.44 | O74: 113.2.7北市工水工字第1136012436號結論3 | P74: 23.2+12=35.2 | Q74: 保護樹AB因後續施作擋根板、擋牆與地梁結構僅距1.5M，開挖後產生崩塌情形，調整結構
A75: 38 | B75: 砌石擋牆B | C75: M | D75: 17.9 | E75: =估驗單!F71 -> 24.3 | F75: =E75-D75 -> 6.4 | G75: 5394.64 | I75: =ROUND(D75*G75,2) -> 96564.06 | J75: =ROUND(E75*G75,2) -> 131089.75 | K75: =J75-I75 -> 34525.69 | O75: 113.2.7北市工水工字第1136012436號結論3 | P75: 24.3 | Q75: 保護樹AB因後續施作擋根板、擋牆與地梁結構僅距1.5M，開挖後產生崩塌情形，調整結構
A76: 39 | B76: 鋼板擋牆 | C76: M | D76: 19.6 | E76: =估驗單!F72 -> 19.6 | F76: =E76-D76 -> 0 | G76: 432.57 | I76: =ROUND(D76*G76,2) -> 8478.37 | J76: =ROUND(E76*G76,2) -> 8478.37 | K76: =J76-I76 -> 0
A77: 40 | B77: 擋牆b’型 | C77: M | D77: 24.9 | E77: =估驗單!F73 -> 24.9 | F77: =E77-D77 -> 0 | G77: 1224.22 | I77: =ROUND(D77*G77,2) -> 30483.08 | J77: =ROUND(E77*G77,2) -> 30483.08 | K77: =J77-I77 -> 0
A78: 41 | B78: 擋牆c’型 | C78: M | D78: 3.5 | E78: =估驗單!F74 -> 3.5 | F78: =E78-D78 -> 0 | G78: 1148.63 | I78: =ROUND(D78*G78,2) -> 4020.21 | J78: =ROUND(E78*G78,2) -> 4020.21 | K78: =J78-I78 -> 0
A79: 42 | B79: 樓梯E | C79: 座 | D79: 1 | E79: =估驗單!F75 -> 1 | F79: =E79-D79 -> 0 | G79: 5698.63 | I79: =ROUND(D79*G79,2) -> 5698.63 | J79: =ROUND(E79*G79,2) -> 5698.63 | K79: =J79-I79 -> 0
A80: 43 | B80: 樓梯G | C80: 座 | D80: 1 | E80: =估驗單!F76 -> 1 | F80: =E80-D80 -> 0 | G80: 5963.22 | I80: =ROUND(D80*G80,2) -> 5963.22 | J80: =ROUND(E80*G80,2) -> 5963.22 | K80: =J80-I80 -> 0
A81: 44 | B81: 樓梯H | C81: 座 | D81: 1 | E81: =估驗單!F77 -> 1 | F81: =E81-D81 -> 0 | G81: 1421.11 | I81: =ROUND(D81*G81,2) -> 1421.11 | J81: =ROUND(E81*G81,2) -> 1421.11 | K81: =J81-I81 -> 0
A82: 45 | B82: 樓梯J | C82: 座 | D82: 1 | E82: =估驗單!F78 -> 1 | F82: =E82-D82 -> 0 | G82: 4031.83 | I82: =ROUND(D82*G82,2) -> 4031.83 | J82: =ROUND(E82*G82,2) -> 4031.83 | K82: =J82-I82 -> 0
A83: 46 | B83: 樓梯K | C83: 座 | D83: 1 | E83: =估驗單!F79 -> 1 | F83: =E83-D83 -> 0 | G83: 3313.67 | I83: =ROUND(D83*G83,2) -> 3313.67 | J83: =ROUND(E83*G83,2) -> 3313.67 | K83: =J83-I83 -> 0
A84: 47 | B84: 欄杆B | C84: M | D84: 149.5 | E84: =估驗單!F80 -> 149.5 | F84: =E84-D84 -> 0 | G84: 1975.94 | I84: =ROUND(D84*G84,2) -> 295403.03 | J84: =ROUND(E84*G84,2) -> 295403.03 | K84: =J84-I84 -> 0
A85: 48 | B85: 欄杆C | C85: M | D85: 39.3 | E85: =估驗單!F81 -> 39.3 | F85: =E85-D85 -> 0 | G85: 4874.23 | I85: =ROUND(D85*G85,2) -> 191557.24 | J85: =ROUND(E85*G85,2) -> 191557.24 | K85: =J85-I85 -> 0
A86: 49 | B86: 護欄b | C86: M | D86: 51.3 | E86: =估驗單!F82 -> 51.3 | F86: =E86-D86 -> 0 | G86: 2938.96 | I86: =ROUND(D86*G86,2) -> 150768.65 | J86: =ROUND(E86*G86,2) -> 150768.65 | K86: =J86-I86 -> 0
A87: 50 | B87: 地圖牌 | C87: 座 | D87: 1 | E87: =估驗單!F83 -> 1 | F87: =E87-D87 -> 0 | G87: 23029.53 | I87: =ROUND(D87*G87,2) -> 23029.53 | J87: =ROUND(E87*G87,2) -> 23029.53 | K87: =J87-I87 -> 0
... A107: 70 | B107: 巢箱 | C107: 組 | D107: 3 | E107: =估驗單!F103 -> 3 | F107: =E107-D107 -> 0 | G107: 4575.03 | I107: =ROUND(D107*G107,2) -> 13725.09 | J107: =ROUND(E107*G107,2) -> 13725.09 | K107: =J107-I107 -> 0
A108: 71 | B108: 自然景石 | C108: T | D108: 88.17 | E108: =估驗單!F104 -> 88.17 | F108: =E108-D108 -> 0 | G108: 15299.17 | I108: =ROUND(D108*G108,2) -> 1348927.8 | J108: =ROUND(E108*G108,2) -> 1348927.8 | K108: =J108-I108 -> 0 | O108: 放結算5%內 | P108: (12*3234+35*1078+19*336+46*134)/1000=89.09，景石A*12景石B*35景石C*19景石D*46共112顆 | Q108: 實作數量計算
A109: 72 | B109: 陰井 | C109: 座 | D109: 25 | E109: =估驗單!F105 -> 25 | F109: =E109-D109 -> 0 | G109: 4498.31 | I109: =ROUND(D109*G109,2) -> 112457.75 | J109: =ROUND(E109*G109,2) -> 112457.75 | K109: =J109-I109 -> 0
A110: 73 | B110: PP陰井 | C110: 座 | D110: 13 | E110: =估驗單!F106 -> 13 | F110: =E110-D110 -> 0 | G110: 3353.5 | I110: =ROUND(D110*G110,2) -> 43595.5 | J110: =ROUND(E110*G110,2) -> 43595.5 | K110: =J110-I110 -> 0
A111: 74 | B111: 截水溝A型 | C111: M | D111: 9.8 | E111: =估驗單!F107 -> 9.8 | F111: =E111-D111 -> 0 | G111: 9873.85 | I111: =ROUND(D111*G111,2) -> 96763.73 | J111: =ROUND(E111*G111,2) -> 96763.73 | K111: =J111-I111 -> 0
A112: 75 | B112: 截水溝B型 | C112: M | D112: 6.2 | E112: =估驗單!F108 -> 6.2 | F112: =E112-D112 -> 0 | G112: 6554 | I112: =ROUND(D112*G112,2) -> 40634.8 | J112: =ROUND(E112*G112,2) -> 40634.8 | K112: =J112-I112 -> 0
A113: 76 | B113: 截水溝C型 | C113: M | D113: 3.3 | E113: =估驗單!F109 -> 3.3 | F113: =E113-D113 -> 0 | G113: 8390.27 | I113: =ROUND(D113*G113,2) -> 27687.89 | J113: =ROUND(E113*G113,2) -> 27687.89 | K113: =J113-I113 -> 0
A114: 77 | B114: 草溝+∮4" HDPE透水管 | C114: M | D114: 40.6 | E114: =估驗單!F110 -> 40.6 | F114: =E114-D114 -> 0 | G114: 671.95 | I114: =ROUND(D114*G114,2) -> 27281.17 | J114: =ROUND(E114*G114,2) -> 27281.17 | K114: =J114-I114 -> 0
A115: 78 | B115: ∮3"HDPE透水管 | C115: M | D115: 176.7 | E115: =估驗單!F111 -> 176.7 | F115: =E115-D115 -> 0 | G115: 658.27 | I115: =ROUND(D115*G115,2) -> 116316.31 | J115: =ROUND(E115*G115,2) -> 116316.31 | K115: =J115-I115 -> 0
A116: 79 | B116: ∮4"HDPE透水管 | C116: M | D116: 251.7 | E116: =估驗單!F112 -> 251.7 | F116: =E116-D116 -> 0 | G116: 730.37 | I116: =ROUND(D116*G116,2) -> 183834.13 | J116: =ROUND(E116*G116,2) -> 183834.13 | K116: =J116-I116 -> 0
A117: 80 | B117: ∮2"PVC排水管埋設 | C117: M | D117: 6.8 | E117: =估驗單!F113 -> 6.8 | F117: =E117-D117 -> 0 | G117: 406.38 | I117: =ROUND(D117*G117,2) -> 2763.38 | J117: =ROUND(E117*G117,2) -> 2763.38 | K117: =J117-I117 -> 0
A118: 81 | B118: ∮4"PVC排水管埋設 | C118: M | D118: 44.2 | E118: =估驗單!F114 -> 44.2 | F118: =E118-D118 -> 0 | G118: 457.88 | I118: =ROUND(D118*G118,2) -> 20238.3 | J118: =ROUND(E118*G118,2) -> 20238.3 | K118: =J118-I118 -> 0
A119: 82 | B119: ∮4B(厚管)"PVC排水管埋設 | C119: M | D119: 10.7 | E119: =估驗單!F115 -> 10.7 | F119: =E119-D119 -> 0 | G119: 499.08 | I119: =ROUND(D119*G119,2) -> 5340.16 | J119: =ROUND(E119*G119,2) -> 5340.16 | K119: =J119-I119 -> 0
A120: 83 | B120: ∮6"PVC排水管埋設 | C120: M | D120: 62.5 | E120: =估驗單!F116 -> 62.5 | F120: =E120-D120 -> 0 | G120: 545.82 | I120: =ROUND(D120*G120,2) -> 34113.75 | J120: =ROUND(E120*G120,2) -> 34113.75 | K120: =J120-I120 -> 0
A121: 84 | B121: 淺溝 | C121: M | D121: 84.8 | E121: =估驗單!F117 -> 84.8 | F121: =E121-D121 -> 0 | G121: 7340.02 | I121: =ROUND(D121*G121,2) -> 622433.7 | J121: =ROUND(E121*G121,2) -> 622433.7 | K121: =J121-I121 -> 0
A122: 85 | B122: 雨水回收槽 | C122: 座 | D122: 2 | E122: 0 | F122: =E122-D122 -> -2 | G122: 913306.18 | I122: =ROUND(D122*G122,2) -> 1826612.4 | J122: =ROUND(E122*G122,2) -> 0 | L122: =J122-I122 -> -1826612.4 | O122: 依「磺港溪再造委託規劃設計工作(延壽橋至西安橋) 公共設施用地開發保水檢核(定稿版)」辦理。113.10.23備忘錄 | Q122: 依下工科核定「磺港溪再造委託規劃設計工作(延壽橋至西安橋) 公共設施用地開發保水計畫辦理
A123: 86 | B123: 雨水回收槽(1) | C123: 座 | D123: 0 | E123: 1 | F123: =E123-D123 -> 1 | G123: 0 | H123: 704273.82 | I123: =ROUND(D123*G123,2) -> 0 | J123: =ROUND(E123*H123,2) -> 704273.82 | K123: =J123-I123 -> 704273.82 | M123: 新增工項，契約單價 | P123: 25.25M2
A124: 87 | B124: 雨水回收槽(2) | C124: 座 | D124: 0 | E124: 1 | F124: =E124-D124 -> 1 | G124: 0 | H124: 1255553.2 | I124: =ROUND(D124*G124,2) -> 0 | J124: =ROUND(E124*H124,2) -> 1255553.2 | K124: =J124-I124 -> 1255553.2 | M124: 新增工項，契約單價 | P124: 50.5M2
A125: 88 | B125: 雨水回收槽(3) | C125: 座 | D125: 0 | E125: 1 | F125: =E125-D125 -> 1 | G125: 0 | H125: 1277917.6 | I125: =ROUND(D125*G125,2) -> 0 | J125: =ROUND(E125*H125,2) -> 1277917.6 | K125: =J125-I125 -> 1277917.6 | M125: 新增工項，契約單價 | P125: 61.4M2
A126: (三) | B126: 橋梁工程 | C126: 式 | E126: =估驗單!F119 -> 0 | F126: =E126-D126 -> 0 | G126: =I126 -> 45369260 | I126: =SUM(I127:I165) -> 45369260 | J126: =SUM(J127:J165) -> 45442983 | K126: =SUM(K127:K165) -> 240343.8 | L126: =SUM(L127:L165) -> -166620.51
A127: 1 | B127: 構造物回填，回填及夯實(實際) | C127: C.M3 | D127: 928.51 | E127: =估驗單!F120 -> 928.51 | F127: =E127-D127 -> 0 | G127: 320.72 | I127: =ROUND(D127*G127,2) -> 297791.73 | J127: =ROUND(E127*G127,2) -> 297791.73 | K127: =J127-I127 -> 0
A128: 2 | B128: 結構用混凝土，預拌，140kgf/cm2 | C128: M3 | D128: 26.33 | E128: =估驗單!F121 -> 26.33 | F128: =E128-D128 -> 0 | G128: 3114.97 | I128: =ROUND(D128*G128,2) -> 82017.16 | J128: =ROUND(E128*G128,2) -> 82017.16 | K128: =J128-I128 -> 0
A129: 3 | B129: 結構用混凝土，預拌，210kgf/cm2 | C129: M3 | D129: 36.86 | E129: =估驗單!F122 -> 36.86 | F129: =E129-D129 -> 0 | G129: 3320.96 | I129: =ROUND(D129*G129,2) -> 122410.59 | J129: =ROUND(E129*G129,2) -> 122410.59 | K129: =J129-I129 -> 0
A130: 4 | B130: 結構用混凝土，預拌，280kgf/cm2 | C130: M3 | D130: 654.83 | E130: =估驗單!F123 -> 654.83 | F130: =E130-D130 -> 0 | G130: 3643.53 | I130: =ROUND(D130*G130,2) -> 2385892.8 | J130: =ROUND(E130*G130,2) -> 2385892.8 | K130: =J130-I130 -> 0
...

Sheet 數量計算(FOR5變) 
A1: 臺北市政府工務局水利工程處
A2: 數量計算書
A3: 工程名稱：磺港溪再造C段護岸及步道整建工程(三合橋至奇岩抽水站)
A4: 施工地點：北投磺港溪 | F4: 工程編號：111 070020302 038 02 | J4: {='5變(議價前)'!M3:N3} -> 45868 | K4: 0
A5: 項次 | B5: 項目及說明 | C5: 單位 | D5: 四變契約數量 | E5: 變更後數量 | F5: 計算式 | H5: 數量小計 | I5: 實作數量合計 | J5: 應追加減數量
A6: 壹 | B6: 發包工程費 | C6: 式 | D6: 1
A7: 一 | B7: 工程費 | C7: 式 | D7: 1
A8: (一) | B8: 整備工程 | C8: 式 | D8: 1
A9: 1.1.1 | B9: 機械拆除，瀝青混凝土，未含運費 | C9: M3 | D9: 720.24 | E9: =D9 -> 720.24 | F9: 緣石邊及人孔處(河.LT000~290+RT000~060) | G9: =(290*2*0.15*0.2+12*5*0.15*0.2)+(53*2*0.14*0.2+3*4*0.15*0.2) | H9: =(290*2*0.15*0.2+12*5*0.15*0.2)+(53*2*0.15*0.2+3*4*0.14*0.2) -> 22.716 | I9: =SUM(H9:H15) -> 719.808 | J9: =D9-E9 -> 0 | K9: 僅機械工資
F10: 既有磺港橋橋面 | G10: =27.2*10.5*0.25 | H10: =27.2*10.5*0.25 -> 71.4
F11: 既有磺港橋南側 | G11: =11.5*(7.5+4.5)/2*0.25 | H11: =11.5*(7.5+4.5)/2*0.25 -> 17.25
F12: 自行車道AC打除 | G12: (77.5+169.3+170.9+49.4)*0.2 | H12: =(77.5+169.3+170.9+49.4)*0.2 -> 93.42
F13: 抽水站旁 | G13: =10.8*(7.5+9.5)/2*0.25 | H13: =10.8*(7.5+9.5)/2*0.25 -> 22.95
F14: 左岸及工區七 | G14: (605.74+547.65+571.09+245.16+490.72)*0.2 | H14: =(605.74+547.65+571.09+245.16+490.72)*0.2 -> 492.072
A16: 1.1.2 | B16: 機械拆除，鋼筋混凝土，未含運費 | C16: M3 | D16: 4813.44 | E16: 4813.44 | F16: 路側RC護欄(河.LT000~290+RT000~060) | G16: =(1.2*0.5*8*39)+(1.2*0.5*8*7) | H16: =(1.2*0.5*8*39)+(1.2*0.5*8*7) -> 220.8 | I16: =SUM(H16:H36) -> 4813.6512 | J16: 0
F17: 磺港橋(橋面及護欄+I梁+橫隔樑+帽梁+中墩柱) | G17: ((27.2*10.3*0.3+0.3*1.1*27.2*2)+(13.2*1.25*0.6*7*2)+(6.8*1.25*0.5*7)+(((1.9+0.8)/2*1.2*7.8)+1.9*2.5*1.2)+((1.25*1.25*3.14*3.6))) | H17: =((27.2*10.3*0.3+0.3*1.1*27.2*2)+(13.2*1.25*0.6*7*2)+(6.8*1.25*0.5*7)+(((1.9+0.8)/2*1.2*7.8)+1.9*2.5*1.2)+((1.25*1.25*3.14*3.6))) -> 306.3485
F18: 橋台+基礎+進橋台 | G18: (10.3*1.8*4.2+10.3*1.8*2.8)*2+(10.3*2.8*1.8)*2+((60.65*(3.9+2.2)/2*0.55)+(10.3*3.9*0.6)) | H18: =(10.3*1.8*4.2+10.3*1.8*2.8)*2+(10.3*2.8*1.8)*2+((60.65*(3.9+2.2)/2*0.55)+(10.3*3.9*0.6)) -> 489.22638
F19: 既有橋北側堤牆(含基礎)+既有河道底(含新舊河道銜接段) | G19: ((3.75*(0.3+0.6)/2*63.7)+(5.5*0.85*63.7))+(26.8*7*0.6+18.5*7*0.35) | H19: =((3.75*(0.3+0.6)/2*63.7)+(5.5*0.85*63.7))+(26.8*7*0.6+18.5*7*0.35) -> 563.17625
F20: 人行橋+橋台+基礎+既有河道底+樓梯 | G20: ((19.3*0.52*0.8*4)+(19.3*7.2*0.3)+(6.8*2.2*0.8*2)+(9.5*3*0.8+9.5*1.8*0.3)+(17.8*0.55*2.8*2)) | H20: =((19.3*0.52*0.8*4)+(19.3*7.2*0.3)+(6.8*2.2*0.8*2)+(9.5*3*0.8+9.5*1.8*0.3)+(17.8*0.55*2.8*2)) -> 180.4932
F21: 既有人行道(路.S120~200+河.LT017~280+河.RT005~280含護欄柱) | G21: ((0.9*0.25*80)+(1.25*0.25*263)+(1.15*0.2*263+0.5*0.5*1.05*31)) | H21: =((0.9*0.25*80)+(1.25*0.25*263)+(1.15*0.2*263+0.5*0.5*1.05*31)) -> 168.815
F22: 既有台電(路N.河.LT017~280含手孔) | G22: ((1.1*0.8-(0.04*0.04*3.14*6))*263+(1.15*5)) | H22: =((1.1*0.8-(0.04*0.04*3.14*6))*263+(1.15*5)) -> 229.26213
F23: 既有箱涵+閘門平台 | G23: ((2.1*2.4)-(1.5*1.75))*25.7+(2.1*1.25*0.6) | H23: =((2.1*2.4)-(1.5*1.75))*25.7+(2.1*1.25*0.6) -> 63.6405
F24: 新舊河道銜接段既有堤牆 | G24: ((3.75*(0.3+0.6)/2*35.65)+(5.5*0.85*35.65)) | H24: =((3.75*(0.3+0.6)/2*35.65)+(5.5*0.85*35.65)) -> 226.82312
F25: 河.070處樓梯+既有牆 | G25: ((3.75*(0.3+0.6)/2*6.7)+(2.1*0.6*18.7)+(0.35*1.5*18.7)+(0.35*3.75*3.2)) | H25: =((3.75*(0.3+0.6)/2*6.7)+(2.1*0.6*18.7)+(0.35*1.5*18.7)+(0.35*3.75*3.2)) -> 48.88575
F26: 既有排水溝(含蓋板)及排水設施 | G26: (102.7+276.9+247.7+0+115.1+172.9)*0.525+12.33*21.9 | H26: =(102.7+276.9+247.7+0+115.1+172.9)*0.525+12.33*21.9 -> 750.5595
F27: 既有管涵+集水井 | G27: (1.1*0.35*196.3)+((0.38*0.38*3.14-0.3*0.3*3.14)*196.3)+2.85*2 | H27: =(1.1*0.35*196.3)+((0.38*0.38*3.14-0.3*0.3*3.14)*196.3)+2.85*2 -> 114.80668
F28: 公園步道及鋪面 | G28: (401.1+1104.5+1276+169.3+767.7+52.1)*0.3 | H28: =(401.1+1104.5+1276+169.3+767.7+52.1)*0.3 -> 1131.21
F29: 自行車道基礎 | G29: (77.5+169.3+170.9+49.4)*0.25 | H29: =(77.5+169.3+170.9+49.4)*0.25 -> 116.775
F30: 綠帶槽緣石+石椅 | G30: ((112.1+241.1+229.5+0+60.8+0)*0.033)+((3+8+5.7+2.9)*0.5*0.75) | H30: =((112.1+241.1+229.5+0+60.8+0)*0.033)+((3+8+5.7+2.9)*0.5*0.75) -> 28.5855
F31: 河.260~280處既有基礎+路燈基礎 | G31: (0.8*(0.75+0.35)/2*18.2)+(0.8*0.8*1.45*7) | H31: =(0.8*(0.75+0.35)/2*18.2)+(0.8*0.8*1.45*7) -> 14.504
F32: 單孔000~064(清江+2處過路堤牆+抽水井處) | G32: (0.25*1.65*39)+((3.5*(0.3+0.6)/2*5.6)+(2.1*0.6*2.3))+(6.2*5.3*0.35+2.1*2.2*0.6) | H32: =(0.25*1.65*39)+((3.5*(0.3+0.6)/2*5.6)+(2.1*0.6*2.3))+(6.2*5.3*0.35+2.1*2.2*0.6) -> 42.0785
F33: 工區七既有堤牆頂 | G33: 0.2*0.2*33.7 | H33: =0.2*0.2*33.7 -> 1.348
F34: 木棧道 | G34: 11.7*4.8*0.5 | H34: =11.7*4.8*0.5 -> 28.08
F35: 涼亭 | G35: 0.15*0.15*3.14*4*2+4*4*2 | H35: =0.15*0.15*3.14*4*2+4*4*2 -> 32.5652
F36: 三合祠棚架及地坪 | G36: 3.3*4.2*0.8+5*16.6*0.5+1.1*2.8 | H36: =3.3*4.2*0.8+5*16.6*0.5+1.1*2.8 -> 55.668
A37: 1.1.3 | B37: 盤踞切割 | C37: M | D37: 1743 | E37: =I37 -> 1810.3 | F37: 磺港橋(橋面及護欄+I梁+橫隔樑+帽梁+墩柱) | G37: =(27.2*16+10.5*6)+(1.25*6*12*5)+(2.3*6*7*2)+(3.8*6+5.2*8)+(2.5*3.14*6) | H37: =(27.2*16+10.5*6)+(1.25*6*12*5)+(2.3*6*7*2)+(3.8*6+5.2*8)+(2.5*3.14*6) -> 1252.9 | I37: =H37+H38+H39 -> 1810.3 | J37: =I37-D37 -> 67.3 | K37: X
F38: 人行橋(希冀橋)含下方基礎 | G38: =18*12+8.5*4+(1.1*6*12*3+0.8)+(3*2) | H38: =18*12+8.5*4+(1.1*6*12*3+0.8)+(3*2) -> 494.4
F39: 三合祠基礎周長4.2+3.4+4.1+3.3=15 | G39: 15+13+11+9+7+5+3=63 | H39: 63
A40: 1.1.4 | B40: 基地及路幅開挖，未含運費，(機械挖，0.7～0.79m3開挖機) | C40: B.M3 | D40: 28009.56 | E40: =I40 -> 27495.637 | F40: 新設河道斷面計算 | G40: 新設河道斷面計算 | H40: 26370 | I40: =SUM(H40:H43) -> 27495.637 | J40: =E40-D40 -> -513.9233
F41: 磺港橋及希冀橋橋台清障開挖+單孔過路段及清江公園 | G41: ((5*6*6.5*2)+(13*3.5*6.8)+(3.2*8.5*1.6))+((747.2+149.44)) | H41: =((5*6*6.5*2)+(13*3.5*6.8)+(3.2*8.5*1.6))+((747.2+149.44)) -> 1639.56
F42: 箱涵挖方減少 | G42: (280-60)*7.35*0.3 | H42: =-(280-60)*7.35*0.3 -> -485.1
F43: 管涵集水井減作挖方減少 | G43: (0.32*0.32*3.14*36+0.25*0.25*3.14*59.2+3.1+2.53) | H43: =-(0.32*0.32*3.14*36+0.25*0.25*3.14*59.2+3.1+2.53) -> -28.823296
A45: 1.1.5 | B45: 瀝青混凝土面層刨除，刨除料運費 | C45: M3 | D45: 4726.67 | E45: =I45 -> 1650.6335 | F45: 機械拆除，瀝青混凝土+瀝青混凝土面層刨除，厚5cm+瀝青混凝土面層刨除，厚10cm | G45: 719.81+2373.53*0.05+8121.47*0.1 | H45: =719.81+2373.53*0.05+8121.47*0.1 -> 1650.6335 | I45: =H45+H46 -> 1650.6335 | J45: =E45-D45 -> -3076.0365 | K45: 計算書數量計算有誤
A48: 1.1.6 | B48: 利用填方，含夯實 | C48: M3 | D48: 13120 | E48: =I48 -> 15845.924 | G48: 詳土方挖填計算表 | H48: =ROUND(9083/0.9*1.3,0) -> 13120 | I48: =SUM(H48:H54) -> 15845.924 | J48: =SUM(H48:H54)-D48 -> 2725.9244 | K48: 道路高程變更加高
F49: 磺港橋、希冀橋、清江公園清障回填 | G49: ((5*6*6.5*2)+(13*3.5*6.8)+(3.2*8.5*1.6))+((747.2+149.44)) | H49: =((5*6*6.5*2)+(13*3.5*6.8)+(3.2*8.5*1.6))+((747.2+149.44)) -> 1639.56
F50: 保護樹AB護坡回填增加 | G50: 3.6*2/2*24.3+3.8*26.2/2 | H50: =3.6*2/2*24.3+3.8*26.2/2 -> 137.26
F51: 護坡坡面線型斜率調整 | G51: (5.46*7.42/2-5.46*3.71/2)*52.3 | H51: =(5.46*7.42/2-5.46*3.71/2)*52.3 -> 529.71009
F52: 道路高程抬高填方增加 | G52: 詳計算表 | H52: 331.5
F53: 雨水積磚2檢視井+0.7 | G53: (3.9625*21.55-1*1)*0.7 | H53: =(3.9625*21.55-1*1)*0.7 -> 59.074312
F54: 管涵減作填方增加 | G54: (0.32*0.32*3.14*36+0.25*0.25*3.14*59.2+1*1*3.1+1*1*2.53 | H54: =ROUND((0.32*0.32*3.14*36+0.25*0.25*3.14*59.2+1*1*3.1+1*1*2.53),2) -> 28.82
A55: 1.1.7 | B55: 餘方遠運處理(台北港) | C55: B.M3 | D55: 13251 | E55: 18244.92 | F55: 統計聯單 | G55: 13251 | H55: 13251 | I55: =ROUND(SUM(H55:H58),2) -> 18244.92 | J55: 0 | K55: =I55-D55 -> 4993.92
E56: 1.1.8 | F56: 餘方自行處理(房屋廢方) | G56: 4813.44-212 | H56: =4813.44-212 -> 4601.44
E57: 1.4.22 | F57: PC樁產出 | G57: 0.3*0.3*3.14*10*57.108 | H57: =ROUND(0.3*0.3*3.14*10*57.108,2) -> 161.39
E58: 1.3.18 | F58: 餘方自行處理(含水土保持)，總重15t傾卸貨車 | G58: 231.09 | H58: 231.09
E59: 1.3.20 | F59: 希冀橋、磺港橋基樁產出(基樁項下已給價，只請聯單，不重複給價) | G59: 322/30*35(不計入計價數量) | H59: =ROUND(322/30*35,2) -> 375.67
A60: 1.1.8 | B60: 餘方自行處理(房屋廢方，含水土保持) | C60: M3 | D60: 4601.44 | E60: 0 | F60: 機械拆除，鋼筋混凝土-回收料，改出台北港 | G60: 4813.44-212改出台北港 | H60: 0 | I60: 0_x000D_ | K60: X
A61: 1.1.9 | B61: 瀝青混凝土面層刨除，厚5cm，刨除機1.2m寬，含瀝青鋪面打毛(未含運費) | C61: M2 | D61: 2588.5 | E61: =I61 -> 2373.534 | F61: 原磺港路南向(住宅側)+崇仁路1段+抽水站旁+工區六、七-新設水溝面積 | G61: 265.16+617.85+573.32+53.43+363.71+233.22+408+71.46-((34+37+46.72+40.1+44.1+12.5+51.35)*0.8) | H61: =265.16+617.85+573.32+53.43+363.71+233.22+408+71.46-((34+37+46.72+40.1+44.1+12.5+51.35)*0.8) -> 2373.534 | I61: =H61 -> 2373.534 | J61: =E61-D61 -> -214.966 | K61: =(34+37+46.72+40.1+44.1+12.5+51.35)*0.8 -> 212.616
A63: 1.1.10 | B63: 瀝青混凝土面層刨除，厚10cm，刨除機2.2m寬，未含運費 | C63: M2 | D63: 9177 | E63: =I63 -> 8121.474 | F63: 原磺港路北向(公園側)+奇岩社宅前+原公園內自行車道+磺港橋面+新設水溝 | G63: ((131.8*7.1)+(45.31*6.75)+(6.4*(38.06+44.56))+(45.27*8.65)+(8.5*92.9))*2+(49.44+22.37+85.59+62.94+140.85+28.46+77.51)*2+(79.46*2)+((34+37+46.72+40.1+44.1+12.5+51.35)*0.8*2)+(9*31.1*2.5) | H63: =((131.8*7.1)+(45.31*6.75)+(6.4*(38.06+44.56))+(45.27*8.65)+(8.5*92.9))*2+(49.44+22.37+85.59+62.94+140.85+28.46+77.51)*2+(79.46*2)+((34+37+46.72+40.1+44.1+12.5+51.35)*0.8*2)+(9*31.1*2.5) -> 8121.474 | I63: =H63 -> 8121.474 | J63: =E63-D63 -> -1055.526 | K63: 部分因需施作水溝沒辦法只刨5CM 工區七未定案，先不扣
A65: 1.1.11 | B65: 切割瀝青混凝土或無筋混凝土，5cm≦切割深度＜10cm | C65: M | D65: 162.5 | E65: =I65 -> 382.98 | F65: 既有道路(路.S120.S250.N130.N420.N000.N020-067.5處)、鄰房側水溝 | G65: 10.62+6.32+8.3+12.61+8.23+12 | H65: =10.62+6.32+8.3+12.61+8.23+12+40+43+9.4+20.1+9.1+67.4+26.4+21.4+29.6+58.5 -> 382.98 | I65: =H65 -> 382.98 | J65: =E65-D65 -> 220.48
A67: 1.1.12 | B67: 清除及掘除，雜草雜木，含垃圾撿除，人工割 | C67: M2 | D67: 5217.7 | E67: =I67 -> 5217.7 | F67: 環境清整公園面積 | G67: 5217.7 | H67: 5217.7 | I67: =H67+H68 -> 5217.7 | J67: =E67-D67 -> 0
A69: 1.1.13 | B69: 垃圾及廢棄物(以體積計)清運 | C69: M3 | D69: 782.66 | E69: =I69 -> 782.655 | F69: 統計聯單 | G69: 5217.7*0.15 | H69: =5217.7*0.15 -> 782.655 | I69: =H69 -> 782.655 | J69: 0
A70: 1.1.14 | B70: 節塊吊放 | C70: 次 | D70: 425 | E70: 425 | F70: 既有磺港橋(橋面+I梁+橫隔樑+帽梁+墩柱)+既有人行橋(希冀橋) | G70: 298+127 | H70: =298+127 -> 425 | I70: 425 | J70: 0
A71: 1.1.15 | B71: 機械拆除，工地雜項拆除清理，欄杆，含運費 | C71: M | D71: 255.5 | E71: =I71 -> 415.08 | F71: 既有道路(路.S145~180LT+S145~180RT+路.N140~420LT) | G71: 35+(55-0.5*7)+(27*8+6.5+5.3) | H71: =35+(55-0.5*7)+(27*8+6.5+5.3) -> 314.3 | I71: =H71+H72 -> 415.08 | J71: 0 | K71: P
F72: 清江公園側既有欄杆 | G72: (34.27+66.51) | H72: =34.27+66.51 -> 100.78 | K72: =H71-D71 -> 58.8
A74: 1.1.16 | B74: 土方運送(百齡抽水站) | C74: 趟 | D74: 2204 | E74: 2204 | F74: 統計聯單 | G74: 2204 | H74: 2204 | I74: =H74 -> 2204 | J74: 0
A75: 1.1.17 | B75: 既有路燈拆除繳回 | C75: 盞 | D75: 66 | E75: =I75 -> 66 | F75: 高柱單盞9盞、矮柱單盞12盞、 矮柱雙盞22盞 | G75: 7+16+23+9+8+3 | H75: =7+16+23+9+8+3 -> 66 | I75: =H75 -> 66 | J75: =E75-D75 -> 0
A76: 1.1.18 | B76: 座椅拆除繳回 | C76: 座 | D76: 18 | E76: 18 | G76: (2+7+6+3) | H76: 18 | I76: 18 | J76: =E76-D76 -> 0
A77: 1.1.19 | B77: 解說牌拆除 | C77: 座 | D77: 4 | E77: 4 | G77: 2+1+1 | H77: 4 | I77: 4 | J77: =E77-D77 -> 0
A78: 1.1.20 | B78: 自行車架拆除 | C78: 座 | D78: 20 | E78: 20 | F78: 自行車架拆除20座 | G78: 20 | H78: 20 | I78: 20 | J78: =E78-D78 -> 0
A79: 1.1.21 | B79: 交通牌誌拆除 | C79: 座 | D79: 15 | E79: =I79 -> 21 | F79: 既有磺港橋 | G79: 6+3+4+1+1 | H79: =6+3+4+1+1 -> 15 | I79: =H79+H80 -> 21 | J79: =E79-D79 -> 6
F80: 磺港路崇仁路口 | G80: 2+2+1+1 | H80: 6 | K80: 46078 | M80: 45932 | N80: =K80-M80+1 -> 147
A81: 1.1.22 | B81: 既有水利設施拆除及運送 | C81: 式 | D81: 1 | E81: 1 | F81: 閘門及既有水利設施 | G81: 1 | H81: 1 | I81: 1 | J81: =E81-D81 -> 0 | K81: 45931 | M81: 45222 | N81: =K81-M81+1 -> 710 | O81: =K80-M81+1 -> 857
A82: 1.1.23 | B82: 交通維持，道路管制人員，日間(06-22時)，義交 | C82: 時 | D82: 30800 | E82: =I82 -> 29207 | F82: 依義交協勤費用領用清冊統計(自112.10.23-114.6.30)日間時數 | G82: 412.5+1409+1907+1456+1377+1457+1410+1457+1410+1361+1457+1410+1311.5+1410+1455+1457+1316+1457+1410+1457+1410 | H82: =412.5+1409+1907+1456+1377+1457+1410+1457+1410+1361+1457+1410+1311.5+1410+1455+1457+1316+1457+1410+1457+1410 -> 29207 | I82: =H82 -> 29207 | J82: =I82-D82 -> -1593 | K82: 2個大門各派2人預估施作700日每日義交指揮時間(7-18時)11小時2*2*700*11=30800 | M82: =30800/730 -> 42.191781 | N82: =N80+N81 -> 857 | O82: 112.10.23-114.10.1=710天*3人*15H(07-22時) 112.10.23-114.10.1調度管理費每日0.5時*710天
A83: 1.1.24 | B83: 表土清除，堆置，及回填費，t=30cm | C83: M2 | D83: 2150 | E83: =I83 -> 4920 | F83: 百齡暫置場整地 | G83: 2150 | H83: 2150 | I83: =H83+H84 -> 4920 | J83: =E83-D83 -> 2770 | K83: =700*3*16+700*0.5 -> 33950
F84: 百齡暫置場土方暫置面積 | G84: 4920-2150 | H84: =4920-2150 -> 2770
A85: 1.1.25 | B85: 餘土分類處理 | C85: 日 | E85: 111 | F85: 實際施作統計日報 | G85: 實際施作統計日報 | H85: 111 | I85: 111 | J85: 0 | K85: =700*8+700*0.5 -> 5950
A86: 1.1.26 | B86: ='5變(議價前)'!B37 -> 交通維持，道路管制人員，夜間(22-06時)，義交 | C86: ='5變(議價前)'!C37 -> 時 | D86: 0 | E86: =J86 -> 5243.5 | F86: 依義交協勤費用領用清冊統計(自112.10.23-114.6.30)夜間時數 | G86: 32+240+536+248+344+248+240+248+240+226+248+239.5+218+240+248+248+224+248+240+248+240 | H86: =32+240+536+248+344+248+240+248+240+226+248+239.5+218+240+248+248+224+248+240+248+240 -> 5243.5 | I86: =H86 -> 5243.5 | J86: =I86 -> 5243.5 | K86: 114.10.1截止
A87: (二) | B87: 土建景觀工程 | C87: 式 | D87: 1
A88: 1.2.1 | B88: 構造物回填，回填及夯實(實際) | C88: C.M3 | D88: 1887.64 | E88: 1887.64 | F88: 地坪、鋪面、緣石底層 | G88: (3854.23+462.9+18.76+1254.13+44.64)*0.3 | H88: =(3854.23+462.9+18.76+1254.13+44.64)*0.3 -> 1690.398 | I88: =H88+H89 -> 1890.414 | J88: 0 | K88: =I88-D88 -> 2.774 | M88: =D88*0.05 -> 94.382
F89: 雨水積磚回填 | G89: ((3.96*11.5*2+7.48*12.9)*0.5)+((3.96*2+11.5*2)*2*0.7*1.5)+((7.48*2+12.9*2)*0.7*1.5)-(1*1*0.5*3) | H89: =((3.96*11.5*2+7.48*12.9)*0.5)+((3.96*2+11.5*2)*2*0.7*1.5)+((7.48*2+12.9*2)*0.7*1.5)-(1*1*0.5*3) -> 200.016
A90: 1.2.2 | B90: 構造物回填，回填及夯實，人工夯實 | C90: C.M3 | D90: 402.21 | E90: 402.21 | G90: 3.25+3.49+0.23+2.43+2.78+0.09+0.48+9.63+33.7+22.11+5.04+1.55+1.58+2.23+0.34+0.89+0.55+0.85+1.21+0.45+0.65+0.93+0.77+1.16+0.19+0.46+8.85+15.2+1.91+1.21+0.21+9.74+83.93+119.56+3.23+21+5.08+29.69+5.54 | H90: =3.25+3.49+0.23+2.43+2.78+0.09+0.48+9.63+33.7+22.11+5.04+1.55+1.58+2.23+0.34+0.89+0.55+0.85+1.21+0.45+0.65+0.93+0.77+1.16+0.19+0.46+8.85+15.2+1.91+1.21+0.21+9.74+83.93+119.56+3.23+21+5.08+29.69+5.54 -> 402.19 | I90: =H90 -> 402.19 | J90: 0
A91: 1.2.3 | B91: 鋼筋，SD280W | C91: KG | D91: 18865.76 | E91: =I91 -> 20249.321 | F91: 砌石擋牆A L=35.2 | G91: (1.65*236*2+6*60*2+3.95*236+2.9*236+6*282)*0.994 | H91: =(1.65*236*2+6*60*2+3.95*236+2.9*236+6*282)*0.994 -> 4778.5556 | I91: =SUM(H91:H96) -> 20249.321 | J91: =E91-D91 -> 1383.5614
F92: 三合橋左岸欄杆B'基礎 | G92: (57.22+103.8+33)*42.84 | H92: =(57.22+103.8+33)*42.84 -> 8311.8168
F93: 鋼板收邊A+B | G93: 0.2*2*0.994*724+0.15*2*0.994*13 | H93: =(0.2*2*0.994*724)+(0.15*2*0.994*13) -> 291.739
F94: 三合祠入口意象 | G94: (0.5*4*7+0.9*16)*1.25*14 | H94: =(0.5*4*7+0.9*16)*1.25*14 -> 497
F95: 座台、座椅、擋牆b'c'、樓梯EGHJK、草地座階等景觀設施、陰井、截水溝ABC | G95: 132.68+678.85+64.68+717.73+671.73+8.82+24.88+1238.92+404.46+73.57+212.03+69.68+116.46+85.08+48.51+67.62+33.81+28.22+91.73+951.83+429.1+79.29+18.27 | H95: =132.68+678.85+64.68+717.73+671.73+8.82+24.88+1238.92+404.46+73.57+212.03+69.68+116.46+85.08+48.51+67.62+33.81+28.22+91.73+951.83+429.1+79.29+18.27 -> 6247.95
E96: 契約漏列 | F96: 樓梯M(W=1.8M，6踏) | G96: ((0.25*2+0.2*2)*12*2+(0.2+1.8+0.2)*12+(8+15)*1.8+(0.15+0.25+0.3)*4*12)*0.994 | H96: =ROUND(((0.25*2+0.2*2)*12*2+(0.2+1.8+0.2)*12+(8+15)*1.8+(0.15+0.25+0.3)*4*12)*0.994,2) -> 122.26
A97: 1.2.4 | B97: 結構用混凝土，預拌，140kgf/cm2 | C97: M3 | D97: 107.91 | E97: =I97 -> 94.567 | F97: 砌石擋牆A L=35.2 | G97: 1.35*35.2*0.1 | H97: =1.35*35.2*0.1 -> 4.752 | I97: =H97+H98+H99 -> 94.567 | J97: =E97-D97 -> -13.343 | K97: 雨水積磚變更無PC改用清碎石
F98: 鋪面、緣石、座台、座椅PC | G98: 462.9*0.05+2.55+0.94+5.95+8.67+0.51+0.28+27.2+9.41+0.33+1.07+0.56+0.25+0.04+0.59+0.48+0.13+1.2+2.33+0.56+0.05+0.34+0.2+0.24+0.35+0.45+0.69+0.8+0.19+0.12+0.02 | H98: =462.9*0.05+2.55+0.94+5.95+8.67+0.51+0.28+27.2+9.41+0.33+1.07+0.56+0.25+0.04+0.59+0.48+0.13+1.2+2.33+0.56+0.05+0.34+0.2+0.24+0.35+0.45+0.69+0.8+0.19+0.12+0.02 -> 89.645
E99: 契約漏列 | F99: 樓梯M | G99: (0.3+0.3+(1.5-0.3*2)+0.9*2)*0.05 | H99: =ROUND((0.3+0.3+(1.5-0.3*2)+0.9*2)*0.05,2) -> 0.17
A101: 1.2.5 | B101: 結構用混凝土，預拌，210kgf/cm2 | C101: M3 | D101: 564.01 | E101: =I101 -> 580.01675 | F101: 砌石擋牆A L=35.2 | G101: (1.35+2.05)*35.2*0.3+0.8*0.35*35.2 | H101: =(1.35+2.05)*35.2*0.3+0.8*0.35*35.2 -> 45.76 | I101: =SUM(H101:H107) -> 580.01675 | J101: =E101-D101 -> 16.00675 | K101: 放結算5%內
F102: 欄杆B' | G102: 0.3*0.4*(57.6+24.85) | H102: =0.3*0.4*(57.6+24.85) -> 9.894
F103: 欄杆B'追加清江公園側及155巷 | G103: 0.3*0.3*(103.8+33) | H103: =0.3*0.3*(103.8+33) -> 12.312
F104: 透水磚地坪 | G104: 3854.23*0.15/2 | H104: =3854.23*0.15/2 -> 289.06725
F105: 梯形磚地坪 | G105: 462.9*0.15 | H105: =462.9*0.15 -> 69.435
E106: 契約漏列 | F106: 樓梯M | G106: 0.3*0.35*1.8*2+0.15*1.8*1.2+0.15*1.8*4 | H106: =ROUND((0.3*0.35*1.8*2+0.15*1.8*1.2+0.15*1.8*4),2) -> 1.78
F107: 露骨材地坪.PC地坪.石材鋪面.卵石鋪面.緣石.座台.座椅.樓梯.擋牆.指引牌等基礎.草地座階.入口意象基礎.截水溝 | G107: ((233.57+18.76+118.92+173.3)*0.15)+((0.4*0.6+0.15*0.8)*30.1)+1.22+1.32+0.45+0.63+0.32+0.29+1.2+0.32+0.48+0.3+5.04+8.25+1.65+3.72+16.27+13.72+3.35+0.64+0.08 | H107: =((233.57+18.76+118.92+173.3)*0.15)+((0.4*0.6+0.15*0.8)*30.1)+1.22+1.32+0.45+0.63+0.32+0.29+1.2+0.32+0.48+0.3+5.04+8.25+1.65+3.72+16.27+13.72+3.35+0.64+0.08 -> 151.7685
A108: 1.2.6 | B108: 普通模板，丙種 | C108: M2 | D108: 1926.87 | E108: =I108 -> 1711.24 | F108: 砌石擋牆A L=35.2 | G108: (0.3+2.35+0.5+0.35+2.7)*35.2 | H108: =(0.3+2.35+0.5+0.35+2.7)*35.2 -> 218.24 | I108: =SUM(H108:H113) -> 1711.24 | J108: =E108-D108 -> -215.63 | K108: 緣石不能再算模板
F109: 磺港橋護欄 | G109: (0.24+0.95)*2*(18.2+16)+0.4*(0.24+0.95)*4 | H109: =(0.24+0.95)*2*(18.2+16)+0.4*(0.24+0.95)*4 -> 83.3
F110: 護欄B' | G110: 0.4*2*(57.6+24.85) | H110: =0.4*2*(57.6+24.85) -> 65.96
...

Sheet 5變(議價前)
C1: 臺北市政府工務局水利工程處
C2: 第5次變更設計詳細表(議價前)
A3: 工程名稱：磺港溪再造C段護岸及步道整建工程(三合橋至奇岩抽水站) | L3: 日期： | M3: =TODAY() -> 45868
A4: 原契約分為 10 部份 本次變更 5 部份原有 393 項 | K4: 訂約總價 | M4: 257600000
A5: 前經 3 次變更設計，計新增 43 項，減少 5 項，變更 27 項，變更後合計 438 項 | K5: 前次變更後總價 | M5: =J9 -> 3.2521252e+08
A6: 本次變更設計，計新增 3 項，減少 4 項，變更 37 項，變更後合計 438 項 | K6: 本次變更後總價 | M6: =K9 -> 3.5541732e+08
A7: 項次 | B7: 項目名稱 | C7: 單位 | D7: 原 定 數 量 | E7: 變更後 數 量 | F7: 增 減 數 量 | G7: 契 約 單 價 | H7: 新 增 單 價 | I7: 議 定 單 價 | J7: 原 訂 合 價 | K7: 變更後 合價 | L7: 追加 | M7: 追減 | N7: 備註
R8: =O9-R9 -> 1730274.5
A9: 壹 | B9: 發包工程費 | C9: 式 | D9: 1 | J9: =J10+J385+J412+J452+J456+J476+J496+J499+J500+J502 -> 3.2521252e+08 | K9: =K10+K385+K412+K452+K456+K476+K496+K499+K500+K502 -> 3.5541732e+08 | L9: =L10+L385+L412+L452+L456+L476+L496+L499+L500+L502 -> 35989513 | M9: =M10+M385+M412+M452+M456+M476+M496+M499+M500+M502 -> 7514986.1 | O9: =K9-J9 -> 30204801 | R9: =L9-M9 -> 28474527
A10: 一 | B10: 工程費 | C10: 式 | D10: 1 | J10: =J11+J38+J139+J181+J213+J235+J255+J341+J375 -> 2.4682173e+08 | K10: =K11+K38+K139+K181+K213+K235+K255+K341+K375 -> 2.7014393e+08 | L10: =L11+L38+L139+L181+L213+L235+L255+L341+L375 -> 29021114 | M10: =M11+M38+M139+M181+M213+M235+M255+M341+M375 -> 7429190.8
A11: (一) | B11: 整備工程 | C11: 式 | D11: 1 | G11: =J11 -> 61418174 | J11: =SUM(J12:J37) -> 61418174 | K11: =SUM(K12:K37) -> 61831558 | L11: =SUM(L12:L37) -> 2765572.5 | M11: =SUM(M12:M37) -> 2352189.2
A12: 1 | B12: 機械拆除，瀝青混凝土，未含運費 | C12: M3 | D12: 720.24 | E12: ='數量計算(FOR5變) '!E9 -> 720.24 | F12: =E12-D12 -> 0 | G12: 193.11 | J12: =ROUND(D12*G12,2) -> 139085.55 | K12: =ROUND(E12*G12,2) -> 139085.55 | O12: 5%內放結算 | R12: 僅機械工資
A13: 2 | B13: 機械拆除，鋼筋混凝土，未含運費 | C13: M3 | D13: 4813.44 | E13: 4813.44 | F13: =E13-D13 -> 0 | G13: 1046.16 | J13: =ROUND(D13*G13,2) -> 5035628.4 | K13: =ROUND(E13*G13,2) -> 5035628.4
A14: 3 | B14: 盤踞切割 | C14: M | D14: 1743 | E14: ='數量計算(FOR5變) '!E37 -> 1810.3 | F14: =E14-D14 -> 67.3 | G14: 6199.66 | J14: =ROUND(D14*G14,2) -> 10806007 | K14: =ROUND(E14*G14,2) -> 11223244 | L14: =K14-J14 -> 417237.12 | N14: #磺港路橋(奇岩抽水站旁)1533.9m、希冀橋208.6m | O14: 三合祠基礎切割65M+橋梁實做數量差額
A15: 4 | B15: 基地及路幅開挖，未含運費，(機械挖，0.7～0.79m3開挖機) | C15: B.M3 | D15: 28009.56 | E15: ='數量計算(FOR5變) '!E40 -> 27495.637 | F15: =E15-D15 -> -513.9233 | G15: 48.28 | J15: =ROUND(D15*G15,2) -> 1352301.6 | K15: =ROUND(E15*G15,2) -> 1327489.3 | M15: =J15-K15 -> 24812.22 | O15: 箱涵挖方減少 | P15: 113.7.2北市工水工字第1136038674號第17條 | Q15: *
A16: 5 | B16: 瀝青混凝土面層刨除，刨除料運費 | C16: M3 | D16: 4726.67 | E16: ='數量計算(FOR5變) '!E45 -> 1650.6335 | F16: =E16-D16 -> -3076.0365 | G16: 599.71 | J16: =ROUND(D16*G16,2) -> 2834631.3 | K16: =ROUND(E16*G16,2) -> 989901.42 | M16: =J16-K16 -> 1844729.9 | O16: AB標數量拆分，依現況調整實作實算 | Q16: * | R16: 僅AC運棄運費 合約需繳回1767.29M3廢料575/M3，合約數量計算錯誤
A17: 6 | B17: 利用填方，含夯實 | C17: M3 | D17: 13120 | E17: ='數量計算(FOR5變) '!E48 -> 15845.924 | F17: =E17-D17 -> 2725.9244 | G17: 104.64 | J17: =ROUND(D17*G17,2) -> 1372876.8 | K17: =ROUND(E17*G17,2) -> 1658117.5 | L17: =K17-J17 -> 285240.73 | O17: 道路高程變更加高A0K+120-220 | P17: 補紀錄 | Q17: *
A18: 7 | B18: 餘方遠運處理(台北港) | C18: B.M3 | D18: 18244.92 | E18: 18244.92 | F18: =E18-D18 -> 0 | G18: 1027.37 | J18: =ROUND(D18*G18,2) -> 18744283 | K18: =ROUND(E18*G18,2) -> 18744283 | N18: 僅含運費(運距約<20K)(土方管理費檢據核銷)
A19: 8 | B19: 餘方自行處理(房屋廢方，含水土保持) | C19: M3 | D19: 0 | E19: 0 | F19: =E19-D19 -> 0 | G19: 1084.98 | J19: =ROUND(D19*G19,2) -> 0 | K19: =ROUND(E19*G19,2) -> 0
A20: 9 | B20: 瀝青混凝土面層刨除，厚5cm，刨除機1.2m寬，含瀝青鋪面打毛(未含運費) | C20: M2 | D20: 2588.5 | E20: ='數量計算(FOR5變) '!E61 -> 2373.534 | F20: =E20-D20 -> -214.966 | G20: 30.45 | J20: =ROUND(D20*G20,2) -> 78819.83 | K20: =ROUND(E20*G20,2) -> 72274.11 | M20: =J20-K20 -> 6545.72 | N20: #含瀝青鋪面打毛 | O20: 實做數量 | P20: 補紀錄 | R20: 圖說有標示，但數量未計入
A21: 10 | B21: 瀝青混凝土面層刨除，厚10cm，刨除機2.2m寬，未含運費 | C21: M2 | D21: 9177 | E21: ='數量計算(FOR5變) '!E63 -> 8121.474 | F21: =E21-D21 -> -1055.526 | G21: 28.48 | J21: =ROUND(D21*G21,2) -> 261360.96 | K21: =ROUND(E21*G21,2) -> 231299.58 | M21: =J21-K21 -> 30061.38 | O21: 實做數量 | P21: 補紀錄
A22: 11 | B22: 切割瀝青混凝土或無筋混凝土，5cm≦切割深度＜10cm | C22: M | D22: 162.5 | E22: ='數量計算(FOR5變) '!E65 -> 382.98 | F22: =E22-D22 -> 220.48 | G22: 65.4 | J22: =ROUND(D22*G22,2) -> 10627.5 | K22: =ROUND(E22*G22,2) -> 25046.89 | L22: =K22-J22 -> 14419.39 | O22: 鄰房側水溝施工需要 | P22: 補紀錄 | Q22: *
A23: 12 | B23: 清除及掘除，雜草雜木，含垃圾撿除，人工割 | C23: M2 | D23: 5217.7 | E23: ='數量計算(FOR5變) '!E67 -> 5217.7 | F23: =E23-D23 -> 0 | G23: 20.19 | J23: =ROUND(D23*G23,2) -> 105345.36 | K23: =ROUND(E23*G23,2) -> 105345.36 | R23: 核對截圖面積4920M2，應該加在1.1.24
A24: 13 | B24: 垃圾及廢棄物(以體積計)清運 | C24: M3 | D24: 782.66 | E24: 782.66 | F24: =E24-D24 -> 0 | G24: 2286.68 | J24: =ROUND(D24*G24,2) -> 1789693 | K24: =ROUND(E24*G24,2) -> 1789693 | N24: #
