Workbook

Sheet 單價分析表 (3)
A1: 臺北市政府工務局水利工程處
A2: 新增工項單價分析表
A3: 工程名稱：磺港溪再造C段護岸及步道整建工程(延壽橋至三合橋)
A4: 項次 | B4: 項目及說明 | C4: 單位 | D4: 數量 | E4: 單 價 | F4: 複 價 | G4: 備 註
A5: 1.1.25 | B5: 餘土分類處理 | C5: 日 | D5: 1 | E5: =F11 -> 20064.4 | G5: 02323M00AC
A6: 1 | B6: 開挖機，70~79KW，(作為破碎機用) | C6: 時 | D6: 8 | E6: 1500 | F6: =D6*E6 -> 12000 | G6: E000004407001
A7: 2 | B7: 操作手，開挖機 | C7: 時 | D7: 8 | E7: 375 | F7: =D7*E7 -> 3000 | G7: L000005100001
A8: 3 | B8: 小工 | C8: 時 | D8: 16 | E8: 280 | F8: =D8*E8 -> 4480 | G8: L000006100001
A9: 4 | B9: 零星工料 | C9: 式 | D9: 1 | E9: =(F6+F7+F8)*3% -> 584.4 | F9: =D9*E9 -> 584.4 | G9: W0127110004
B10: ** 小計 ** | C10: 日 | D10: 1 | F10: =F6+F7+F8+F9 -> 20064.4
B11: ** 單價計 ** | C11: 日 | F11: =F10/D10 -> 20064.4
A13: 項次 | B13: 項目及說明 | C13: 單位 | D13: 數量 | E13: 單 價 | F13: 複 價 | G13: 備 註
A14: 1.1.27 | B14: 路線漆標線，12公尺以下道路及零星路段繪設 | C14: M2 | D14: 1 | E14: =F19 -> 165.2223 | G14: 02898120E2
A15: 1 | B15: 產品，標線路線漆 | C15: L | D15: 0.09 | E15: 324 | F15: =D15*E15 -> 29.16 | G15: M02898A000A
A16: 2 | B16: 標線，技術工 | C16: 時 | D16: 0.35 | E16: 375 | F16: =D16*E16 -> 131.25 | G16: L028985000001
A17: 3 | B17: 零星工料 | C17: 式 | D17: 1 | E17: =(F14+F15+F16)*3% -> 4.8123 | F17: =D17*E17 -> 4.8123 | G17: W0127110004
B18: ** 小計 ** | C18: M2 | D18: 1 | F18: =F15+F16+F17 -> 165.2223
B19: ** 單價計 ** | C19: M2 | F19: =F18/D18 -> 165.2223
A21: 項次 | B21: 項目及說明 | C21: 單位 | D21: 數量 | E21: 單 價 | F21: 複 價 | G21: 備 註
A22: 1.3.41 | B22: 鋼構吊裝 | C22: KG | D22: 10000 | E22: =F28 -> 16.2122 | G22: 055000A009
A23: 1 | B23: 吊車，20T以上 | C23: 時 | D23: 40 | E23: 3000 | F23: =D23*E23 -> 120000 | G23: E000004400711
A24: 2 | B24: 操作手，吊收機具 | C24: 時 | D24: 40 | E24: 375 | F24: =D24*E24 -> 15000 | G24: L000005100001
A25: 3 | B25: 小工 | C25: 時 | D25: 80 | E25: 280 | F25: =D25*E25 -> 22400 | G25: L000006100001
A26: 4 | B26: 零星工料 | C26: 式 | D26: 1 | E26: =(F23+F24+F25)*3% -> 4722 | F26: =D26*E26 -> 4722 | G26: W0127110004
B27: ** 小計 ** | C27: KG | D27: 10000 | F27: =F23+F24+F25+F26 -> 162122
B28: ** 單價計 ** | C28: KG | F28: =F27/D27 -> 16.2122
A30: 項次 | B30: 項目及說明 | C30: 單位 | D30: 數量 | E30: 單 價 | F30: 複 價 | G30: 備 註
A31: 1.4.22 | B31: 砌排石工，混凝土砌石(卵石均厚70cm) | C31: M2 | D31: 1 | E31: =F41 -> 3458.3875 | G31: 0238632202b #卵石，厚70cm
A32: 1 | B32: 結構用混凝土，預拌，140kgf/cm2 | C32: M3 | D32: 0.06 | E32: 3115.13 | F32: =D32*E32 -> 186.9078 | G32: 0331023003 分析表20
A33: 2 | B33: 產品，砌排石工，(卵石，均厚70cm，未含勾縫) | C33: L.M3 | D33: 0.7 | E33: 2300 | F33: =D33*E33 -> 1610 | G33: M023860140A1
A34: 3 | B34: 技術工，砌石 | C34: 時 | D34: 0.8 | E34: 375 | F34: =D34*E34 -> 300 | G34: L000005000011
A35: 4 | B35: 小工 | C35: 時 | D35: 1.44 | E35: 280 | F35: =D35*E35 -> 403.2 | G35: L000006100001
A36: 5 | B36: 砌排石工，水泥砂漿表面勾縫，1：3 | C36: M2 | D36: 1 | E36: 327.55 | F36: =D36*E36 -> 327.55 | G36: 02386PWDA1302 分析表282
A37: 6 | B37: 產品，硬質聚氯乙烯塑膠管(A管薄管)，洩水孔用 | C37: 式 | D37: 1 | E37: 30 | F37: =D37*E37 -> 30 | G37: M1510710000B4
A38: 7 | B38: 塊石搬運 | C38: L.M3 | D38: 1 | E38: 500 | F38: =D38*E38 -> 500 | G38: 00006701000
A39: 8 | B39: 零星工料 | C39: 式 | D39: 1 | E39: =SUM(F32:F38)*3% -> 100.72973 | F39: =D39*E39 -> 100.72973 | G39: W0127110004
B40: ** 小計 ** | C40: M2 | D40: 1 | F40: =SUM(F32:F39) -> 3458.3875
B41: ** 單價計 ** | C41: M2 | F41: =F40/D40 -> 3458.3875
A44: 項次 | B44: 項目及說明 | C44: 單位 | D44: 數量 | E44: 單 價 | F44: 複 價 | G44: 備 註
A45: 1.4.23 | B45: 預力混凝土基樁，D=600mm，(打樁，含樁，空打及PC版樁隱蔽障礙物清除處理) | C45: M | D45: 10 | E45: =F60 -> 5734.0515 | G45: 新增工項 0245760011a
A46: 1 | B46: 產品，預力混凝土基樁，D=600mm，B種 | C46: M | D46: 10 | E46: 4551.62 | F46: =D46*E46 -> 45516.2 | G46: M0245762001 | H46: 新增工項
A47: 2 | B47: 基樁吊運費用 | C47: 式 | D47: 1 | E47: 130 | F47: =D47*E47 -> 130 | G47: E093106230001 | H47: 新增工項
A48: 3 | B48: 鑽掘機 | C48: 時 | D48: 1.5 | E48: 1779.72 | F48: =D48*E48 -> 2669.58 | G48: E3571X0BAA1 | H48: 新增工項
A49: 4 | B49: 操作手，迴轉鑽井機 | C49: 時 | D49: 1.5 | E49: 375 | F49: =D49*E49 -> 562.5 | G49: L0000051000R1 | H49: 原契約工項
A50: 5 | B50: 打樁機械，(2.0~2.9t) | C50: 時 | D50: 1.35 | E50: 1200 | F50: =D50*E50 -> 1620 | G50: E00000PWD10H1001 | H50: 原契約工項
A51: 6 | B51: 移動式起重機，10~19t | C51: 時 | D51: 1.35 | E51: 1365 | F51: =D51*E51 -> 1842.75 | G51: E000008b10001 | H51: 原契約工項
A52: 7 | B52: 領班 | C52: 時 | D52: 1.35 | E52: 437.5 | F52: =D52*E52 -> 590.625 | G52: L000004000001n | H52: 原契約工項
A53: 8 | B53: 操作手，打樁設備 | C53: 時 | D53: 1.35 | E53: 375 | F53: =D53*E53 -> 506.25 | G53: L0000051000C1 | H53: 原契約工項
A54: 9 | B54: 操作手，移動式起重機 | C54: 時 | D54: 1.35 | E54: 375 | F54: =D54*E54 -> 506.25 | G54: L000005100041 | H54: 原契約工項
A55: 10 | B55: 金屬建材架構工，鋼索絞結工 | C55: 時 | D55: 1.35 | E55: 375 | F55: =D55*E55 -> 506.25 | G55: L000005c00011 | H55: 原契約工項
A56: 11 | B56: 普通工 | C56: 時 | D56: 4 | E56: 280 | F56: =D56*E56 -> 1120 | G56: L000006100001 | H56: 原契約工項
A57: 12 | B57: 預力混凝土基樁，D=600mm，樁頭處理(含無收縮混凝土、鋼筋、吊模及與基礎之接樁處理) | C57: 式 | D57: 1 | E57: 100 | F57: =D57*E57 -> 100 | G57: 0245760044 | H57: 新增工項
A58: 13 | B58: 零星工料 | C58: 式 | D58: 1 | E58: =ROUND(SUM(F46:F57)*3%,2) -> 1670.11 | F58: =D58*E58 -> 1670.11 | G58: W0127110004
B59: ** 小計 ** | C59: M | D59: 10 | F59: =SUM(F46:F58) -> 57340.515
B60: ** 單價計 ** | C60: M | F60: =F59/D59 -> 5734.0515
A62: 項次 | B62: 項目及說明 | C62: 單位 | D62: 數量 | E62: 單 價 | F62: 複 價 | G62: 備 註
A63: 1.4.24 | B63: 結構用混凝土，預拌，280kgf/cm2 | C63: M3 | D63: 1 | E63: =F72 -> 3849.728 | G63: 0331027203
A64: 1 | B64: 產品，預拌混凝土材料費，280kgf/cm2，第2型水泥 | C64: M3 | D64: 1 | E64: 3350 | F64: =D64*E64 -> 3350 | G64: M0305046203
A65: 2 | B65: 混凝土作業工，澆置 | C65: 時 | D65: 0.32 | E65: 375 | F65: =D65*E65 -> 120 | G65: L000006900021
A66: 3 | B66: 小工 | C66: 時 | D66: 0.72 | E66: 280 | F66: =D66*E66 -> 201.6 | G66: L000006100001
A67: 4 | B67: 混凝土振動器 | C67: 式 | D67: 1 | E67: 13 | F67: =D67*E67 -> 13 | G67: E000003100004
A68: 5 | B68: 混凝土養護 | C68: 式 | D68: 1 | E68: 13 | F68: =D68*E68 -> 13 | G68: 0339000004
A69: 6 | B69: 混凝土輸送設備 | C69: 式 | D69: 1 | E69: 40 | F69: =D69*E69 -> 40 | G69: E3532PWDX60104
A70: 7 | B70: 零星工料 | C70: 式 | D70: 1 | E70: =(F68+F69+F67+F66+F65+F64)*3% -> 112.128 | F70: =D70*E70 -> 112.128 | G70: W0127110004
B71: ** 小計 ** | C71: M3 | D71: 1 | F71: =F68+F69+F70+F67+F66+F65+F64 -> 3849.728
B72: ** 單價計 ** | C72: M3 | F72: =F71/D71 -> 3849.728
A75: 項次 | B75: 項目及說明 | C75: 單位 | D75: 數量 | E75: 單 價 | F75: 複 價 | G75: 備 註
A76: 1.4.25 | B76: 混凝土植草磚 | C76: M2 | D76: 1 | E76: =F83 -> 695.29893 | G76: 02323F00AA
A77: 1 | B77: 產品，混凝土植草磚 | C77: M2 | D77: 1 | E77: 440 | F77: =D77*E77 -> 440 | G77: M0422200002
A78: 2 | B78: 水泥砂漿，1:3 | C78: M3 | D78: 0.05 | E78: 3733.75 | F78: =D78*E78 -> 186.6875 | G78: 0406130003
A79: 3 | B79: 植草，草種噴植，混合草種，養護 | C79: M2 | D79: 0.3 | E79: 43.78 | F79: =D79*E79 -> 13.134 | G79: 0292012C02
A80: 4 | B80: 種植費，客土施放 | C80: C.M3 | D80: 0.05 | E80: 704.52 | F80: =D80*E80 -> 35.226 | G80: 293100002
A81: 5 | B81: 零星工料 | C81: 式 | D81: 1 | E81: =(F77+F78+F79+F80)*3% -> 20.251425 | F81: =D81*E81 -> 20.251425 | G81: W0127110004
B82: ** 小計 ** | C82: M2 | D82: 1 | F82: =F77+F78+F79+F81+F80 -> 695.29893
B83: ** 單價計 ** | C83: M2 | F83: =F82/D82 -> 695.29893
A85: 項次 | B85: 項目及說明 | C85: 單位 | D85: 數量 | E85: 單 價 | F85: 複 價 | G85: 備 註
A86: 1.5.18 | B86: (免拆模板，鋼質)，厚6mm鋼模 | C86: M2 | D86: 1 | E86: =F92 -> 1861.416 | G86: 03110700k2
A87: 1 | B87: 產品，金屬材料，鋼料，加強支撐鋼材 | C87: 式 | D87: 1 | E87: 60 | F87: =D87*E87 -> 60 | G87: M05060CC004
A88: 2 | B88: 產品，鋼板及其他鋼料 | C88: KG | D88: 47.1 | E88: 32 | F88: =D88*E88 -> 1507.2 | G88: M05500F009
A89: 3 | B89: 裁切加工電銲(含安裝) | C89: 式 | D89: 1 | E89: 240 | F89: =D89*E89 -> 240 | G89: 05060#A004
A90: 4 | B90: 零星工料 | C90: 式 | D90: 1 | E90: =(F87+F88+F89)*3% -> 54.216 | F90: =D90*E90 -> 54.216 | G90: W0127110004
B91: ** 小計 ** | C91: M2 | D91: 1 | F91: =F87+F88+F89+F90 -> 1861.416
B92: ** 單價計 ** | C92: M2 | F92: =F91/D91 -> 1861.416
A94: 項次 | B94: 項目及說明 | C94: 單位 | D94: 數量 | E94: 單 價 | F94: 複 價 | G94: 備 註
A95: 1.6.16 | B95: (免拆模板，鋼質)，厚3mm鋼模 | C95: M2 | D95: 1 | E95: =F101 -> 868.908 | G95: 03110700h2
A96: 1 | B96: 產品，金屬材料，鋼料，加強支撐鋼材 | C96: 式 | D96: 1 | E96: 30 | F96: =D96*E96 -> 30 | G96: M05060CC004
A97: 2 | B97: 產品，鋼板及其他鋼料 | C97: KG | D97: 23.55 | E97: 32 | F97: =D97*E97 -> 753.6 | G97: M05500F009
A98: 3 | B98: 裁切加工電銲(含安裝) | C98: 式 | D98: 1 | E98: 60 | F98: =D98*E98 -> 60 | G98: 05060#A004
A99: 4 | B99: 零星工料 | C99: 式 | D99: 1 | E99: =(F96+F97+F98)*3% -> 25.308 | F99: =D99*E99 -> 25.308 | G99: W0127110004
B100: ** 小計 ** | C100: M2 | D100: 1 | F100: =F96+F97+F98+F99 -> 868.908
B101: ** 單價計 ** | C101: M2 | F101: =F100/D100 -> 868.908
A104: 項次 | B104: 項目及說明 | C104: 單位 | D104: 數量 | E104: 單 價 | F104: 複 價 | G104: 備 註
A105: 2.10 | B105: 臨時構台便橋 | C105: M2 | D105: 100 | E105: =F114 -> 11557.49 | G105: 13801A0002m
A106: 1 | B106: 臨時擋土支撐工法，中間支撐 | C106: M | D106: =12*9 -> 108 | E106: 3090 | F106: =D106*E106 -> 333720 | G106: 處內單價
A107: 2 | B107: 產品，支撐工法，H型鋼 | C107: M月 | D107: 88 | E107: 1250 | F107: =D107*E107 -> 110000 | I107: =1250*1 -> 1250
A108: 3 | B108: 支撐工法，H型鋼，裝拆(含螺栓配件) | C108: M | D108: 88 | E108: 1650 | F108: =D108*E108 -> 145200
A109: 4 | B109: 覆工版，裝拆 | C109: M2 | D109: 100 | E109: 1250 | F109: =D109*E109 -> 125000
A110: 5 | B110: 覆工版租金 | C110: M2月 | D110: 100 | E110: 1580 | F110: =D110*E110 -> 158000 | I110: =1580*1 -> 1580
A111: 6 | B111: 吊放吊物，吊車(20t以上) | C111: 時 | D111: 64 | E111: 3908.85 | F111: =D111*E111 -> 250166.4 | G111: 處內單價
A112: 7 | B112: 零星工料 | C112: 式 | D112: 1 | E112: =I112 -> 33662.592 | F112: =D112*E112 -> 33662.592 | I112: =SUM(F106:F111)*0.03 -> 33662.592
...

Sheet 變更對照項目詳細表
C1: 臺北市政府工務局水利工程處
C2: 變更項目對照詳細表
L3: 日期： | M3: 45657.381
A4: 原契約分為 10 部分 本次變更 0 部分原有 424 項 | K4: 訂約總價 | M4: 324912089
A5: 前經 1 次變更設計，計新增 10 項，減少 0 項，變更 10 項，變更後合計 434 項 | K5: 第4次變更後總價(綜簽) | M5: =SUM(J11:J514)-J513-J507-J487-J466-J462-J422-J392-J384-J342-J252-J234-J215-J189-J141-J40-J11-J511 -> 3.8048764e+08
A6: 本次變更設計，計新增 0 項，減少 0 項，變更 0 項，變更後合計 434 項 | K6: 本次變更後總價 | M6: =K9 -> 3.8398004e+08 | P6: =M6-M5 -> 3492398.5
A7: 項次 | B7: 項目名稱 | C7: 單位 | D7: 四 變 數 量 | E7: 變更後 數 量 | F7: 增 減 數 量 | G7: 契 約 單 價 | H7: 新 增 單 價 | I7: 新 增 單 價 | J7: 原 訂 合 價 | K7: 變更後 合價 | L7: 追加 | M7: 追減 | N7: 備註 | P7: 變更依據 | Q7: 數量計算式 | R7: 變更原因 | S7: 有沒有找到紀錄 | T7: 分類
A9: 壹 | B9: 發包工程費 | C9: 式 | D9: 1 | G9: 361528714 | J9: 365478534 | K9: =K10+K392+K422+K462+K466+K487+K507+K510+K511+K513 -> 3.8398004e+08 | L9: =K9-J9 -> 18501506
A10: 一 | B10: 工程費 | C10: 式 | D10: 1 | G10: 275489625 | J10: =J11+J40+J141+J189+J215+J234+J252+J342+J384 -> 2.9044548e+08 | K10: =K11+K40+K141+K189+K215+K234+K252+K342+K384 -> 2.918183e+08 | L10: =L11+L40+L141+L189+L215+L234+L252+L342+L384 -> 1754816.5 | M10: =M11+M40+M141+M189+M215+M234+M252+M342+M384 -> -382003.22
A11: (一) | B11: 整備工程 | C11: 式 | D11: 1 | G11: =J11 -> 90501931 | J11: =SUM(J12:J39) -> 90501931 | K11: =SUM(K12:K39) -> 92643799 | L11: =SUM(L12:L39) -> 2432892 | M11: =SUM(M12:M39) -> -291024.77
A12: 1 | B12: 機械拆除，瀝青混凝土，未含運費 | C12: M3 | D12: 544.66 | E12: ='整備工程(1)'!J8 -> 525.96 | F12: =E12-D12 -> -18.7 | G12: 193.12 | J12: =D12*G12 -> 105184.74 | K12: =E12*G12 -> 101573.4 | L12: =K12-J12 -> -3611.344
A13: 2 | B13: 機械拆除，鋼筋混凝土，未含運費 | C13: M3 | D13: 7089.42 | E13: ='整備工程(1)'!J11 -> 7029.4502 | F13: =E13-D13 -> -59.9698 | G13: 1046.22 | J13: =D13*G13 -> 7417093 | K13: =E13*G13 -> 7354351.4 | L13: =K13-J13 -> -62741.604
A14: 3 | B14: 盤踞切割 | C14: M | D14: 4616 | E14: ='整備工程(1)'!J26 -> 4615.0765 | F14: =E14-D14 -> -0.9235 | G14: 6200 | J14: =D14*G14 -> 28619200 | K14: =E14*G14 -> 28613474 | L14: =K14-J14 -> -5725.7 | N14: #磺港路橋2993.02m、共月橋505.61m、三合橋1117.33
A15: 4 | B15: 基地及路幅開挖，未含運費，(機械挖，0.7～0.79m3開挖機) | C15: B.M3 | D15: 31759 | E15: ='整備工程(1)'!J31 -> 32863 | F15: =E15-D15 -> 1104 | G15: 48.28 | J15: =D15*G15 -> 1533324.5 | K15: =E15*G15 -> 1586625.6 | L15: =K15-J15 -> 53301.12 | Q15: 詳挖填方數量表
A16: 5 | B16: 瀝青混凝土面層刨除，刨除料運費 | C16: M3 | D16: 731.44 | E16: ='整備工程(1)'!J34 -> 735.538 | F16: =E16-D16 -> 4.098 | G16: 599.75 | J16: =D16*G16 -> 438681.14 | K16: =E16*G16 -> 441138.92 | L16: =K16-J16 -> 2457.7755
A17: 6 | B17: 利用填方，含夯實 | C17: M3 | D17: 7519 | E17: ='整備工程(1)'!J41 -> 4737.8 | F17: =E17-D17 -> -2781.2 | G17: 104.64 | J17: =D17*G17 -> 786788.16 | K17: =E17*G17 -> 495763.39 | M17: =K17-J17 -> -291024.77
A18: 7 | B18: 餘方遠運處理(台北港) | C18: B.M3 | D18: =22240+355 -> 22595 | E18: ='整備工程(1)'!J46 -> 28125.2 | F18: =E18-D18 -> 5530.2 | G18: 1027.43 | J18: =D18*G18 -> 23214781 | K18: =E18*G18 -> 28896674 | L18: =K18-J18 -> 5681893.4 | N18: 僅含運費(運距約<20K)(土方管理費檢據核銷) | S18: 沒紀錄 | T18: 現場需求
A19: 8 | B19: 餘方自行處理(房屋廢方，含水土保持) | C19: M3 | D19: 6730.42 | E19: ='整備工程(1)'!J49 -> 6730.42 | F19: =E19-D19 -> 0 | G19: 1085.04 | J19: =D19*G19 -> 7302774.9 | K19: =E19*G19 -> 7302774.9 | L19: =K19-J19 -> 0
A20: 9 | B20: 瀝青混凝土面層刨除，厚5cm，刨除機1.2m寬，含瀝青鋪面打毛(未含運費) | C20: M2 | D20: 3735.5 | E20: ='整備工程(1)'!J51 -> 2160 | F20: =E20-D20 -> -1575.5 | G20: 30.45 | J20: =D20*G20 -> 113745.97 | K20: =E20*G20 -> 65772 | L20: =K20-J20 -> -47973.975 | N20: #含瀝青鋪面打毛
A21: 10 | B21: 瀝青混凝土面層刨除，厚10cm，刨除機2.2m寬，未含運費 | C21: M2 | D21: 10205 | E21: ='整備工程(1)'!J55 -> 7540.34 | F21: =E21-D21 -> -2664.66 | G21: 28.48 | J21: =D21*G21 -> 290638.4 | K21: =E21*G21 -> 214748.88 | L21: =K21-J21 -> -75889.517
A22: 11 | B22: 切割瀝青混凝土或無筋混凝土，5cm≦切割深度＜10cm | C22: M | D22: 142.6 | E22: ='整備工程(1)'!J64 -> 1284.7 | F22: =E22-D22 -> 1142.1 | G22: 65.4 | J22: =D22*G22 -> 9326.04 | K22: =E22*G22 -> 84019.38 | L22: =K22-J22 -> 74693.34
A23: 12 | B23: 清除及掘除，雜草雜木，含垃圾撿除，人工割 | C23: M2 | D23: 8459.3 | E23: ='整備工程(1)'!J69 -> 8305.2 | F23: =E23-D23 -> -154.1 | G23: 20.19 | J23: =D23*G23 -> 170793.27 | K23: =E23*G23 -> 167681.99 | L23: =K23-J23 -> -3111.279
A24: 13 | B24: 垃圾及廢棄物(以體積計)清運 | C24: M3 | D24: 1268.9 | E24: ='整備工程(1)'!J76 -> 108 | F24: =E24-D24 -> -1160.9 | G24: 2492.81 | J24: =D24*G24 -> 3163126.6 | K24: =E24*G24 -> 269223.48 | L24: =K24-J24 -> -2893903.1 | N24: #
A25: 14 | B25: 節塊吊放 | C25: 次 | D25: 659 | E25: ='整備工程(1)'!J76 -> 108 | F25: =E25-D25 -> -551 | G25: 521.18 | J25: =D25*G25 -> 343457.62 | K25: =E25*G25 -> 56287.44 | L25: =K25-J25 -> -287170.18 | N25: #磺港路橋、共月橋、三合橋
A26: 15 | B26: 機械拆除，工地雜項拆除清理，欄杆，含運費 | C26: M | D26: 253.3 | E26: ='整備工程(1)'!J82 -> 253 | F26: =E26-D26 -> -0.3 | G26: 289.69 | J26: =D26*G26 -> 73378.477 | K26: =E26*G26 -> 73291.57 | L26: =K26-J26 -> -86.907
A27: 16 | B27: 既有路燈拆除繳回 | C27: 盞 | D27: 80 | E27: ='整備工程(1)'!J87 -> 80 | F27: =E27-D27 -> 0 | G27: 3311.45 | J27: =D27*G27 -> 264916 | K27: =E27*G27 -> 264916 | L27: =K27-J27 -> 0 | N27: #料繳回，含運費。
A28: 17 | B28: 土方運送(百齡抽水站) | C28: 趟 | D28: 1278 | E28: ='整備工程(1)'!J89 -> 1278 | F28: =E28-D28 -> 0 | G28: 3082.28 | J28: =D28*G28 -> 3939153.8 | K28: =E28*G28 -> 3939153.8 | L28: =K28-J28 -> 0
A29: 18 | B29: 座椅拆除繳回 | C29: 座 | D29: 30 | E29: ='整備工程(1)'!J92 -> 30 | F29: =E29-D29 -> 0 | G29: 1200 | J29: =D29*G29 -> 36000 | K29: =E29*G29 -> 36000 | L29: =K29-J29 -> 0 | N29: #料繳回，含運費。
A30: 19 | B30: 解說牌拆除 | C30: 座 | D30: 12 | E30: ='整備工程(1)'!J94 -> 12 | F30: =E30-D30 -> 0 | G30: 3000 | J30: =D30*G30 -> 36000 | K30: =E30*G30 -> 36000 | L30: =K30-J30 -> 0 | N30: #料繳回，含運費。
A31: 20 | B31: 自行車架拆除 | C31: 座 | D31: 20 | E31: ='整備工程(1)'!J96 -> 20 | F31: =E31-D31 -> 0 | G31: 3000 | J31: =D31*G31 -> 60000 | K31: =E31*G31 -> 60000 | L31: =K31-J31 -> 0 | N31: #料繳回，含運費。
A32: 21 | B32: 交通牌誌拆除 | C32: 座 | D32: 19 | E32: ='整備工程(1)'!J98 -> 19 | F32: =E32-D32 -> 0 | G32: 3000 | J32: =D32*G32 -> 57000 | K32: =E32*G32 -> 57000 | L32: =K32-J32 -> 0 | N32: #料繳回，含運費。
A33: 22 | B33: 既有水利設施拆除及運送 | C33: 式 | D33: 1 | E33: ='整備工程(1)'!J100 -> 1 | F33: =E33-D33 -> 0 | G33: 400000 | J33: =D33*G33 -> 400000 | K33: =E33*G33 -> 400000 | L33: =K33-J33 -> 0 | N33: 抽水設施、水閘門
A34: 23 | B34: 交通維持，道路管制人員，日間(06-22時)，義交 | C34: 時 | D34: 30800 | E34: ='整備工程(1)'!J102 -> 30800 | F34: =E34-D34 -> 0 | G34: 280 | J34: =D34*G34 -> 8624000 | K34: =E34*G34 -> 8624000 | L34: =K34-J34 -> 0 | N34: [人力工項不打折]日間7時-18時
A35: 24 | B35: 表土清除，堆置，及回填費，t=30cm | C35: M2 | D35: 2405 | E35: ='整備工程(1)'!J118 -> 2405.05 | F35: =E35-D35 -> 0.05 | G35: 70.23 | J35: =D35*G35 -> 168903.15 | K35: =E35*G35 -> 168906.66 | L35: =K35-J35 -> 3.5115 | N35: 百齡暫置場整地需求
A36: 26 | B36: 餘土分類處理 | C36: 日 | D36: 150 | E36: ='整備工程(1)'!J120 -> 150 | F36: =E36-D36 -> 0 | G36: 20000 | J36: =D36*G36 -> 3000000 | K36: =E36*G36 -> 3000000 | L36: =K36-J36 -> 0 | N36: 新增工項 02323M00AC
A37: 27 | B37: 路線漆標線，12公尺以下道路及零星路段繪設 | C37: M2 | D37: 138.05 | E37: ='整備工程(1)'!J122 -> 138.053 | F37: =E37-D37 -> 0.003 | G37: 165.22 | J37: =D37*G37 -> 22808.621 | K37: =E37*G37 -> 22809.117 | L37: =K37-J37 -> 0.49566 | N37: 新增工項02898120E2
A38: 28 | B38: 餘方近運1km小搬運 | C38: B.M3 | D38: 2000 | E38: ='整備工程(1)'!J128 -> 2007 | F38: =E38-D38 -> 7 | G38: 100 | J38: =D38*G38 -> 200000 | K38: =E38*G38 -> 200700 | L38: =K38-J38 -> 700 | N38: 新增工項02323M00AA
A39: 29 | B39: 細整地 | C39: M2 | D39: 3324.02 | E39: ='整備工程(1)'!J131 -> 3325.7 | F39: =E39-D39 -> 1.68 | G39: 33.35 | J39: =D39*G39 -> 110856.07 | K39: =E39*G39 -> 110912.1 | L39: =K39-J39 -> 56.028 | N39: 新增工項 0223160P02
A40: (二) | B40: 土建景觀工程 | C40: 式 | G40: =J40 -> 42752872 | J40: =SUM(J41:J134) -> 42752872 | K40: =SUM(K41:K134) -> 41028603 | L40: =SUM(L41:L134) -> -1724268.9 | M40: =SUM(M41:M134) -> 0
A41: 1 | B41: 構造物回填，回填及夯實(實際) | C41: C.M3 | D41: 2347.79 | E41: ='土建景觀工程(2)'!J7 -> 2347.7873 | F41: =E41-D41 -> -0.002689 | G41: 320.74 | J41: =D41*G41 -> 753030.16 | K41: =E41*G41 -> 753029.3 | L41: =K41-J41 -> -0.86246986
A42: 2 | B42: 構造物回填，回填及夯實，人工夯實 | C42: C.M3 | D42: 755.76 | E42: ='土建景觀工程(2)'!J22 -> 742.90104 | F42: =E42-D42 -> -12.858961 | G42: 346.08 | J42: =D42*G42 -> 261553.42 | K42: =E42*G42 -> 257103.19 | L42: =K42-J42 -> -4450.2292
A43: 3 | B43: 鋼筋，SD280W | C43: KG | D43: 37233.48 | E43: ='土建景觀工程(2)'!J69 -> 29975.442 | F43: =E43-D43 -> -7258.0376 | G43: 36.4 | J43: =D43*G43 -> 1355298.7 | K43: =E43*G43 -> 1091106.1 | L43: =K43-J43 -> -264192.57 | N43: 本項納入(鋼筋)物價指數調整
A44: 4 | B44: 結構用混凝土，預拌，140kgf/cm2 | C44: M3 | D44: 294.98 | E44: ='土建景觀工程(2)'!J129 -> 142.24874 | F44: =E44-D44 -> -152.73126 | G44: 3115.13 | J44: =D44*G44 -> 918901.05 | K44: =E44*G44 -> 443123.33 | L44: =K44-J44 -> -475777.71
A45: 5 | B45: 結構用混凝土，預拌，210kgf/cm2 | C45: M3 | D45: 846.68 | E45: ='土建景觀工程(2)'!J195 -> 1069.5952 | F45: =E45-D45 -> 222.9152 | G45: 3321.13 | J45: =D45*G45 -> 2811934.3 | K45: =E45*G45 -> 3552264.7 | L45: =K45-J45 -> 740330.37
A46: 6 | B46: 普通模板，丙種 | C46: M2 | D46: 2387.33 | E46: ='土建景觀工程(2)'!J269 -> 2612.5814 | F46: =E46-D46 -> 225.25142 | G46: 533.64 | J46: =D46*G46 -> 1273974.8 | K46: =E46*G46 -> 1394177.9 | L46: =K46-J46 -> 120203.17 | N46: U型構，集水井，排水箱涵等。本項納入(普通模板)物價指數調整
A47: 7 | B47: 清水模板，鋼模 | C47: M2 | D47: 1362.2 | E47: ='土建景觀工程(2)'!J342 -> 1452.3254 | F47: =E47-D47 -> 90.1254 | G47: 1299.89 | J47: =D47*G47 -> 1770710.2 | K47: =E47*G47 -> 1887863.3 | L47: =K47-J47 -> 117153.11 | N47: 本項納入「金屬製品類」物價指數調整
A48: 8 | B48: 鍍鋅鋼料 | C48: KG | D48: 4781.56 | E48: ='土建景觀工程(2)'!J353 -> 6327.49 | F48: =E48-D48 -> 1545.93 | G48: 60 | J48: =D48*G48 -> 286893.6 | K48: =E48*G48 -> 379649.4 | L48: =K48-J48 -> 92755.8 | N48: #本項納入「金屬製品類」物價指數調整 | Q48: 12241.35 | R48: 欄杆ABD重量、三合橋欄杆
A49: 9 | B49: 金屬材料，鋼料，裁切加工銲製(工廠加工) | C49: KG | D49: 4781.56 | E49: ='土建景觀工程(2)'!J358 -> 6327.49 | F49: =E49-D49 -> 1545.93 | G49: 31.9 | J49: =D49*G49 -> 152531.76 | K49: =E49*G49 -> 201846.93 | L49: =K49-J49 -> 49315.167 | Q49: 12241.35 | R49: 欄杆ABD重量、三合橋欄杆
A50: 10 | B50: 結構用鋼材，銲接結構用軋鋼料，SM400B鋼構工程及製作、組立工程(含加勁板、續接板、螺絲、螺栓、螺帽等) | C50: KG | D50: 2300.86 | E50: ='土建景觀工程(2)'!J363 -> 2300.8638 | F50: =E50-D50 -> 0.003845 | G50: 107.31 | J50: =D50*G50 -> 246905.29 | K50: =E50*G50 -> 246905.7 | L50: =K50-J50 -> 0.41260695 | N50: #本項納入「金屬製品類」物價指數調整 | Q50: 2300.86
A51: 11 | B51: 透水磚紙模地坪 | C51: M2 | D51: 5207.01 | E51: ='土建景觀工程(2)'!J368 -> 4441.06 | F51: =E51-D51 -> -765.95 | G51: 2964 | J51: =D51*G51 -> 15433578 | K51: =E51*G51 -> 13163302 | L51: =K51-J51 -> -2270275.8 | Q51: 5207.01
A52: 12 | B52: 梯形磚鋪面，149.5x(30,20)x8cmTH | C52: M2 | D52: 693.8 | E52: ='土建景觀工程(2)'!J374 -> 693.7 | F52: =E52-D52 -> -0.1 | G52: 3961.57 | J52: =D52*G52 -> 2748537.3 | K52: =E52*G52 -> 2748141.1 | L52: =K52-J52 -> -396.157 | Q52: 693.8
A53: 13 | B53: 石材鋪面 | C53: M2 | D53: 375.23 | E53: ='土建景觀工程(2)'!J376 -> 369 | F53: =E53-D53 -> -6.23 | G53: 3965.81 | J53: =D53*G53 -> 1488090.9 | K53: =E53*G53 -> 1463383.9 | L53: =K53-J53 -> -24706.996 | Q53: 375.23
A54: 14 | B54: 露骨材地坪 | C54: M2 | D54: 34.8 | E54: ='土建景觀工程(2)'!J378 -> 33.54 | F54: =E54-D54 -> -1.26 | G54: 773.88 | J54: =D54*G54 -> 26931.024 | K54: =E54*G54 -> 25955.935 | L54: =K54-J54 -> -975.0888 | Q54: 34.8
A55: 15 | B55: PC地坪 | C55: M2 | D55: 11.98 | E55: ='土建景觀工程(2)'!J381 -> 11.98 | F55: =E55-D55 -> 0 | G55: 948.4 | J55: =D55*G55 -> 11361.832 | K55: =E55*G55 -> 11361.832 | L55: =K55-J55 -> 0 | Q55: 11.98
A56: 16 | B56: 瀝青混凝土鋪面 | C56: M2 | D56: 141.26 | E56: ='土建景觀工程(2)'!J383 -> 142.26 | F56: =E56-D56 -> 1 | G56: 6163.46 | J56: =D56*G56 -> 870650.36 | K56: =E56*G56 -> 876813.82 | L56: =K56-J56 -> 6163.46 | Q56: 141.26
A57: 17 | B57: 格柵鋪面A | C57: 座 | D57: 1 | E57: ='土建景觀工程(2)'!J385 -> 1 | F57: =E57-D57 -> 0 | G57: 169519.61 | J57: =D57*G57 -> 169519.61 | K57: =E57*G57 -> 169519.61 | L57: =K57-J57 -> 0 | Q57: 1
A58: 18 | B58: 木棧道A | C58: 座 | D58: 1 | E58: ='土建景觀工程(2)'!J387 -> 1 | F58: =E58-D58 -> 0 | G58: 350211.64 | J58: =D58*G58 -> 350211.64 | K58: =E58*G58 -> 350211.64 | L58: =K58-J58 -> 0 | Q58: 1
A59: 19 | B59: 木棧道B | C59: 座 | D59: 1 | E59: ='土建景觀工程(2)'!J389 -> 1 | F59: =E59-D59 -> 0 | G59: 309726.87 | J59: =D59*G59 -> 309726.87 | K59: =E59*G59 -> 309726.87 | L59: =K59-J59 -> 0 | Q59: 1
A60: 20 | B60: 混凝土板地坪 | C60: 個 | D60: 19 | E60: ='土建景觀工程(2)'!J391 -> 19 | F60: =E60-D60 -> 0 | G60: 1134.56 | J60: =D60*G60 -> 21556.64 | K60: =E60*G60 -> 21556.64 | L60: =K60-J60 -> 0 | N60: # | Q60: 19
A61: 21 | B61: 細石子鋪面 | C61: C.M3 | D61: 179.11 | E61: ='土建景觀工程(2)'!J393 -> 179.1 | F61: =E61-D61 -> -0.01 | G61: 145.21 | J61: =D61*G61 -> 26008.563 | K61: =E61*G61 -> 26007.111 | L61: =K61-J61 -> -1.4521 | Q61: 179.11
A62: 22 | B62: 鋼板收邊A型 | C62: M | D62: 789.8 | E62: ='土建景觀工程(2)'!J397 -> 788.67 | F62: =E62-D62 -> -1.13 | G62: 2755.97 | J62: =D62*G62 -> 2176665.1 | K62: =E62*G62 -> 2173550.9 | L62: =K62-J62 -> -3114.2461 | N62: # | Q62: 789.8
A63: 23 | B63: 鋼板收邊B型 | C63: M | D63: 31.3 | E63: ='土建景觀工程(2)'!J407 -> 31.3 | F63: =E63-D63 -> 0 | G63: 576.8 | J63: =D63*G63 -> 18053.84 | K63: =E63*G63 -> 18053.84 | L63: =K63-J63 -> 0 | N63: # | Q63: 31.3
A64: 24 | B64: 界石收邊 | C64: M | D64: 360.35 | E64: ='土建景觀工程(2)'!J409 -> 360.35 | F64: =E64-D64 -> 0 | G64: 615.34 | J64: =D64*G64 -> 221737.77 | K64: =E64*G64 -> 221737.77 | L64: =K64-J64 -> 0 | Q64: 360.35
A65: 25 | B65: 緣石收邊 | C65: M | D65: 691.14 | E65: ='土建景觀工程(2)'!J411 -> 691.14 | F65: =E65-D65 -> 0 | G65: 685.3 | J65: =D65*G65 -> 473638.24 | K65: =E65*G65 -> 473638.24 | L65: =K65-J65 -> 0 | N65: # | Q65: 691.14
A66: 26 | B66: 道路緣石收邊 | C66: M | D66: 890.62 | E66: ='土建景觀工程(2)'!J413 -> 935.72 | F66: =E66-D66 -> 45.1 | G66: 699.72 | J66: =D66*G66 -> 623184.63 | K66: =E66*G66 -> 654742 | L66: =K66-J66 -> 31557.372 | N66: # | Q66: 890.62
A67: 27 | B67: 道路緣石斜坡式 | C67: M | D67: 85.77 | E67: ='土建景觀工程(2)'!J418 -> 85.77 | F67: =E67-D67 -> 0 | G67: 1199.33 | J67: =D67*G67 -> 102866.53 | K67: =E67*G67 -> 102866.53 | L67: =K67-J67 -> 0 | N67: # | Q67: 85.77
A68: 28 | B68: 場鑄道路緣石 | C68: M | D68: 187.82 | E68: ='土建景觀工程(2)'!J422 -> 187.82 | F68: =E68-D68 -> 0 | G68: 57.68 | J68: =D68*G68 -> 10833.458 | K68: =E68*G68 -> 10833.458 | L68: =K68-J68 -> 0 | N68: # | Q68: 187.82
A69: 29 | B69: 伸縮縫 | C69: M | D69: 18.81 | E69: ='土建景觀工程(2)'!J426 -> 18.81 | F69: =E69-D69 -> 0 | G69: 138.84 | J69: =D69*G69 -> 2611.5804 | K69: =E69*G69 -> 2611.5804 | L69: =K69-J69 -> 0 | Q69: 18.81
A70: 30 | B70: 警示帶定位磚 | C70: M2 | D70: 20.48 | E70: ='土建景觀工程(2)'!J428 -> 20.48 | F70: =E70-D70 -> 0 | G70: 2145.42 | J70: =D70*G70 -> 43938.202 | K70: =E70*G70 -> 43938.202 | L70: =K70-J70 -> 0 | N70: # | Q70: 20.48
A71: 31 | B71: 座台A | C71: M | D71: 354.7 | E71: ='土建景觀工程(2)'!J430 -> 353.22 | F71: =E71-D71 -> -1.48 | G71: 511.4 | J71: =D71*G71 -> 181393.58 | K71: =E71*G71 -> 180636.71 | L71: =K71-J71 -> -756.872 | Q71: 354.7
A72: 32 | B72: 座台B | C72: M | D72: 44.7 | E72: ='土建景觀工程(2)'!J436 -> 44.66 | F72: =E72-D72 -> -0.04 | G72: 578.86 | J72: =D72*G72 -> 25875.042 | K72: =E72*G72 -> 25851.888 | L72: =K72-J72 -> -23.1544 | Q72: 44.7
A73: 33 | B73: 座台C | C73: M | D73: 31 | E73: ='土建景觀工程(2)'!J438 -> 31 | F73: =E73-D73 -> 0 | G73: 723.06 | J73: =D73*G73 -> 22414.86 | K73: =E73*G73 -> 22414.86 | L73: =K73-J73 -> 0 | Q73: 31
A74: 34 | B74: 座台D | C74: M | D74: 18.1 | E74: ='土建景觀工程(2)'!J440 -> 18.02 | F74: =E74-D74 -> -0.08 | G74: 829.15 | J74: =D74*G74 -> 15007.615 | K74: =E74*G74 -> 14941.283 | L74: =K74-J74 -> -66.332 | Q74: 18.1
A75: 35 | B75: 座台E | C75: M | D75: 180.4 | E75: ='土建景觀工程(2)'!J442 -> 180.4 | F75: =E75-D75 -> 0 | G75: 443.93 | J75: =D75*G75 -> 80084.972 | K75: =E75*G75 -> 80084.972 | L75: =K75-J75 -> 0 | Q75: 180.4
A76: 36 | B76: 座台F | C76: M | D76: 25.6 | E76: ='土建景觀工程(2)'!J444 -> 25.6 | F76: =E76-D76 -> 0 | G76: 578.86 | J76: =D76*G76 -> 14818.816 | K76: =E76*G76 -> 14818.816 | L76: =K76-J76 -> 0 | Q76: 25.6
A77: 37 | B77: 座椅A | C77: 座 | D77: 7 | E77: ='土建景觀工程(2)'!J446 -> 7 | F77: =E77-D77 -> 0 | G77: 17307.09 | J77: =D77*G77 -> 121149.63 | K77: =E77*G77 -> 121149.63 | L77: =K77-J77 -> 0 | Q77: 7
A78: 38 | B78: 座椅B | C78: M | D78: 7.8 | E78: ='土建景觀工程(2)'!J448 -> 7.8 | F78: =E78-D78 -> 0 | G78: 443.93 | J78: =D78*G78 -> 3462.654 | K78: =E78*G78 -> 3462.654 | L78: =K78-J78 -> 0 | N78: # | Q78: 7.8
A79: 39 | B79: 座椅C | C79: 座 | D79: 2 | E79: ='土建景觀工程(2)'!J450 -> 2 | F79: =E79-D79 -> 0 | G79: 13705.7 | J79: =D79*G79 -> 27411.4 | K79: =E79*G79 -> 27411.4 | L79: =K79-J79 -> 0 | Q79: 2
A80: 40 | B80: 座椅D | C80: 座 | D80: 3 | E80: ='土建景觀工程(2)'!J452 -> 3 | F80: =E80-D80 -> 0 | G80: 25126.95 | J80: =D80*G80 -> 75380.85 | K80: =E80*G80 -> 75380.85 | L80: =K80-J80 -> 0 | Q80: 3
A81: 41 | B81: 草地座階 | C81: M | D81: 18 | E81: ='土建景觀工程(2)'!J454 -> 18 | F81: =E81-D81 -> 0 | G81: 2901.57 | J81: =D81*G81 -> 52228.26 | K81: =E81*G81 -> 52228.26 | L81: =K81-J81 -> 0 | N81: # | Q81: 18
A82: 42 | B82: 擋牆a’型 | C82: M | D82: 17.1 | E82: ='土建景觀工程(2)'!J456 -> 33.5 | F82: =E82-D82 -> 16.4 | G82: 1762.96 | J82: =D82*G82 -> 30146.616 | K82: =E82*G82 -> 59059.16 | L82: =K82-J82 -> 28912.544 | Q82: 17.1
A83: 43 | B83: 擋牆b’型 | C83: M | D83: 77.4 | E83: ='土建景觀工程(2)'!J460 -> 85.7 | F83: =E83-D83 -> 8.3 | G83: 1224.3 | J83: =D83*G83 -> 94760.82 | K83: =E83*G83 -> 104922.51 | L83: =K83-J83 -> 10161.69 | Q83: 77.4
A84: 44 | B84: 擋牆c’型 | C84: M | D84: 32.5 | E84: ='土建景觀工程(2)'!J464 -> 32.5 | F84: =E84-D84 -> 0 | G84: 1148.7 | J84: =D84*G84 -> 37332.75 | K84: =E84*G84 -> 37332.75 | L84: =K84-J84 -> 0 | Q84: 32.5
A85: 45 | B85: 樓梯A | C85: 座 | D85: 1 | E85: ='土建景觀工程(2)'!J479 -> 1 | F85: =E85-D85 -> 0 | G85: 19780.17 | J85: =D85*G85 -> 19780.17 | K85: =E85*G85 -> 19780.17 | L85: =K85-J85 -> 0 | Q85: 1
A86: 46 | B86: 樓梯B | C86: 座 | D86: 1 | E86: ='土建景觀工程(2)'!J481 -> 1 | F86: =E86-D86 -> 0 | G86: 1218.03 | J86: =D86*G86 -> 1218.03 | K86: =E86*G86 -> 1218.03 | L86: =K86-J86 -> 0 | Q86: 1
A87: 47 | B87: 樓梯C | C87: 座 | D87: 1 | E87: ='土建景觀工程(2)'!J483 -> 1 | F87: =E87-D87 -> 0 | G87: 3110.7 | J87: =D87*G87 -> 3110.7 | K87: =E87*G87 -> 3110.7 | L87: =K87-J87 -> 0 | Q87: 1
A88: 48 | B88: 樓梯D | C88: 座 | D88: 1 | E88: ='土建景觀工程(2)'!J485 -> 1 | F88: =E88-D88 -> 0 | G88: 1251.1 | J88: =D88*G88 -> 1251.1 | K88: =E88*G88 -> 1251.1 | L88: =K88-J88 -> 0 | N88: # | Q88: 1
A89: 49 | B89: 樓梯F | C89: 座 | D89: 1 | E89: ='土建景觀工程(2)'!J487 -> 1 | F89: =E89-D89 -> 0 | G89: 9500.58 | J89: =D89*G89 -> 9500.58 | K89: =E89*G89 -> 9500.58 | L89: =K89-J89 -> 0 | Q89: 1
A90: 50 | B90: 樓梯I | C90: 座 | D90: 1 | E90: ='土建景觀工程(2)'!J489 -> 1 | F90: =E90-D90 -> 0 | G90: 3871.43 | J90: =D90*G90 -> 3871.43 | K90: =E90*G90 -> 3871.43 | L90: =K90-J90 -> 0 | Q90: 1
A91: 51 | B91: 樓梯L | C91: 座 | D91: 1 | E91: ='土建景觀工程(2)'!J491 -> 1 | F91: =E91-D91 -> 0 | G91: 25380.34 | J91: =D91*G91 -> 25380.34 | K91: =E91*G91 -> 25380.34 | L91: =K91-J91 -> 0 | Q91: 1
A92: 52 | B92: 欄杆A | C92: M | D92: 13.9 | E92: ='土建景觀工程(2)'!J493 -> 39.8 | F92: =E92-D92 -> 25.9 | G92: 1285.31 | J92: =D92*G92 -> 17865.809 | K92: =E92*G92 -> 51155.338 | L92: =K92-J92 -> 33289.529 | Q92: 52.9 | R92: 三合橋橋面欄杆
A93: 53 | B93: 欄杆B | C93: M | D93: 94.15 | E93: ='土建景觀工程(2)'!J496 -> 106.1 | F93: =E93-D93 -> 11.95 | G93: 1976.06 | J93: =D93*G93 -> 186046.05 | K93: =E93*G93 -> 209659.97 | L93: =K93-J93 -> 23613.917
A94: 54 | B94: 欄杆D | C94: M | D94: 13.5 | E94: ='土建景觀工程(2)'!J503 -> 13.5 | F94: =E94-D94 -> 0 | G94: 1889.54 | J94: =D94*G94 -> 25508.79 | K94: =E94*G94 -> 25508.79 | L94: =K94-J94 -> 0
A95: 55 | B95: 護欄a | C95: M | D95: 13.7 | E95: ='土建景觀工程(2)'!J505 -> 27.4 | F95: =E95-D95 -> 13.7 | G95: 1778.66 | J95: =D95*G95 -> 24367.642 | K95: =E95*G95 -> 48735.284 | L95: =K95-J95 -> 24367.642
A96: 56 | B96: 護欄b | C96: M | D96: 17.92 | E96: ='土建景觀工程(2)'!J507 -> 39.8 | F96: =E96-D96 -> 21.88 | G96: 2939.14 | J96: =D96*G96 -> 52669.389 | K96: =E96*G96 -> 116977.77 | L96: =K96-J96 -> 64308.383
A97: 57 | B97: 地圖牌 | C97: 座 | D97: 1 | E97: ='土建景觀工程(2)'!J509 -> 1 | F97: =E97-D97 -> 0 | G97: 23030.8 | J97: =D97*G97 -> 23030.8 | K97: =E97*G97 -> 23030.8 | L97: =K97-J97 -> 0 | N97: #
A98: 58 | B98: 全區導覽牌 | C98: 座 | D98: 2 | E98: ='土建景觀工程(2)'!J511 -> 2 | F98: =E98-D98 -> 0 | G98: 18605.92 | J98: =D98*G98 -> 37211.84 | K98: =E98*G98 -> 37211.84 | L98: =K98-J98 -> 0 | N98: #
A99: 59 | B99: 公園自治條例 | C99: 座 | D99: 1 | E99: ='土建景觀工程(2)'!J513 -> 1 | F99: =E99-D99 -> 0 | G99: 18605.92 | J99: =D99*G99 -> 18605.92 | K99: =E99*G99 -> 18605.92 | L99: =K99-J99 -> 0
A100: 60 | B100: 方向指示牌 | C100: 座 | D100: 3 | E100: ='土建景觀工程(2)'!J515 -> 3 | F100: =E100-D100 -> 0 | G100: 11655.48 | J100: =D100*G100 -> 34966.44 | K100: =E100*G100 -> 34966.44 | L100: =K100-J100 -> 0
A101: 61 | B101: 水位警示設施 | C101: 座 | D101: 4 | E101: ='土建景觀工程(2)'!J517 -> 4 | F101: =E101-D101 -> 0 | G101: 25108.91 | J101: =D101*G101 -> 100435.64 | K101: =E101*G101 -> 100435.64 | L101: =K101-J101 -> 0
...

Sheet 整備工程(1)
A1: 臺北市政府工務局水利工程處
A2: 數量計算式
A3: 工程名稱：磺港溪再造C段護岸及步道整建工程(延壽橋至三合橋)
A4: 施工地點：北投磺港溪 | G4: 工程編號：111 070020302 038 02
A5: 項次 | B5: 項 目 及 說 明 | C5: 單位 | D5: 原契約數量 | E5: 變更後數量 | F5: 項目 | G5: 小計 | H5: 數量 | I5: 2月估價數量 | J5: 數量計算累計
A6: 一 | B6: 工程費 | C6: 式 | D6: 1
A7: (一) | B7: 整備工程 | C7: 式 | D7: 1
A8: 1.1.1 | B8: 機械拆除，瀝青混凝土，未含運費 | C8: M3 | D8: 544.66 | F8: 現況整備圖: 自行車道打除(131+146.5+160.4+149.8+24.6+311.1)*0.1 | G8: (131+146.5+160.4+149.8+24.6+311.1)*0.1 | H8: =(131+146.5+160.4+149.8+24.6+311.1)*0.1 -> 92.34 | I8: =SUM(H8:H9) -> 525.96 | J8: =SUM(H8:H9) -> 525.96
F9: 現況整備圖: 東側磺港路AC打除(339.4+542.2+512+774.5)*0.2 | G9: (339.4+542.2+512+774.5)*0.2 | H9: =(339.4+542.2+512+774.5)*0.2 -> 433.62
A11: 1.1.2 | B11: 機械拆除，鋼筋混凝土，未含運費 | C11: M3 | D11: 7089.42 | F11: 鋪面打除 | G11: (825.8+623.9+1160.3+964.3+522.6+839.7)*0.3 | H11: =(825.8+623.9+1160.3+964.3+522.6+839.7)*0.3 -> 1480.98 | I11: =SUM(H11:H24)-H13-H15-H16 -> 6176.5003 | J11: =SUM(H11:H24) -> 7029.4502
F12: 堤防拆除 | G12: (69.3+116+83.4+87+0+34.5)*2.6 | H12: =(69.3+116+83.4+87+0+34.5)*2.6 -> 1014.52
F13: 結構物、管涵打除 | G13: (52.8+101.5+85+42.9+18.9+17.9)*1 | H13: =(52.8+101.5+85+42.9+18.9+17.9)*1 -> 319
F14: 階梯打除 | G14: (16.7+14.8+0+0+0+5.1)*2.2 | H14: =(16.7+14.8+0+0+0+5.1)*2.2 -> 80.52
F15: 排水溝打除 | G15: (209.5+221.3+250.5+260.6+0+218.8)*0.44 | H15: =(209.5+221.3+250.5+260.6+0+218.8)*0.44 -> 510.708
F16: 緣石打除 | G16: (144+162+145.7+151.7+0+100.9)*0.033 | H16: =(144+162+145.7+151.7+0+100.9)*0.033 -> 23.2419
F17: 擋牆部分打除 | G17: (0+0+0+0+0+3.3)*0.4 | H17: =(0+0+0+0+0+3.3)*0.4 -> 1.32
F18: 磺港路橋 | G18: (9.32-6.28)*54.61/2*7.2 + 2.5*52.14*8.7 + (9.28-8.01)*22.33/2*7.2 | H18: =(9.32-6.28)*54.61/2*7.2 + 2.5*52.14*8.7 + (9.28-8.01)*22.33/2*7.2 -> 1833.7896
F19: 人行橋(共月處) | G19: 6.2*19.95*1.5+6.2*19.95*1.5+3*1.5*2.2/2*2+1.95*1.05*1.8/2*2 | H19: =6.2*19.95*1.5+6.2*19.95*1.5+3*1.5*2.2/2*2+1.95*1.05*1.8/2*2 -> 384.6555
F20: 三合橋 | G20: 11.78*13.55*2+11.78*13.55*2 | H20: =11.78*13.55*2+11.78*13.55*2 -> 638.476
F21: 既有雙孔箱涵部分拆除 | G21: 20.98*3*0.5*2.5+三合橋下版面236.2*0.5+鄰近人行道20*2.5*0.3 | H21: =20.98*3*0.5*2.5+236.2*0.5+20*2.5*0.3 -> 211.775
F22: 延壽橋既有河底打除(PC樁) | G22: 0.6深*長80*河道寬3 | H22: =0.6*80*3 -> 144
F23: 磺港路上既有堤牆打除 | G23: 長度300*既有版厚0.3*人行道寬2+堤牆厚0.3*高度1.5*長度300+既有陰井5座*厚度0.3*長度1.2*4邊 | H23: =300*0.3*2+0.3*1.5*300+5*0.3*1.2*4 -> 322.2
F24: 既有排水設施(單孔箱涵，W*H=1.6m*1.4m)部分拆除 | G24: 11.77*5.46 | H24: =11.77*5.46 -> 64.2642
A26: 1.1.3 | B26: 盤踞切割 | C26: M | D26: 4616 | F26: 磺港路橋 | G26: 橋面版長度橫切54.61+縱切54.61*平均寬度(9.32-6.28)/間距1M 2*2 + 梁長52.14*8.7*6刀 + 護欄長橫切22.33+護欄縱切22.33*(9.28-8.01)/2*2 | H26: =54.61+54.61*(9.32-6.28)/2*2 + 52.14*8.7*6 + 22.33+22.33*(9.28-8.01)/2*2 -> 2993.0215 | I26: =SUM(H26:H28) -> 4615.0765 | J26: =SUM(H26:H28) -> 4615.0765
F27: 人行橋(共月處) | G27: 橋面板長度-19.95*6.2*4+樓梯寬1.5*高2.2/2*3*左右兩邊2+樓梯平台1.05*1.8/2 | H27: =19.95*6.2*4 + 1.5*2.2/2*3*2 + 1.05*1.8/2 -> 505.605
F28: 三合橋 | G28: 橋面板長度橫切13.55+縱切13.55*14刀*厚度0.8+護欄11.78*高度0.8*8*2邊+11.78*1*13.55*2+13.55*(21.3-1.5)/2*2+11.78*(13.55/0.6)*0.8 | H28: =ROUND(13.55+13.55*14*0.8+11.78*0.8*8*2+11.78*1*13.55*2+13.55*(21.3-1.5)/2*2+11.78*(13.55/0.6)*0.8,2) -> 1116.45
A31: 1.1.4 | B31: 基地及路幅開挖，未含運費，(機械挖，0.7～0.79m3開挖機) | C31: B.M3 | D31: 29759 | F31: 詳挖方計算式 | G31: 32863 | H31: =G31 -> 32863 | I31: =H31 -> 32863 | J31: =I31 -> 32863
A34: 1.1.5 | B34: 瀝青混凝土面層刨除，刨除料運費 | C34: M3 | D34: 731.44 | F34: 舊磺港陸橋 | G34: 892.19*0.1 | H34: =892.19*0.1 -> 89.219 | I34: =SUM(H34:H37)-H37-H39 -> 328.89 | J34: =SUM(H34:H39) -> 735.538
F35: 西側磺港路(由南至北) | G35: (613.36+615.86+589.71+964.58)*0.1 | H35: =(613.36+615.86+589.71+964.58)*0.1 -> 278.351
F36: 三合街一段 | G36: 346.6*0.2 | H36: =346.6*0.2 -> 69.32
F37: 三合街二段 | G37: 605.24*0.2 | H37: =605.24*0.2 -> 121.048
F38: 三合橋施工便橋AC刨除 | G38: 69.6*10*0.1 | H38: =69.6*10*0.1 -> 69.6
F39: 東側磺港路第一次舖設完後 ，面層重鋪改道N0k+440~800 | G39: (800-440)*路寬(4+2)*0.05 | H39: =(800-440)*6*0.05 -> 108
A41: 1.1.6 | B41: 利用填方，含夯實 | C41: M3 | D41: 7519 | F41: 0 | G41: 0 | H41: 0 | I41: 0 | J41: =SUM(H41:H44) -> 4737.8
F42: 0K+440~620雙孔箱涵與既有堤牆側回填 | G42: 1590.6 | H42: =G42 -> 1590.6 | I42: =H42 -> 1590.6
F43: 0K+280~440雙孔箱涵與既有堤牆側回填 | G43: 1147.2 | H43: =G43 -> 1147.2
F44: 公園景觀回填 | G44: 2000 | H44: 2000
A46: 1.1.7 | B46: 餘方遠運處理(台北港) | C46: B.M3 | D46: 22240 | F46: 路幅開挖-利用填方-構造物回填 | H46: =J31-J41 -> 28125.2 | I46: =H46 -> 28125.2 | J46: =I46 -> 28125.2
A49: 1.1.8 | B49: 餘方自行處理(房屋廢方，含水土保持) | C49: M3 | D49: 6730.42 | F49: 詳聯單 | G49: 4956 | H49: =G49 -> 4956 | I49: =H49 -> 4956 | J49: 6730.42
A51: 1.1.9 | B51: 瀝青混凝土面層刨除，厚5cm，刨除機1.2m寬，含瀝青鋪面打毛(未含運費) | C51: M2 | D51: 3735.5 | F51: 東側磺港路第一次舖設完後 ，面層重鋪改道N0k+440~800 | G51: (800-440)*路寬(4+2) | H51: =(800-440)*6 -> 2160 | I51: 0 | J51: =H51 -> 2160
A55: 1.1.10 | B55: 瀝青混凝土面層刨除，厚10cm，刨除機2.2m寬，未含運費 | C55: M2 | D55: 10205 | H55: =G55 -> 0 | I55: =SUM(H56:H57) -> 762.8 | J55: =SUM(H55:H62) -> 7540.34
F56: 三合橋施工便橋AC刨除 | G56: 69.6*10*0.1 | H56: =69.6*10*0.1 -> 69.6
F57: 三合街一段 | G57: 346.6*2 | H57: =346.6*2 -> 693.2
F58: 瓦斯站至延壽橋(N0K+740~830) | G58: 964.6*2 | H58: =964.6*2 -> 1929.2
F59: N 0K+660~740 | G59: 589.71*2 | H59: =589.71*2 -> 1179.42
F60: N 0K+570~660 | G60: 615.86*2 | H60: =615.86*2 -> 1231.72
F61: N 0K+480~570 | G61: 613.36*2 | H61: =613.36*2 -> 1226.72
F62: N 0K+320~480 | G62: 605.24*2 | H62: =605.24*2 -> 1210.48
A64: 1.1.11 | B64: 切割瀝青混凝土或無筋混凝土，5cm≦切割深度＜10cm | C64: M | D64: 142.6 | F64: 側溝 | G64: (U14(64)+U13(43.5)+U12(63.7)+U8(27)+U7(38.3)+U6(25.8)+U2(61.35)+U1(67.8)+U5(45.7)+U5-1(14.4)+U4(30.1)+U3(44.4))*2邊 | H64: =((64)+(43.5)+(63.7)+(27)+(38.3)+(25.8)+(61.35)+(67.8)+(45.7)+(14.4)+(30.1)+(44.4))*2 -> 1052.1 | I64: =H66 -> 73 | J64: =SUM(H64:H67) -> 1284.7
F65: RCP | G65: 2*(BL16-1(5)+BL15(6.6)+BL14(4.8)+BL12(4.6)+BL09(3.8)+BL(6.8)+BL05(5.7)+BL07(5.1)+BL06(3.8)+BL02(3.4)+BL04(4.5)+BL03-1(9.6)+BL01(16.1)) | H65: =2*((5)+(6.6)+(4.8)+(4.6)+(3.8)+(6.8)+(5.7)+(5.1)+(3.8)+(3.4)+(4.5)+(9.6)+(16.1)) -> 159.6
F66: 西側磺港路施工便道 | G66: 73 | H66: 73
A69: 1.1.12 | B69: 清除及掘除，雜草雜木，含垃圾撿除，人工割 | C69: M2 | D69: 8459.3 | F69: 詳整備圖環境整清 | G69: 1576.7 | H69: 1576.7 | I69: =SUM(H69:H74) -> 8305.2 | J69: =SUM(H69:H74) -> 8305.2
F70: 詳整備圖環境整清 | G70: 1676.7 | H70: 1676.7
F71: 詳整備圖環境整清 | G71: 2426.3 | H71: 2426.3
F72: 三合橋下衛工砌石舖面 | G72: 732.1 | H72: 732.1
F73: 詳整備圖環境整清 | G73: 1741 | H73: 1741
F74: 詳整備圖環境整清 | G74: 306.5 | H74: 152.4
A76: 1.1.13 | B76: 垃圾及廢棄物(以體積計)清運 | C76: M3 | D76: 1268.9 | F76: 詳聯單 | G76: 108 | H76: 108 | I76: =H76 -> 108 | J76: =SUM(H76:H76) -> 108
A78: 1.1.14 | B78: 節塊吊放 | C78: 次 | D78: 659 | F78: 磺港陸橋 | G78: 55*2+53*6+23*2 | H78: =55*2+53*6+23*2 -> 474 | I78: =SUM(H78:H80) -> 656 | J78: =SUM(H78:H81) -> 656
F79: 人行橋 | G79: 20*4+2*3+1 | H79: =20*4+2*3+1 -> 87
F80: 三合橋 | G80: 12*(3+2)+7*(3+2) | H80: =12*(3+2)+7*(3+2) -> 95
A82: 1.1.15 | B82: 機械拆除，工地雜項拆除清理，欄杆，含運費 | C82: M | D82: 253.3 | F82: 詳整備圖欄杆拆除 | G82: 46.2 | H82: 46.2 | I82: =SUM(H82:H85) -> 253 | J82: =SUM(H82:H85) -> 253
F83: 詳整備圖欄杆拆除 | G83: 90 | H83: 90
F84: 詳整備圖欄杆拆除 | G84: 83.1 | H84: 83.1
F85: 詳整備圖欄杆拆除 | G85: 33.7 | H85: 33.7
A87: 1.1.16 | B87: 既有路燈拆除繳回 | C87: 盞 | D87: 80 | F87: 既有路燈 | G87: 13+14+19+16+10+8 | H87: =13+14+19+16+10+8 -> 80 | I87: =H87 -> 80 | J87: =H87 -> 80
A89: 1.1.17 | B89: 土方運送(百齡抽水站) | C89: 趟 | D89: 1278 | F89: 詳內運單 | G89: 945 | H89: 945 | I89: =H89 -> 945 | J89: 1278
F90: 詳內運單 | G90: 54 | H90: 54 | I90: =SUM(H89:H90) -> 999
A92: 1.1.18 | B92: 座椅拆除繳回 | C92: 座 | D92: 30 | F92: 30 | G92: 30 | H92: 30 | I92: =H92 -> 30 | J92: =I92 -> 30
A94: 1.1.19 | B94: 解說牌拆除 | C94: 座 | D94: 12 | F94: 12 | G94: 12 | H94: 12 | I94: =H94 -> 12 | J94: =I94 -> 12
A96: 1.1.20 | B96: 自行車架拆除 | C96: 座 | D96: 20 | F96: 20 | G96: 20 | H96: 20 | I96: =H96 -> 20 | J96: =I96 -> 20
A98: 1.1.21 | B98: 交通牌誌拆除 | C98: 座 | D98: 19 | F98: 19 | G98: 19 | H98: 19 | I98: =H98 -> 19 | J98: =I98 -> 19
A100: 1.1.22 | B100: 既有水利設施拆除及運送 | C100: 式 | D100: 1 | F100: 1 | G100: 1 | H100: 1 | I100: 1 | J100: =I100 -> 1
A102: 1.1.23 | B102: 交通維持，道路管制人員，日間(06-22時)，義交 | C102: 時 | D102: 30800 | F102: 第1期計價 | G102: 0 | H102: 0 | I102: =SUM(H102:H115) -> 11360 | J102: 30800
F103: 第2期計價 | G103: 4人*30天*8 | H103: =4*30*8 -> 960
F104: 第3期計價 | G104: 8H*10 | H104: 80
F105: 第4期計價 | G105: 4*15*8 | H105: 480
F106: 第5期計價 | G106: 未計價 | H106: 0
F107: 第6期計價 | G107: 960+第5期960 | H107: =960+960 -> 1920
F108: 第7期計價 | G108: 30*4*9H | H108: 1080
F109: 第8期計價 | G109: 30*4*9H | H109: 1080
F110: 第9期計價 | G110: 30*4*9H | H110: 1080
F111: 第10期計價 | G111: 30*4*9H | H111: 1080
F112: 第11期計價 | G112: 未計價 | H112: 0
F113: 第12期計價 | G113: 30*4*9+第11期30*4*9 | H113: =1080*2 -> 2160
F114: 第13期計價 | G114: 30*3*8 | H114: =30*3*8 -> 720
F115: 第14期計價 | G115: 30*3*8 | H115: =30*3*8 -> 720
A118: 1.1.24 | B118: 表土清除，堆置，及回填費，t=30cm | C118: M2 | D118: 2405 | F118: 配合拆除標施作(詳暫置場整備面圖面) | G118: 29.7*50+27*18.3/2+13.46*50 | H118: =29.7*50+27*18.3/2+13.46*50 -> 2405.05 | I118: =H118 -> 2405.05 | J118: =I118 -> 2405.05
A120: 1.1.25 | B120: 餘土分類處理 | C120: 日 | D120: 150 | F120: 詳日報表 | G120: 150 | H120: 150 | I120: =H120 -> 150 | J120: =I120 -> 150
A122: 1.1.26 | B122: 路線漆標線，12公尺以下道路及零星路段繪設 | C122: M2 | D122: 138.05 | F122: 磺港路東側汽車格塗銷 | G122: 137.28*0.1+1.83*25*0.1+65.76*0.1+1.83*12*0.1 | H122: =137.28*0.1+1.83*25*0.1+65.76*0.1+1.83*12*0.1 -> 27.075 | I122: =SUM(H122:H126) -> 138.053 | J122: =SUM(H122:H126) -> 138.053
F123: 磺港路西側機車格塗銷 | G123: (3.41+10.3+5.6+4.85)*0.1+1.65*(5+14+8+8)*0.1 | H123: =(3.41+10.3+5.6+4.85)*0.1+1.65*(5+14+8+8)*0.1 -> 8.191
F124: 磺港路西側殘障車格塗銷 | G124: 5.43*0.1+2.04*2*0.1 | H124: =5.43*0.1+2.04*2*0.1 -> 0.951
F125: 磺港路東側禁停紅線繪製 | G125: 137.28*2*0.1 | H125: =137.28*2*0.1 -> 27.456
F126: 磺港路西側禁停紅線繪製 | G126: 371.9*2*0.1 | H126: =371.9*2*0.1 -> 74.38
A128: 1.1.27 | B128: 餘方近運1km小搬運 | C128: M3 | D128: 2000 | F128: 配合拆除標施作，場內土方搬運 | G128: 高1.8*長50*寬22.3 | H128: =1.8*50*22.3 -> 2007 | I128: =H128 -> 2007 | J128: =I128 -> 2007
A131: 1.1.28 | B131: 細整地 | C131: M2 | D131: 3324.02 | G131: 2405+29.7*31 | H131: =2405+29.7*31 -> 3325.7 | I131: =H131 -> 3325.7 | J131: =I131 -> 3325.7
H154: 16
F226: 東西側磺港路禁停紅線137.28*2*0.1+371.9*2*0.1+延壽橋雙紅線72*2*0.1+雙黃線72*2*0.1+三合橋車行便道71*0.1*4+指向線8*7+行穿線3*0.4*9+停車線0.4*4*5+車道線30*0.1*2

Sheet 土建景觀工程(2)
A1: 臺北市政府工務局水利工程處
A2: 數量計算式
A3: 工程名稱：磺港溪再造C段護岸及步道整建工程(延壽橋至三合橋)
A4: 施工地點：北投磺港溪 | G4: 工程編號：111 070020302 038 02
A5: 項次 | B5: 項 目 及 說 明 | C5: 單位 | D5: 原契約數量 | E5: 變更後數量 | F5: 項目 | G5: 小計 | H5: 數量 | I5: 2月估價數量 | J5: 數量計算累計
A6: (二) | B6: 土建景觀工程 | C6: 式 | D6: 1
A7: 1.2.1 | B7: 構造物回填，回填及夯實(實際) | C7: C.M3 | D7: 2347.79 | F7: 透水磚紙模地坪 | G7: 1*1*0.39*5207.01 | H7: =1*1*0.39*5207.01 -> 2030.7339 | I7: 0 | J7: =SUM(H7:H20) -> 2347.7873
F8: 石材鋪面 | G8: 1*1*0.23*375.23 | H8: =1*1*0.23*375.23 -> 86.3029
F9: 卵石鋪面 | G9: 1*1*0.28 | H9: 0
F10: 露骨材地坪 | G10: 1*1*0.2*34.8 | H10: =1*1*0.2*34.8 -> 6.96
F11: PC地坪 | G11: 1*1*0.2*11.98 | H11: =1*1*0.2*11.98 -> 2.396
F12: 格柵鋪面A | G12: 2.425*0.6*0.45*8 | H12: =2.425*0.6*0.45*8 -> 5.238
F13: 混凝土板地坪 | G13: 1.1*0.9*0.33*19 | H13: =1.1*0.9*0.33*19 -> 6.2073
F14: 界石收邊 | G14: 1*0.1*0.29*360.35 | H14: =1*0.1*0.29*360.35 -> 10.45015
F15: 緣石收邊 | G15: 1*0.23*0.33*691.14 | H15: =1*0.23*0.33*691.14 -> 52.457526
F16: 道路緣石收邊 | G16: 1*0.15*0.3*890.62 | H16: =1*0.15*0.3*890.62 -> 40.0779
F17: 道路緣石斜坡式 | G17: 1*0.15*0.27*85.77 | H17: =1*0.15*0.27*85.77 -> 3.473685
F18: 場鑄道路緣石 | G18: 1*0.15*0.15*187.82 | H18: =1*0.15*0.15*187.82 -> 4.22595
F19: 警示帶定位磚 | G19: 1*1*0.3*20.48 | H19: =1*1*0.3*20.48 -> 6.144
F20: 雨水積磚 | H20: 93.12
A22: 1.2.2 | B22: 構造物回填，回填及夯實，人工夯實 | C22: C.M3 | D22: 755.76 | F22: 座台A | G22: 1*0.2*0.29*354.7 | H22: =1*0.2*0.29*354.7 -> 20.5726 | I22: 0 | J22: =SUM(H22:H67) -> 742.90104
F23: 座台B | G23: 1*0.3*0.29*44.7 | H23: =1*0.3*0.29*44.7 -> 3.8889
F24: 座台C | G24: 1*0.8*0.45*31 | H24: =1*0.8*0.45*31 -> 11.16
F25: 座台D | G25: 1*0.3*0.7*18.1 | H25: =1*0.3*0.7*18.1 -> 3.801
F26: 座台E | G26: 1*0.4*0.29*180.4 | H26: =1*0.4*0.29*180.4 -> 20.9264
F27: 座台F | G27: 1*0.3*0.29*25.6 | H27: =1*0.3*0.29*25.6 -> 2.2272
F28: 座椅A | G28: (1.5*0.647*0.29)+(1*0.225*0.29)*7 | H28: =(1.5*0.647*0.29)+(1*0.225*0.29)*7 -> 0.738195
F29: 座椅B | G29: 1*0.5*0.29*7.8 | H29: =1*0.5*0.29*7.8 -> 1.131
F30: 座椅C | G30: 0.3*0.2*0.367*2 | H30: =0.3*0.2*0.367*2 -> 0.04404
F31: 座椅D-1 | G31: 0.56*0.56*0.192*3 | H31: =0.56*0.56*0.192*3 -> 0.1806336
F32: 草地座階 | G32: 1*0.8*0.4*18 | H32: =1*0.8*0.4*18 -> 5.76
F33: 擋牆a' | G33: 1*1.2*1.1*17.1 | H33: =1*1.2*1.1*17.1 -> 22.572
F34: 擋牆b' | G34: 1*0.45*0.45*(21.7+17.6) | H34: =1*0.45*0.45*(21.7+17.6) -> 7.95825
F35: 擋牆c' | G35: 1*0.3*1.48*32.5 | H35: =1*0.3*1.48*32.5 -> 14.43
F36: 樓梯A | G36: 13.89*2*0.55 | H36: =13.89*2*0.55 -> 15.279
F37: 樓梯B | G37: 0.66*1.2*0.3 | H37: =0.66*1.2*0.3 -> 0.2376
F38: 樓梯C | G38: 1.32*1.2*0.4 | H38: =1.32*1.2*0.4 -> 0.6336
F39: 樓梯I | G39: 1.98*1.2*0.47 | H39: =1.98*1.2*0.47 -> 1.11672
F40: 樓梯L | G40: 0.3*6.63*0.35 | H40: =0.3*6.63*0.35 -> 0.69615
F41: 地圖牌 | G41: 1.6*0.7*0.76 | H41: =1.6*0.7*0.76 -> 0.8512
F42: 全區導覽牌 | G42: 1.1*0.55*1*2 | H42: =1.1*0.55*1*2 -> 1.21
F43: 公園自治條例牌 | G43: 1.1*0.55*0.75 | H43: =1.1*0.55*0.75 -> 0.45375
F44: 方向指示牌 | G44: 0.7*0.7*0.66*3 | H44: =0.7*0.7*0.66*3 -> 0.9702
F45: 水位警示設施 | G45: 3.1*0.6*0.25*4 | H45: =3.1*0.6*0.25*4 -> 1.86
F46: 警示設施說明牌D | G46: 0.9*0.5*0.43*5 | H46: =0.9*0.5*0.43*5 -> 0.9675
F47: 警示設施說明牌E | G47: 0.9*0.5*0.43 | H47: =0.9*0.5*0.43 -> 0.1935
F48: 解說牌A | G48: 0.9*0.5*0.43*6 | H48: =0.9*0.5*0.43*6 -> 1.161
F49: 解說牌B | G49: 0.9*0.5*0.43*2 | H49: =0.9*0.5*0.43*2 -> 0.387
F50: 高程控制樁A | G50: 0.4*0.4*0.41*2 | H50: =0.4*0.4*0.41*2 -> 0.1312
F51: 高程控制樁B | G51: 0.4*0.4*0.41*4 | H51: =0.4*0.4*0.41*4 -> 0.2624
F52: 斜坡道 | G52: (6.187*1.5*0.45)+(10.694*3.565*0.45) | H52: =(6.187*1.5*0.45)+(10.694*3.565*0.45) -> 21.332075
F53: 洗手(腳)池 | G53: (0.6*0.25*0.48)*1 | H53: =(0.6*0.25*0.48)*1 -> 0.072
F54: 陰井 | G54: 0.8*0.8*0.95*62 | H54: =0.8*0.8*0.95*62 -> 37.696
F55: 截水溝A | G55: 0.6*0.65*0.5*13 | H55: =0.6*0.65*0.5*13 -> 2.535
F56: 截水溝B | G56: 0.6*0.65*0.5*41.7 | H56: =0.6*0.65*0.5*41.7 -> 8.1315
F57: 截水溝C | G57: 0.32*0.405*0.5*1.3 | H57: =0.32*0.405*0.5*1.3 -> 0.08424
F58: 草溝+HDPE管4" | G58: 1*0.4*0.6*122.3 | H58: =1*0.4*0.6*122.3 -> 29.352
F59: 草溝+HDPE管6" | G59: 1*0.4*0.6*101.1 | H59: =1*0.4*0.6*101.1 -> 24.264
F60: HDPE透水管，3" | G60: 1*0.95*0.5*489 | H60: =1*0.95*0.5*489 -> 232.275
F61: 三合橋下衛工砌石舖面 | G61: 1*0.95*0.5*216 | H61: =1*0.95*0.5*216 -> 102.6
F62: PVC管，2" | G62: 1*0.95*0.5*45.16 | H62: =1*0.95*0.5*45.16 -> 21.451
F63: PVC管，4" | G63: 1*0.95*0.5*116.8 | H63: =1*0.95*0.5*116.8 -> 55.48
F64: PVC管，4A"(厚管) | G64: 1*0.95*0.5*25.8 | H64: =1*0.95*0.5*25.8 -> 12.255
F65: PVC管，6" | G65: 1*0.95*0.5*53.89 | H65: =1*0.95*0.5*53.89 -> 25.59775
F66: PVC管，8" | G66: 1*0.95*0.5*21 | H66: =1*0.95*0.5*21 -> 9.975
F67: 淺溝 | G67: 1*0.311*0.21*275.6 | H67: =1*0.311*0.21*275.6 -> 17.999436
A69: 1.2.3 | B69: 鋼筋，SD280W | C69: KG | D69: 37233.48 | F69: 0 | G69: 0 | H69: 0 | I69: =SUM(H73:H76) -> 3719.442 | J69: =SUM(H69:H127) -> 29975.442
F70: 格柵鋪面A | G70: 詳重量表176.24 | H70: 176.24
F71: 木棧道A | G71: 詳重量表216.01 | H71: 216.01
F72: 木棧道B | G72: 0 | H72: 0
F73: 0k+280~290擋土矮牆LT(A-2)(L=10M) | G73: (牆主筋(1.4+0.5+1.4+0.2)*10/0.15+牆副筋8*2*10+版副筋6*10+版主筋10/0.15*0.8)*0.994 | H73: =ROUND(((1.4+0.5+1.4+0.2)*10/0.15+8*2*10+6*10+10/0.15*0.8)*0.994,2) -> 503.63
F74: 三合橋護欄 | G74: 詳鋼筋數量表1108.24 | H74: =1108.24 -> 1108.24
F75: 河側植栽槽0k+280~625 | G75: ((625-280-15)*(0.994)+(625-280-15)/0.5*0.40)*1.1 | H75: =((625-280-15)*(0.994)+(625-280-15)/0.5*0.4)*1.1 -> 651.222
F76: 座台A-1 (0K+405~440) | G76: 詳鋼筋數量表每徑行米41.61*總長度 | H76: =41.61*J433 -> 1456.35
F77: 鋼板收邊A | G77: 鋼筋長度0.2*間距1/0.5*0.994*總長度 | H77: =0.2*1/0.5*0.994*J397*1.05 -> 329.25395
F78: 鋼板收邊B | G78: 鋼筋長度0.15*間距1/0.5*0.994*總長度 | H78: =0.15*1/0.5*0.994*J407*1.05 -> 9.800343
F79: 場鑄道路緣石 | G79: (主筋1/0.2+副筋2支*)*0.994*1.05*場鑄道路緣石長 | H79: =(1/0.2+2)*0.994*0.15*J422 -> 196.02773
F80: 座台A | G80: 詳鋼筋數量表*每徑行米30.42 | H80: =J433*30.42 -> 1064.7
F81: 座台B | G81: 詳鋼筋數量表*每徑行米31.13 | H81: =J438*31.13 -> 965.03
F82: 座台C | G82: 詳鋼筋數量表*每徑行米40.56 | H82: =J438*40.56 -> 1257.36
F83: 座台D | G83: 詳鋼筋數量表*每徑行米68.42 | H83: =J440*68.42 -> 1232.9284
F84: 座台E | G84: 詳鋼筋數量表*每徑行米34.39 | H84: =J442*34.39 -> 6203.956
F85: 座台F | G85: 詳鋼筋數量表*每徑行米35.45 | H85: =J444*35.45 -> 907.52
F86: 座椅A | G86: 詳鋼筋數量表每徑行米140.57 | H86: =J446*140.57 -> 983.99
F87: 座椅B | G87: 詳鋼筋數量表*每徑行米66.26 | H87: =J448*66.26 -> 516.828
F88: 座椅C | G88: 0 | H88: =J450 -> 2
F89: 座椅D
F90: 座椅D-1 | G90: 0 | H90: 0
F91: 草地座階 | G91: 詳鋼筋數量表*每徑行米36.87 | H91: =H454*36.87 -> 663.66
F92: 砌石擋牆A | G92: 0 | H92: 0
F93: 砌石擋牆B | G93: 0 | H93: 0
F94: 擋牆a' | G94: 詳鋼筋數量表*每徑行米47.19 | H94: =H456*47.19 -> 670.098
F95: 擋牆b' | G95: 詳鋼筋數量表*每徑行米20.03 | H95: =J460*20.03 -> 1716.571
F96: 擋牆c' | G96: 詳鋼筋數量表*每徑行米20.83 | H96: =J464*20.83 -> 676.975
F97: 樓梯A | G97: 詳鋼筋數量表685.46 | H97: 685.46
F98: 樓梯B | G98: 詳鋼筋數量表40.84kg | H98: 40.84
F99: 樓梯C | G99: 詳鋼筋數量表65.69kg | H99: 65.69
F100: 樓梯D | G100: 詳鋼筋數量表15.32kg | H100: 15.32
F101: 樓梯E | G101: 0 | H101: 0
F102: 樓梯F | G102: B標施作 | H102: 0
...

Sheet 橋梁工程 (3)
A1: 臺北市政府工務局水利工程處
A2: 數量計算式
A3: 工程名稱：磺港溪再造C段護岸及步道整建工程(延壽橋至三合橋)
A4: 施工地點：北投磺港溪 | G4: 工程編號：111 070020302 038 02
A5: 項次 | B5: 項 目 及 說 明 | C5: 單位 | D5: 原契約數量 | E5: 變更後數量 | F5: 項目 | G5: 小計 | H5: 數量 | I5: 小計 | J5: 數量計算累計
A6: (三) | B6: 橋梁工程 | C6: 式 | D6: 1
A7: 1.3.1 | B7: 構造物回填，回填及夯實(實際) | C7: C.M3 | D7: 274.45 | F7: 0 | G7: 0 | H7: 0 | I7: 0 | J7: =SUM(H8:H14) -> 270.851
F8: 三合橋路基回填 | G8: (1.5*1.25+0.5*1.5+0.5*0.42)*(15.6+15) | H8: =(1.5*1.25+0.5*1.5+0.5*0.42)*(15.6+15) -> 86.751 | I8: =H8 -> 86.751
F9: 共月橋 | G9: 5*6*1.1*2+8.42+5*2*1.1 | H9: =5*6*1.1*2+8.42+5*2*1.1 -> 85.42
F10: 共月橋無障礙警示帶(斬石子) | G10: 0 | H10: 0
F11: 共月橋園內引道 | G11: 19.6 | H11: =G11 -> 19.6
F12: 共月橋人行道引道 | G12: 65.68 | H12: =G12 -> 65.68
F13: P1、P2橋墩造型混凝土牆 | G13: 13.4 | H13: =G13 -> 13.4
A15: 1.3.2 | B15: 結構用混凝土，預拌，140kgf/cm2 | C15: M3 | D15: 44.22 | F15: 三合橋A1 | G15: 長16.5*寬1.92*0.1 | H15: =16.5*1.92*0.1 -> 3.168 | I15: =SUM(H15:H17) -> 16.986 | J15: =SUM(H15:H22) -> 36.316
F16: 三合橋A2 | G16: 長16.5*寬(1+1.5+0.42)*0.1 | H16: =16.5*(1+1.5+0.42)*0.1 -> 4.818
F17: 三合橋進橋板 | G17: 9*5*2*0.1 | H17: =9*5*2*0.1 -> 9
F18: 混凝土表面處理，晶化地坪，含分割縫 | G18: 136*0.1 | H18: =136*0.1 -> 13.6
F19: 共月橋園內引道 | G19: 詳數量統計表1.05 | H19: 1.05
F20: 共月橋人行道引道 | G20: 詳數量統計表58.25 | H20: 3.28
F21: P1、P2橋墩造型混凝土牆 | G21: 1.4 | H21: =G21 -> 1.4
A23: 1.3.3 | B23: 結構用混凝土，預拌，210kgf/cm2 | C23: M3 | D23: 95.97 | F23: 共月橋無障礙警示帶(斬石子) | G23: 0 | H23: 0 | I23: 0 | J23: =SUM(H23:H26) -> 86.51
F24: 共月橋園內引道牆身L=10.52 | G24: 詳數量統計表16.26 | H24: 16.26
F25: 共月橋人行道引道 | G25: 詳數量統計表58.25 | H25: 58.25
F26: P1、P2橋墩造型混凝土牆 | G26: 12 | H26: 12
A30: 1.3.4 | B30: 結構用混凝土，預拌，280kgf/cm2 | C30: M3 | D30: 1216.8 | F30: 共月橋P1P2橋墩結構(含帽梁) | G30: 6*8*1.2+1.1*0.9*1.2*2+0.4*0.4*0.25*2+0.4*0.4*3.14*(5-3.2)*2 | H30: =6*8*1.2+1.1*0.9*1.2*2+0.4*0.4*0.25*2+0.4*0.4*3.14*(5-3.2)*2 -> 61.86464 | I30: =SUM(H30:H39)-H38 -> 542.32667 | J30: =SUM(H30:H41) -> 709.04667
F31: 共月橋P3P4橋墩結構(含帽梁) | G31: 6*5*1+2*(5-3.2)*0.4*0.4*3.14+(1.86+1.3)/2*1.18*1.2+0.2*0.3*2*1.2+0.4*0.4*0.25*2 | H31: =6*5*1+2*(5-3.2)*0.4*0.4*3.14+(1.86+1.3)/2*1.18*1.2+0.2*0.3*2*1.2+0.4*0.4*0.25*2 -> 34.26992
F32: 共月橋P5橋墩結構(含帽梁) | G32: (1.2+0.8)/2*1.8*1.29*1.71+(5-3.2)*0.4*0.4*3.14+5*2*1+1.2*0.3*0.27*2+0.4*0.4*0.25*2 | H32: =(1.2+0.8)/2*1.8*1.29*1.71+(5-3.2)*0.4*0.4*3.14+5*2*1+1.2*0.3*0.27*2+0.4*0.4*0.25*2 -> 15.14934
F33: 共月橋A2橋墩結構(含帽梁) | G33: 1.5*1.15*1.836+(0.5+0.42)*1.836*(1.15+0.5+1.05)+0.4*0.4*0.25*2+0.3*0.5*2++0.5*0.35*1.836 | H33: =1.5*1.15*1.836+(0.5+0.42)*1.836*(1.15+0.5+1.05)+0.4*0.4*0.25*2+0.3*0.5*2+0.5*0.35*1.836 -> 8.429024
F34: 三合橋A1橋台 | G34: 詳數量計算表 | H34: =18.1*1.92*1.15+(0.92*1.5-0.42*0.35+2*1.2)*18.1+0.4*0.4*0.25*8+1.044*1.5*0.3*2 -> 106.9817
F35: 三合橋A2橋台 | G35: 詳數量計算表 | H35: =16.5*(1+1.5+0.42)*0.5+16.5*1.92*1.05-16.5*0.42*0.35+0.4*0.4*0.25*8+1.05*0.3*2.92*2+16.5*0.3*0.5 -> 59.5631
F36: 便橋護墩及銜接道路 | G36: 16.5*1.2*1.5*2+0.3*23.5*12.5 | H36: =16.5*1.2*1.5*2+0.3*23.5*12.5 -> 147.525
F37: 三合橋進橋板 | G37: 12*0.3*5+12*0.3*5 | H37: =12*0.3*5+12*0.3*5 -> 36
F38: 共月橋進橋板
F39: 三合橋橋面板 | G39: ((17.81+22.3)*0.5*15*1.06)*0.2275 | H39: =((17.81+22.3)*0.5*15*1.06)*0.2275 -> 72.543949
F40: 三合橋A1橋台與既有堤牆側回填(箱涵側) | G40: 4.76*20 | H40: =4.76*20 -> 95.2
F41: 三合橋A2橋台與既有堤牆側回填(箱涵側) | G41: 3.576*20 | H41: =3.576*20 -> 71.52
A44: 1.3.5 | B44: 鋼筋，SD280W | C44: KG | D44: 4788.77 | F44: P1P2造型牆面 | G44: 2040 | H44: 2040 | I44: =H45+H46 -> 182.27972 | J44: =SUM(H44:H50) -> 12591.66
F45: 三合橋A1溫度鋼筋 | G45: 0.994*18.1*(1.5/0.3)*1.06 | H45: =0.994*18.1*(1.5/0.3)*1.06 -> 95.35442 | I45: =SUM(H44:H48)-H44-H47-H48 -> 182.27972
F46: 三合橋A2溫度鋼筋 | G46: 0.994*16.5*(1.5/0.3)*1.06 | H46: =0.994*16.5*(1.5/0.3)*1.06 -> 86.9253
F47: 共月橋園內引道 | G47: 864.68 | H47: =G47 -> 864.68
F48: 共月橋人行道引道 | G48: 詳鋼筋重量表 | H48: 9504.7
A51: 1.3.6 | B51: 鋼筋，SD420W | C51: KG | D51: 205535.32 | F51: 共月橋P1P2基礎 | G51: 詳數量計算表 | H51: 7257.9 | I51: =SUM(H51:H66) -> 47956.587 | J51: =SUM(H51:H76) -> 204221.74
F52: 共月橋P1P2橋墩 | G52: 詳數量計算表 | H52: 952.04
F53: 共月橋P1P2帽梁 | G53: 詳數量計算表 | H53: 673.6752
F54: 共月橋P3P4基礎版 | G54: 詳數量計算表 | H54: 4802.0207
F55: 共月橋P3P4橋墩 | G55: 詳數量計算表 | H55: 775.00661
F56: 共月橋P3P4帽梁 | G56: 詳數量計算表 | H56: 882.97
F57: 共月橋P5基礎 | G57: 詳數量計算表 | H57: 1782.198
F58: 共月橋P5帽梁 | G58: 詳數量計算表 | H58: 387.50331
F59: 共月橋P5橋墩 | G59: 詳數量計算表 | H59: 336.8376
F60: 共月橋A2 | G60: 詳數量計算表 | H60: 3013.686
F61: 共月橋盤支 | G61: 詳數量計算表 | H61: 435
F62: 共月橋防震拉桿 | G62: 詳數量計算表 | H62: 233
F63: 三合橋A1橋台 | G63: 詳鋼筋數量表10995.74 | H63: 10995.74
... F68: 三合橋進橋板 | G68: 詳鋼筋數量表 5512.7 | H68: 5512.7
F69: 雙孔箱涵BK+280~300 | G69: (300-280)*雙孔箱涵數量計算723.47 | H69: =(300-280)*723.47 -> 14469.4
F70: 雙孔箱涵BK+300~320 | G70: (320-300)*雙孔箱涵數量計算723.47 | H70: =(320-300)*723.47 -> 14469.4
F71: 雙孔箱涵BK+320~340 | G71: (340-320)*雙孔箱涵數量計算723.47 | H71: =(340-320)*723.47 -> 14469.4
F72: 變形雙孔箱涵BK+340~380 | G72: (380-340)*雙孔箱涵數量計算804.7 | H72: =(380-340)*804.7 -> 32188
F73: 變形雙孔箱涵BK+380~420 | G73: (420-380)*雙孔箱涵數量計算804.7 | H73: =(420-380)*804.7 -> 32188
F74: 單孔箱涵BK+300~320 | G74: (320-300)**單孔箱涵數量計算172.33 | H74: =172.33*20 -> 3446.6
F75: 三合橋右岸堤牆復原(臨河側)0K+277~0K+308 | G75: 長29.8*鋼筋表434.81 | H75: =29.8*434.81 -> 12957.338
F76: 三合橋左岸堤牆復原(臨河側) | G76: (4+5+8)*鋼筋表434.81 | H76: =(4+5+8)*434.81 -> 7391.77
A78: 1.3.7 | B78: 清水模板，甲種 | C78: M2 | D78: 320.9 | F78: 共月橋園內引道 | G78: 詳數量計算表65.16 | H78: 65.16 | I78: =SUM(H78:H83)-H78-H79-H80 -> 38.936 | J78: =SUM(H78:H84) -> 359.746
F79: 共月橋人行道引道 | G79: 詳數量計算表196.3 | H79: 196.3
F80: 共月橋造型混凝土牆A2 | G80: A2造型模板4面*高2 | H80: =4*2 -> 8
F81: 共月橋P1P2橋墩 | G81: 詳數量計算表 | H81: =(1.8+1.3)*0.8*3.14*2 -> 15.5744
F82: 共月橋P3P4橋墩 | G82: 詳數量計算表 | H82: =(1.8+1.3)*0.8*3.14*2 -> 15.5744
F83: 共月橋P5橋墩 | G83: 詳數量計算表 | H83: =(1.8+1.3)*0.8*3.14*1 -> 7.7872
F84: 共月橋T型鋼板封頂版(橋面板) | G84: 每塊1.01m2*35塊+0.5*32塊 | H84: =1.01*35+0.5*32 -> 51.35
A86: 1.3.8 | B86: 清水模板，乙種 | C86: M2 | D86: 493.85 | F86: 三合橋A1橋台 | G86: 詳數量計算表 | H86: =18.1*(1.15+1.5)*2+1.15*1.5*2+0.3*1.5*2*2 -> 101.18 | I86: =SUM(H86:H92)-H88 -> 252.81 | J86: =SUM(H86:H92) -> 574.892
F87: 三合橋A2橋台 | G87: 詳數量計算表 | H87: =16.5*(1.55+1.15)*2+(1*0.5+1.92*1.55)*2+0.3*1.05*2*2 -> 97.312
F88: 三合橋橋面板 | G88: (17.3*21.78)+(17.3+21.78)*0.2-鋼梁0.4*8*平均長(19.54) | H88: =(17.3*21.78)+(17.3+21.78)*0.2-0.4*8*(19.54) -> 322.082
F89: 共月橋P1P2帽梁 | G89: 詳數量計算表 | H89: =0.9*(1.2+1.1)*2+(0.25*4)*2*2 -> 8.14
F90: 共月橋P3P4帽梁 | G90: 詳數量計算表 | H90: =1.29*(1.71+1.2)*2+(0.25*4)*2*2+(0.3*1.2)*4 -> 12.9478
F91: 共月橋P5帽梁 | G91: 詳數量計算表 | H91: =1.29*(1.71+1.2)*2+(0.25*4)*2*2+(0.3*1.2)*4 -> 12.9478
F92: 共月橋A2橋台 | G92: 詳數量計算表 | H92: =(1.15+0.5+1.05)*(1.92+1.836)*2 -> 20.2824
A94: 1.3.9 | B94: 普通模板，乙種 | C94: M2 | D94: 126.48 | F94: P1P2基礎 | G94: 詳數量計算表 | H94: 33.6 | I94: =SUM(H94:H96) -> 69.6 | J94: =SUM(H94:H99) -> 138
F95: P3P4基礎 | G95: 詳數量計算表 | H95: 22
F96: P5基礎 | G96: 詳數量計算表 | H96: 14
F97: 三合橋台電處clsm回填 | G97: (9+5)*2*0.6*2 | H97: =(9+5)*2*0.6*2 -> 33.6
F98: 三合橋進橋板側模 | G98: (9+5)*2*0.3*2 | H98: =(9+5)*2*0.3*2 -> 16.8
F99: 伸縮縫側模組立 | G99: 15*2*2*0.3 | H99: =15*2*2*0.3 -> 18
A101: 1.3.10 | B101: 耐候鋼，A242 | C101: kg | D101: 12205 | F101: 部位1 | G101: 詳重量表6115 | H101: 6114.9993 | J101: =SUM(H101:H107) -> 12365.747
F102: 部位2 | G102: 詳重量表416.36 | H102: 416.364
F103: 部位3 | G103: 詳重量表742.11 | H103: =0.7421076*1000 -> 742.1076
F104: 部位4 | G104: 詳重量表890.53 | H104: 890.52912
F105: 部位5 | G105: 詳重量表1448.95 | H105: 1448.9467
F106: 部位6 | G106: 詳重量表1653.8 | H106: 1653.8
F107: 部位7 | G107: 詳重量表1099 | H107: 1099
A109: 1.3.11 | B109: 鍍鋅鋼料 | C109: KG | D109: 8317 | F109: 耐候鋼固定方管 | G109: 詳重量表 | H109: 1110.304 | J109: =SUM(H109:H123) -> 8317.0076
F110: 耐候鋼固定方管 | G110: 詳重量表 | H110: 1110.304
F111: 欄杆B立柱(共月橋內側) | G111: 詳重量表 | H111: 134.14419
F112: 欄杆B扶手(共月橋內側) | G112: 詳重量表 | H112: 815.301
F113: 欄杆B立柱(主園道) | G113: 詳重量表 | H113: 51.844289
F114: 欄杆B扶手(主園道) | G114: 詳重量表 | H114: 315.099
F115: 欄杆C立柱(外側) | G115: 詳重量表 | H115: 640.0399
F116: 欄杆C立柱(內側) | G116: 詳重量表 | H116: 544.84409
F117: 欄杆C扶手(外側) | G117: 詳重量表 | H117: 446.508
F118: 欄杆C扶手(內側) | G118: 詳重量表 | H118: 380.097
...

Sheet 河川工程 (4)
A1: 臺北市政府工務局水利工程處
A2: 數量計算式
A3: 工程名稱：磺港溪再造C段護岸及步道整建工程(延壽橋至三合橋)
A4: 施工地點：北投磺港溪 | G4: 工程編號：111 070020302 038 02
A5: 項次 | B5: 項 目 及 說 明 | C5: 單位 | D5: 原契約數量 | E5: 變更後數量 | F5: 項目 | G5: 小計 | H5: 數量 | I5: 施作數量 | J5: 數量計算累計
A6: (四) | B6: 河川工程
A7: 1.4.1 | B7: 結構用混凝土，預拌，140kgf/cm2 | C7: M3 | D7: 20 | F7: 低水護岸三合橋上游0K+307~618.1 | G7: (618.1-307)*(0.75*0.05) | H7: =(618.1-307)*(0.75*0.05) -> 11.66625 | I7: =SUM(H7:H11)-H9 -> 12.29625 | J7: =SUM(H7:H11) -> 19.58925
F8: 低水護岸三合下游280~287.7 | G8: 16.8*(0.75*0.05) | H8: =16.8*(0.75*0.05) -> 0.63 | I8: =SUM(H7:H11) -> 19.58925
F9: 護岸型式TYPEⅢ 0K+563.95~0K+606.85 | G9: 42.9*1.7*0.1 | H9: =42.9*1.7*0.1 -> 7.293
F10: 三合橋右岸堤牆復原0K+277~0K+308 | G10: 長29.8*2.5*0.1 | I10: 移至下水道工程
F11: 三合橋左岸堤牆復原 | G11: (4+5+8)*2.5*0.1 | I11: 移至下水道工程
A13: 1.4.2 | B13: 結構用混凝土，預拌，210kgf/cm2 | C13: M3 | D13: 354 | F13: 0 | G13: 0 | H13: 0 | I13: 0 | J13: =SUM(H13:H20) -> 327.6715
F14: PC樁樁內灌漿 | G14: 41*0.3*0.3*3.14*10 | H14: =41*0.3*0.3*3.14*10 -> 115.866 | I14: =SUM(H14:H16) -> 139.086
F15: RC護坡0K+280~290 | G15: 10*0.2*5.4 | H15: =10*0.2*5.4 -> 10.8
F16: RC護坡0K+580~591.5 | G16: (591.5-580)*0.2*5.4 | H16: =(591.5-580)*0.2*5.4 -> 12.42
F17: 側流井 | G17: 底版(10.4+0.25+0.25)*(4.6+8.2+1.2+1.2)/2*0.45+牆身(10.4+0.25+0.25+4.6+8.2)*0.25*2+頂版(10.4+0.25+0.25)*(4.6+8.2)/2*0.45-2.6*3.6*0.45+立柱5*0.25*0.25*2+溢流牆11.5*0.35*0.1 | H17: =(10.4+0.25+0.25)*(4.6+8.2+1.2+1.2)/2*0.45+(10.4+0.25+0.25+4.6+8.2)*0.25*2+(10.4+0.25+0.25)*(4.6+8.2)/2*0.45-2.6*3.6*0.45+5*0.25*0.25*2+11.5*0.35*0.1 -> 77.3355
F18: 雙孔箱涵BK+560~570 | G18: (570-560)*雙孔箱涵數量計算7.525 | H18: =(570-560)*7.525 -> 75.25
F19: 雙孔箱涵BK+280~300 | G19: (300-280)*雙孔箱涵數量計算1.8 | H19: =(320-300)*1.8 -> 36
A21: 1.4.3 | B21: 結構用混凝土，預拌，280kgf/cm2 | C21: M3 | D21: 690 | E21: 0 | F21: 改二型水泥 | G21: 0 | H21: 0
A23: 1.4.4 | B23: 結構用混凝土，泵送及澆注費 | C23: M3 | D23: 1065 | G23: 140kgf+210kgf+二型280kgf/cm2 | H23: =I7+I115 -> 705.45875 | I23: =H23 -> 705.45875 | J23: =J13+J7+J115 -> 1874.0785
G24: 140kgf+210kgf+二型280kgf/cm2 | I24: =I14+I8+I116 -> 1106.842
A26: 1.4.5 | B26: 清水模板，乙種 | C26: M2 | D26: 1229 | F26: 低水護岸三合下游280~296.8 | G26: 16.8*(1.5*2) | H26: =16.8*(1.5*2) -> 50.4 | I26: =H26+H27+H30+H31 -> 1118.3063 | J26: =SUM(H26:H32) -> 1437.4812
F27: 低水護岸三合橋上游0K+307~620 | G27: (618.1-307)*(1.5*2)+(620-307)/20*1.5*0.75 | H27: =(618.1-307)*(1.5*2)+(620-307)/20*1.5*0.75 -> 950.90625 | I27: =SUM(H26:H32) -> 1437.4812
F28: 護岸型式TYPEⅢ 臨河側0K+563.95~0K+606.85 | G28: 42.9*(3.4) | H28: =42.9*(3.4) -> 145.86
F29: 護岸型式TYPE 2 臨河側0K+606.85~0K+625.1 | G29: (625.1-606.85)*3.4 | H29: =(625.1-606.85)*3.4 -> 62.05
F30: 三合橋右岸堤牆復原(臨河側)0K+277~0K+308 | G30: 長29.8*(2.5) | H30: =29.8*2.5 -> 74.5
F31: 三合橋左岸堤牆復原(臨河側) | G31: (4+5+8)*(2.5) | H31: =(4+5+8)*2.5 -> 42.5
F32: 新設擋土牆護欄(0k+523.95~0k+625.1) | G32: (625.1-523.95)*0.55*2 | H32: =(625.1-523.95)*0.55*2 -> 111.265
A34: 1.4.6 | B34: 普通模板，乙種 | C34: M2 | D34: 285 | F34: 護岸型式TYPEⅢ 臨路側0K+563.95~0K+606.85 | G34: 42.9*(0.6*2)+42.9*(3.4) | H34: =42.9*(0.6*2)+42.9*(3.4) -> 197.34 | I34: =H36+H37+H38+H39+H40+H41 -> 379.63125 | J34: =SUM(H34:H42) -> 685.44625
F35: 護岸型式TYPE 2 臨路側 0K+606.85~0K+625.1 | G35: (625.1-606.85)*(3.4+0.45*2) | H35: =(625.1-606.85)*(3.4+0.45*2) -> 78.475 | I35: =SUM(H34:H41) -> 655.44625
F36: 三合橋右岸堤牆復原(臨路側)0K+277~0K+308 | G36: 長29.8*(2.5+(0.5+1)*2) | H36: =29.8*(2.5+(0.5+1)*2) -> 163.9
F37: 三合橋左岸堤牆復原(臨路側) | G37: (4+5+8)*(2.5+(0.5+1)*2) | H37: =(4+5+8)*(2.5+(0.5+1)*2) -> 93.5
F38: 右岸砌石護岸底層 0K+278.1~599.6 | G38: 0.25*(599.6-278.1)+(599.6-278.1)/20*1.4*0.25 | H38: =0.25*(599.6-278.1)+(599.6-278.1)/20*1.4*0.25 -> 86.00125
F39: 衛工人孔底板 | G39: (6+1.5)*厚0.25*寬2 | H39: =(6+1.5)*0.25*2 -> 3.75
F40: 衛工人孔頂板 | G40: ((6+1.5)*寬1.5-1*1)+(6+1.5)*2*0.25 | H40: =((6+1.5)*1.5-1*1)+(6+1.5)*2*0.25 -> 14
F41: 三合橋下衛工砌石舖面 | G41: A2(1.55-0.35)*2*8*0.42+A1(0.42*(1.15+0.4)*2*8) | H41: =(1.55-0.35)*2*8*0.42+0.42*(1.15+0.4)*2*8 -> 18.48
F42: 三合橋上游地梁調整(0K+308~338) | G42: 30*0.5*2 | H42: =30*0.5*2 -> 30
A44: 1.4.7 | B44: 鋼筋，SD280W | C44: KG | D44: 13716 | F44: 低水護岸三合下游 | G44: 16.8*鋼筋表21.53 | H44: =16.8*21.53 -> 361.704 | I44: =H44+H45+H48+H49+H50+H51 -> 13452.891 | J44: =SUM(H44:H53) -> 18482.547
F45: 低水護岸三合橋上游0K+307~618.1 | G45: (618.1-307)*鋼筋表21.53 | H45: =(618.1-307)*21.53 -> 6697.983 | I45: =SUM(H44:H52) -> 17878.195
F46: 護岸型式TYPEⅢ 臨河側0K+563.95~0K+606.85 | G46: 42.9*鋼筋表49.43 | H46: =42.9*49.43 -> 2120.547
F47: 護岸型式TYPE 2 臨河側0K+606.85~0K+625.1 | G47: (625.1-606.85)*鋼筋表89.56 | H47: =(625.1-606.85)*89.56 -> 1634.47
F48: 三合橋右岸堤牆復原(臨河側)0K+277~0K+308 | G48: 長29.8*鋼筋表102.68 | H48: =29.8*102.68 -> 3059.864
F49: 三合橋左岸堤牆復原(臨河側) | G49: (4+5+8)*鋼筋表102.68 | H49: =(4+5+8)*102.68 -> 1745.56
F50: 衛工人孔頂板 | G50: ((6+1.5)*寬1.5-1*1)+(6+1.5)*2*0.25 | H50: =((6+1.5)*1.5-1*1)+(6+1.5)*2*0.25 -> 14
F51: 衛工人孔牆 | G51: 詳鋼筋表1573.78 | H51: 1573.78
F52: 新設擋土牆護欄(0k+523.95~0k+625.1) | G52: (625.1-523.95)*0.994*(0.5+0.2)/0.15+(625.1-523.95)*0.994*2 | H52: =(625.1-523.95)*0.994*(0.5+0.2)/0.15+(625.1-523.95)*0.994*2 -> 670.28733
F53: 三合橋上游地梁調整(0K+308~338) | G53: (30/0.3*(0.4+1.2)*2*0.994)+(8*0.994*30)*1.2 | H53: =(30/0.3*(0.4+1.2)*2*0.994)+(8*0.994*30)*1.2 -> 604.352
A55: 1.4.8 | B55: 鋼筋，SD420W | C55: KG | D55: 13810 | F55: 低水護岸三合下游280~296.8 | G55: 16.8*鋼筋表58.11 | H55: =16.8*58.11 -> 976.248 | I55: =H55+H56+H60 -> 19054.269 | J55: =SUM(H55:H61) -> 36577.194
F56: 低水護岸三合橋上游0K+307~620 | G56: (618.1-307)*鋼筋表58.11 | H56: =(618.1-307)*58.11 -> 18078.021 | I56: =SUM(H55:H60) -> 36577.194
F57: 護岸型式TYPEⅢ 臨河側0K+563.95~0K+606.85 | G57: 42.9*鋼筋表121.62 | H57: =42.9*121.62 -> 5217.498
F58: 護岸型式TYPE 2 臨河側0K+606.85~0K+625.1 | G58: (625.1-606.85)*鋼筋表674.27 | H58: =(625.1-606.85)*674.27 -> 12305.427
F59: 三合橋右岸堤牆復原(臨河側)0K+277~0K+308 | G59: 長29.8*鋼筋表434.81 | I59: 移至橋梁工程
F60: 三合橋左岸堤牆復原(臨河側) | G60: (4+5+8)*鋼筋表434.81 | I60: 移至橋梁工程
A62: 1.4.9 | B62: 砌排石工，混凝土砌石 | C62: M2 | D62: 699 | E62: 754.47 | F62: 詳砌石數量統計表 | G62: 762.55 | H62: =G62 -> 762.55 | I62: =H62 -> 762.55 | J62: =SUM(H62:H63) -> 762.55
A65: 1.4.10 | B65: 低水護岸，拋石，塊石，硬石 | C65: C.M3 | D65: 275 | F65: 詳砌石數量統計表 | G65: 318.56 | H65: =G65 -> 318.56 | I65: =H65 -> 318.56 | J65: =SUM(H65:H66) -> 318.56
A68: 1.4.11 | B68: 固床工，砌排石工，乾砌塊石 | C68: M2 | D68: 203 | F68: 固床工-魚鱗式 CA01 | G68: 詳砌排石統計表 | H68: 128.4 | I68: =H68+H69+H72 -> 184.88 | J68: =SUM(H68:H75) -> 418.05
F69: 固床工CB01 | G69: 詳砌排石統計表 | H69: 20.52
F70: 分散形固床工CC01 | G70: 詳砌排石統計表 | H70: 74.88
F71: 固床工CB02 | G71: 詳砌排石統計表 | H71: 30
F72: 固床工CB03 | G72: 詳砌排石統計表 | H72: 35.96
F73: 固床工CB04 | G73: 詳砌排石統計表 | H73: 17.75
F74: 三合橋下游(魚鱗式固床工) | G74: 詳砌排石統計表 | H74: 72.25
F75: 河床點綴+游導流固床工 | G75: 詳砌排石統計表 | H75: 38.29
A77: 1.4.12 | B77: 抿石子 | C77: M2 | D77: 405 | F77: 河側植栽槽0k+280~625 | G77: (625-280-三合橋下15)*(0.5+0.25+0.2) | H77: =(625-280-15)*(0.5+0.25+0.2) -> 313.5 | J77: =SUM(H77:H79) -> 701.928
F78: 河側植栽槽0k+280~625(外側) | G78: (625-280-三合橋下15)*(0.6+0.25+0.05) | H78: =(625-280-15)*(0.6+0.25+0.05) -> 297
F79: 三合橋護欄 | G79: (22.3+17.8)*(0.83+0.83+0.22+0.4) | H79: =(22.3+17.8)*(0.83+0.83+0.22+0.4) -> 91.428 | I79: =H79 -> 91.428
A81: 1.4.13 | B81: 鋼筋，植筋，D25mm，鑽孔(含空氣槍清孔)及化學藥劑 | C81: 孔 | D81: 372 | F81: 0 | G81: 0 | H81: 0 | I81: 0 | J81: =H82 -> 292
F82: 護岸型式TYPE 2 臨河側0K+606.85~0K+625.1 | G82: (625.1-606.85)*(2.4/0.15) | H82: =ROUND((625.1-606.85)*(2.4/0.15),0) -> 292 | I82: =H82 -> 292
A85: 1.4.14 | B85: 蜂巢格網 | C85: M2 | D85: 1984 | F85: 詳數量計算表 | G85: 1795.5 | H85: =G85 -> 1795.5 | I85: =H85 -> 1795.5
A88: 1.4.15 | B88: 伸縮縫 | C88: M | D88: 45 | F88: 0 | G88: 0 | H88: 0 | I88: 0 | J88: =SUM(H88:H91) -> 45.727875
F89: 低水護岸 | G89: 1.5*((620-307+19.8)/20) | H89: =1.5*((620-307+19.8)/20) -> 24.96 | I89: =SUM(H89:H91) -> 45.727875
F90: 護岸型式TYPE 3 | G90: (4.6+1.7)*(42.9)/20 | H90: =(4.6+1.7)*(42.9)/20 -> 13.5135
F91: 護岸型式TYPE 2 | G91: (3.3+0.5+0.95+3.2)*(18.25)/20 | H91: =(3.3+0.5+0.95+3.2)*(18.25)/20 -> 7.254375
A93: 1.4.16 | B93: 施工縫 | C93: M | D93: 62 | F93: 0 | G93: 0 | H93: 0 | I93: 0 | J93: =SUM(H93:H96) -> 61.15
F94: 護岸型式TYPE 3 | G94: 42.9 | H94: =G94 -> 42.9 | I94: =SUM(H94:H95) -> 61.15
F95: 護岸型式TYPE 2 | G95: 18.25 | H95: =G95 -> 18.25
A97: 1.4.17 | B97: 施工輔助設施，施工架，鋼管，框式 | C97: M2 | D97: 275 | F97: 三合橋右岸堤牆復原0K+277~0K+308 | G97: 長29.8*1.8*2*1 | H97: =29.8*1.8*2*1 -> 107.28 | I97: =SUM(H97:H101)-H99-H100 -> 1356.48 | J97: =SUM(H97:H101) -> 1984.05
F98: 三合橋左岸堤牆復原 | G98: (4+5+8)*1.8*2*1 | H98: =(4+5+8)*1.8*2*1 -> 61.2 | I98: =SUM(H97:H101) -> 1984.05
F99: 護岸型式TYPE 3 | G99: 42.9*2*3*1.8 | H99: =42.9*2*3*1.8 -> 463.32
F100: 護岸型式TYPE 2 | G100: 18.25*(3+3)*1.8 | H100: =18.25*(3+2)*1.8 -> 164.25
F101: 堤牆側抿石子 | G101: (625-280-三合橋15)*(1.8*2) | H101: =(625-280-15)*(1.8*2) -> 1188
A103: 1.4.18 | B103: 預力混凝土基樁，D=400mm | C103: M | D103: 429 | E103: 0 | F103: 0 | G103: 0
A105: 1.4.19 | B105: 河道整理 | C105: B.M3 | D105: 1597.5 | F105: 0k+280~620 | G105: (620-280)*9*0.5 | H105: =(620-280)*9*0.5 -> 1530 | I105: =H105 -> 1530 | J105: =SUM(H105:H106) -> 2059.2
F106: 至延壽橋下 | G106: (670.4-620)*10.5 | H106: =(670.4-620)*10.5 -> 529.2
A108: 1.4.20 | B108: 混凝土軋碎加工，含人工撿拾 | C108: M3 | D108: 0 | E108: 1362.5 | F108: 0k+280~620 | G108: (620-280)*8*0.5 | H108: =(620-280)*8*0.5 -> 1360 | I108: =H108 -> 1360 | J108: =I108 -> 1360
A110: 1.4.21 | B110: 砌排石工，混凝土砌石(卵石均厚70cm) | C110: M2 | D110: 0 | E110: 548.7 | F110: 詳砌石數量統計表 | G110: 805.73 | H110: =G110 -> 805.73 | I110: =SUM(H110:H111)-H111 -> 805.73 | J110: =SUM(H110:H112) -> 805.73
A113: 1.4.22 | B113: 預力混凝土基樁，D=600mm，(打樁，含樁，空打及PC版樁隱蔽障礙物清除處理) | C113: M | D113: 0 | E113: 410 | F113: 長度10M*41支 | G113: 41*10 | H113: =41*10 -> 410 | I113: =H113 -> 410 | J113: =I113 -> 410
A115: 1.4.23 | B115: 結構用混凝土，預拌，280kgf/cm2(第二型水泥) | C115: M3 | D115: 0 | E115: 690 | F115: 低水護岸三合橋上游0K+307~618.1 | G115: (618.1-307)*(0.75*1.5) | H115: =(618.1-307)*(0.75*1.5) -> 349.9875 | I115: =SUM(H115:H125)-H117-H118 -> 693.1625 | J115: =SUM(H115:H130) -> 1526.8177
F116: 低水護岸三合下游280~287.7 | G116: 16.8*(0.75*1.5) | H116: =16.8*(0.75*1.5) -> 18.9 | I116: =SUM(H115:H125) -> 948.16675
F117: 護岸型式TYPEⅢ 0K+563.95~0K+606.85 | G117: 42.9*(1.7*0.6+(0.5+1.7)/2*3.5) | H117: =42.9*(1.7*0.6+(0.5+1.7)/2*3.5) -> 208.923
F118: 護岸型式TYPE 2 0K+606.85~0K+625.1 | G118: (625.1-606.85)*(2.5*0.45+0.4*3.5) | H118: =(625.1-606.85)*(2.5*0.45+0.4*3.5) -> 46.08125
F119: 三合橋右岸堤牆復原0K+277~0K+308 | G119: 長29.8*(2.5*1+0.75*(2.5-1.5)) | H119: =29.8*(2.5*1+0.75*(2.5-1.5)) -> 96.85
F120: 三合橋左岸堤牆復原 | G120: (4+5+8)*(2.5*1+0.75*(2.5-1.5)) | H120: =(4+5+8)*(2.5*1+0.75*(2.5-1.5)) -> 55.25
F121: 三合橋下破碎混凝土塊淋漿 | G121: 0.15*15*(22.8+17)/2 | H121: =0.15*15*(22.8+17)/2 -> 44.775
F122: 右岸砌石護岸底層 0K+278.1~599.6 | G122: 0.25*寬1.4*(599.6-278.1) | H122: =0.25*1.4*(599.6-278.1) -> 112.525
F123: 衛工人孔底板 | G123: (6+1.5)*寬1.5*厚0.25 | H123: =(6+1.5)*1.5*0.25 -> 2.8125
F124: 衛工人孔頂板 | G124: ((6+1.5)*寬1.5-1*1)*厚0.25 | H124: =((6+1.5)*1.5-1*1)*0.25 -> 2.5625
F125: 衛工人孔牆 | G125: (6+1.5+2)*0.25*(2)*2 | H125: =(6+1.5+2)*0.25*(2)*2 -> 9.5
F126: 左岸低水護岸塊石填築(0k+280~296.7、307~620) | G126: (0.75+0.8+0.8)*0.2*(296.7-280+620-307) | H126: =(0.75+0.8+0.8)*0.2*(296.7-280+620-307) -> 154.959
F127: 固床工塊石填築 | G127: 375.58*0.2 | H127: =375.58*0.2 -> 75.116
...

Sheet 下水道工程 (5)
A1: 臺北市政府工務局水利工程處
A2: 數量計算式
A3: 工程名稱：磺港溪再造C段護岸及步道整建工程(延壽橋至三合橋)
A4: 施工地點：北投磺港溪 | G4: 工程編號：111 070020302 038 02
A5: 項次 | B5: 項 目 及 說 明 | C5: 單位 | D5: 原契約數量 | E5: 變更後數量 | F5: 項目 | G5: 小計 | H5: 數量 | I5: 施作數量 | J5: 數量計算累計
A6: (五) | B6: 下水道工程
A7: 1.5.1 | B7: 結構用混凝土，預拌，140kgf/cm2 | C7: M3 | D7: 250 | F7: 三合橋右岸堤牆復原0K+277~0K+308 | G7: 長29.8*2.5*0.1 | H7: =29.8*2.5*0.1 -> 7.45 | J7: =H7+H8 -> 11.7
F8: 三合橋左岸堤牆復原 | G8: (4+5+8)*2.5*0.1 | H8: =(4+5+8)*2.5*0.1 -> 4.25
A13: 1.5.2 | B13: 結構用混凝土，預拌，210kgf/cm2 | C13: M3 | D13: 2474 | F13: 單孔箱涵BK+280~300 | G13: (300-280)**單孔箱涵數量計算1.8 | H13: =(300-280)*1.8 -> 36 | I13: =SUM(H14:H25)-H14-H18-H20-H21-H19-H22-H23-H25 -> 518.4 | J13: =SUM(H13:H25) -> 2593.7
F14: 單孔箱涵BK+300~320 | G14: (320-300)**單孔箱涵數量計算1.8 | H14: =(320-300)*1.8 -> 36
F15: 單孔箱涵BK+320~580 | G15: (580-320)*單孔箱涵數量計算1.8 | H15: =(580-320)*1.8 -> 468
F16: 單孔箱涵BK+580~608 | G16: (608-580)*單孔箱涵數量計算1.8 | H16: =(608-580)*1.8 -> 50.4
F17: 雙孔箱涵BK+280~300 | G17: (300-280)*雙孔箱涵數量計算1.8 | I17: 移至河川工程
F18: 雙孔箱涵BK+300~320 | G18: (320-300)*雙孔箱涵數量計算7.525 | H18: =(320-300)*7.525 -> 150.5
F19: 雙孔箱涵BK+320~340 | G19: (340-320)*雙孔箱涵數量計算7.525 | H19: =(340-320)*7.525 -> 150.5
F20: 變形雙孔箱涵BK+340~360 | G20: (360-340)*雙孔箱涵數量計算8.11 | H20: =(360-340)*8.11 -> 162.2
F21: 變形雙孔箱涵BK+360~420 | G21: (420-360)*雙孔箱涵數量計算8.11 | H21: =(420-360)*8.11 -> 486.6
F22: 雙孔箱涵BK+420~440 | G22: (440-420)*雙孔箱涵數量計算7.525 | H22: =(440-420)*7.525 -> 150.5
F23: 雙孔箱涵BK+440~560 | G23: (560-440)*雙孔箱涵數量計算7.525 | H23: =(560-440)*7.525 -> 903
F24: 雙孔箱涵BK+560~570 | G24: (570-560)*雙孔箱涵數量計算7.525 | I24: 移至河川工程
F25: 側流井 | G25: 底版(10.4+0.25+0.25)*(4.6+8.2+1.2+1.2)/2*0.45+牆身(10.4+0.25+0.25+4.6+8.2)*0.25*2+頂版(10.4+0.25+0.25)*(4.6+8.2)/2*0.45-2.6*3.6*0.45+立柱5*0.25*0.25*2+溢流牆11.5*0.35*0.1 | I25: 移至河川工程
A27: 1.5.3 | B27: 控制性低強度回填材料及澆置 | C27: M3 | D27: 1187 | F27: 0 | G27: 0 | H27: 0 | I27: 0 | J27: =SUM(H28:H33) -> 1256.15
F28: 三合橋A1橋台0k+280~360 (雙孔箱涵及橋台空隙) | G28: 詳道路回填計算396.2+橋台空隙(15*(3.52*1.29+1.29*11.83/2)) | H28: =396.2+(15*(3.52*1.29+1.29*11.83/2)) -> 578.76725
F29: 三合橋A2台電clsm回填 | G29: 9*5*0.4*1 | H29: =9*5*0.4*1 -> 18
F30: 0k+440~620 CLSM回填 | G30: 371.2 | H30: 371.2
F31: 0k+360~440 CLSM回填 | G31: 217.8 | H31: 217.8
F32: 600RCP澆置clsm | G32: 49.1*(0.3*0.88*2+1.2*0.4) | H32: =49.1*(0.3*0.88*2+1.4*0.4) -> 53.4208
F33: 300RCP澆置clsm | G33: 25.7*(0.3*0.5*2+0.9*0.4) | H33: =25.7*(0.3*0.5*2+0.9*0.4) -> 16.962
A35: 1.5.4 | B35: 結構用混凝土，泵送及澆注費 | C35: M3 | D35: 3911 | F35: 140kgf+210kgf+clsm | H35: =I13+I7+I27 -> 518.4 | I35: =H35 -> 518.4 | J35: =J27+J13+J7 -> 3861.55
F36: 140kgf+210kgf+clsm | I36: =I28+I14 -> 0
A38: 1.5.5 | B38: 清水模板，乙種 | C38: M2 | D38: 3820 | E38: 4730 | F38: 單孔箱涵BK+280~300 | G38: (300-280)**單孔箱涵數量計算3.6 | H38: =(300-280)*3.6 -> 72 | I38: =H40+H38+H41 -> 1384.8 | J38: =SUM(H38:H48) -> 5411.06
F39: 單孔箱涵BK+300~320 | G39: (320-300)**單孔箱涵數量計算3.6 | H39: =(320-300)*3.6 -> 72
F40: 單孔箱涵BK+320~608 | G40: (608-320)*單孔箱涵數量計算3.6 | H40: =(608-320)*3.6 -> 1036.8
F41: 雙孔箱涵BK+280~300 | G41: (300-280)*雙孔箱涵數量計算13.8 | H41: =(300-280)*13.8 -> 276
F42: 雙孔箱涵BK+300~320 | G42: (320-300)*雙孔箱涵數量計算13.8 | H42: =(320-300)*13.8 -> 276
F43: 雙孔箱涵BK+320~340 | G43: (340-320)*雙孔箱涵數量計算13.8 | H43: =(340-320)*13.8 -> 276
F44: 變形雙孔箱涵BK+340~360 | G44: (360-340)*雙孔箱涵數量計算14.5 | H44: =(360-340)*14.5 -> 290
F45: 變形雙孔箱涵BK+360~420 | G45: (420-360)*雙孔箱涵數量計算14.5 | H45: =(420-360)*14.5 -> 870
F46: 雙孔箱涵BK+420~440 | G46: (440-420)*雙孔箱涵數量計算13.8 | H46: =(440-420)*13.8 -> 276
F47: 雙孔箱涵BK+440~570 | G47: (570-440)*雙孔箱涵數量計算13.8 | H47: =(570-440)*13.8 -> 1794
F48: 側流井內模 | G48: 立柱(0.25+0.6)*2*4*2+中間柱0.5*4*2*2+頂版(11.7+11.1)/2*(6.5+10.3)/2-清掃孔2*3+清掃孔內模(2+3)*0.35*2+溢流口2*0.1*2*4+牆內模(6.5+10.3+11.1)*2 | H48: =(0.25+0.6)*2*4*2+0.5*4*2*2+(11.7+11.1)/2*(6.5+10.3)/2-2*3+(2+3)*0.35*2+2*0.1*2*4+(6.5+10.3+11.1)*2 -> 172.26
A50: 1.5.6 | B50: 普通模板，乙種 | C50: M2 | D50: 800 | F50: 雙孔箱涵BK+280~300 | G50: (300-280)*雙孔箱涵數量計算6.228 | H50: =(300-280)*6.228 -> 124.56 | I50: =H50 -> 124.56 | J50: =SUM(H50:H57) -> 1811.331
F51: 雙孔箱涵BK+300~320 | G51: (320-300)*雙孔箱涵數量計算6.228 | H51: =(320-300)*6.228 -> 124.56
F52: 雙孔箱涵BK+320~340 | G52: (340-320)*雙孔箱涵數量計算6.228 | H52: =(340-320)*6.228 -> 124.56
F53: 變形雙孔箱涵BK+340~360 | G53: (360-340)*雙孔箱涵數量計算5.318 | H53: =(360-340)*5.318 -> 106.36
F54: 變形雙孔箱涵BK+360~420 | G54: (420-360)*雙孔箱涵數量計算5.318 | H54: =(420-360)*5.318 -> 319.08
F55: 雙孔箱涵BK+420~440 | G55: 6.228 | H55: =(440-420)*6.228 -> 124.56
F56: 雙孔箱涵BK+440~570 | G56: (440-570)*雙孔箱涵數量計算6.228 | H56: =(570-440)*6.228 -> 809.64
F57: 側流井外模 | G57: 底版0.35*(6.5+10.3+11.7+11.1)*0.35+牆(6.5+10.3+11.1)*2+頂版側模(6.5+10.3+11.7+11.1)*0.35+清掃孔外模(3+2)*2*0.35 | H57: =0.35*(6.5+10.3+11.7+11.1)*0.35+(6.5+10.3+11.1)*2+(6.5+10.3+11.7+11.1)*0.35+(3+2)*2*0.35 -> 78.011
A59: 1.5.7 | B59: 普通模板，丙種 | C59: M2 | D59: 258 | F59: 單孔箱涵BK+280~300 | G59: (300-280)**單孔箱涵數量計算3.69 | H59: =(300-280)*3.69 -> 73.8 | I59: =SUM(H59:H61)-H60 -> 1136.52 | J59: =SUM(H59:H61) -> 1210.32
F60: 單孔箱涵BK+300~320 | G60: (320-300)**單孔箱涵數量計算3.69 | H60: =(320-300)*3.69 -> 73.8 | I60: =SUM(H59:H61) -> 1210.32
F61: 單孔箱涵BK+320~608 | G61: (608-320)*單孔箱涵數量計算3.69 | H61: =(608-320)*3.69 -> 1062.72
A64: 1.5.8 | B64: 鋼筋，SD280W | C64: KG | D64: 133401 | F64: 單孔箱涵BK+280~300 | G64: (300-280)**單孔箱涵數量計算114.81 | H64: =(300-280)*114.81 -> 2296.2 | I64: =H66+H64+H67 -> 43181.28 | J64: =SUM(H64:H73) -> 153939.46
F65: 單孔箱涵BK+300~320 | G65: (320-300)**單孔箱涵數量計算114.81 | H65: =(320-300)*114.81 -> 2296.2 | I65: =SUM(H64:H73) -> 153939.46
F66: 單孔箱涵BK+320~608 | G66: (608-320)*單孔箱涵數量計算114.81 | H66: =(608-320)*114.81 -> 33065.28
F67: 雙孔箱涵BK+280~300 | G67: (300-280)*雙孔箱涵數量計算390.99 | H67: =(300-280)*390.99 -> 7819.8
F68: 雙孔箱涵BK+300~320 | G68: (320-300)*雙孔箱涵數量計算390.99 | H68: =(320-300)*390.99 -> 7819.8
F69: 雙孔箱涵BK+320~340 | G69: (340-320)*雙孔箱涵數量計算390.99 | H69: =(340-320)*390.99 -> 7819.8
F70: 變形雙孔箱涵BK+340~420 | G70: (420-340)*雙孔箱涵數量計算418.8 | H70: =(440-360)*418.8 -> 33504
F71: 雙孔箱涵BK+420~440 | G71: (440-420)*雙孔箱涵數量計算390.99 | H71: =(340-320)*390.99 -> 7819.8
F72: 雙孔箱涵BK+440~570 | G72: (440-570)*雙孔箱涵數量計算390.99 | H72: =(570-440)*390.99 -> 50828.7
F73: 側流井 | G73: 詳計算表669.88 | H73: 669.88
A75: 1.5.9 | B75: 鋼筋，SD420W | C75: KG | D75: 118802 | F75: 單孔箱涵BK+280~300 | G75: (300-280)**單孔箱涵數量計算172.33 | I75: 移至橋梁工程 | J75: =SUM(H75:H85) -> 185226.6
F76: 單孔箱涵BK+300~320 | G76: (320-300)**單孔箱涵數量計算172.33 | H76: =(320-300)*172.33 -> 3446.6
F77: 單孔箱涵BK+320~608 | G77: (608-320)*單孔箱涵數量計算172.33 | H77: =(608-320)*172.33 -> 49631.04
F78: 雙孔箱涵BK+280~300 | G78: (300-280)*雙孔箱涵數量計算723.47 | I78: 移至橋梁工程
F79: 雙孔箱涵BK+300~320 | G79: (320-300)*雙孔箱涵數量計算723.47 | I79: 移至橋梁工程
F80: 雙孔箱涵BK+320~340 | G80: (340-320)*雙孔箱涵數量計算723.47 | I80: 移至橋梁工程
F81: 變形雙孔箱涵BK+340~380 | G81: (380-340)*雙孔箱涵數量計算804.7 | I81: 移至橋梁工程
F82: 變形雙孔箱涵BK+380~420 | G82: (420-380)*雙孔箱涵數量計算804.7 | I82: 移至橋梁工程
F83: 雙孔箱涵BK+420~440 | G83: (440-420)*雙孔箱涵數量計算723.47 | H83: =(440-420)*723.47 -> 14469.4
F84: 雙孔箱涵BK+440~570 | G84: (440-570)*雙孔箱涵數量計算723.47 | H84: =(570-440)*723.47 -> 94051.1
F85: 側流井 | G85: 詳鋼筋表23628.46 | H85: 23628.46
A87: 1.5.10 | B87: 鋼筋混凝土管(B型)，D=500mm，三級管，未含開挖回填 | C87: M | D87: 129 | G87: 0 | H87: 0 | J87: 0
A89: 1.5.11 | B89: 預鑄鋼筋混凝土基座(埋管用)，D=1000mm管用 | C89: 座 | D89: 54
A91: 1.5.12 | B91: 擠壓式彈性填縫帶，(寬55mm，厚20mm)，600～1000mm鋼筋混凝土管排水用 | C91: M | D91: 170
A93: 1.5.13 | B93: 排水人孔，人孔蓋及蓋座，球狀石墨鑄鐵蓋，預鑄 | C93: 組 | D93: 4 | F93: 三合橋衛工人孔 | G93: 1 | H93: 1 | I93: =H93 -> 1 | J93: =SUM(H93:H97) -> 8
F94: MH1~MH4人孔 | G94: 4 | H94: 4
F95: BL12矩形孔 | G95: 1 | H95: 1
F96: 衛工人孔氣密式 | G96: 1 | H96: 1
F97: 0k+700人行道上人孔 | G97: 1 | H97: 1
A99: 1.5.14 | B99: 伸縮縫 | C99: M | D99: 453 | F99: 0 | G99: 0 | H99: 0 | I99: =H99 -> 0 | J99: =SUM(H99:H102) -> 460.98
F100: 雙孔箱涵 | G100: (570-280-80)/20*((3+3+0.35+0.35+0.35)*2+(2+0.35+0.35)*3) | H100: =(570-280-80)/20*((3+3+0.35+0.35+0.35)*2+(2+0.35+0.35)*3) -> 233.1 | I100: =SUM(H100:H102) -> 460.98
F101: 單孔箱涵 | G101: (608-280)/20*(1.2+0.3+0.3)*4 | H101: =(608-280)/20*(1.2+0.3+0.3)*4 -> 118.08
F102: 變形雙孔箱涵 | G102: (80)/20*((1.7-0.35-0.35+0.5+0.5)*4+(3-0.35-0.35)*2+1.5+(7.05+2.4+2.4+1.5)) | H102: =(80)/20*((1.7-0.35-0.35+0.5+0.5)*4+(3-0.35-0.35)*2+1.5+(7.05+2.4+2.4+1.5)) -> 109.8
A104: 1.5.15 | B104: 施工縫 | C104: M | D104: 1680 | F104: 0 | G104: 0 | H104: 0 | I104: =H104 -> 0 | J104: =SUM(H104:H105) -> 1680
F105: 雙孔箱涵(570-280-80)*3+80*3 | G105: ((570-280-80)*3+80*3)*2 | H105: =280*6 -> 1680 | I105: =H105 -> 1680
A108: 1.5.16 | B108: 施工輔助設施，施工架，鋼管，框式 | C108: M2 | D108: 756 | F108: 0 | G108: 0 | H108: 0 | I108: =H108 -> 0 | J108: =SUM(H108:H109) -> 756
F109: 雙孔箱涵 | G109: 箱涵高2.7*280 | H109: =2.7*280 -> 756 | I109: =H109 -> 756
A111: 1.5.17 | B111: 塑膠包覆不銹鋼踏步，直徑=19mm | C111: 支 | D111: 32
A113: 1.5.10 | B113: 鋼筋混凝土管(B型)，D=600mm，三級管，未含開挖回填 | C113: M | G113: 49.1
A115: 1.5.10 | B115: 鋼筋混凝土管(B型)，D=300mm，三級管，未含開挖回填 | C115: M | G115: 25.7
H162: 16
F234: 東西側磺港路禁停紅線137.28*2*0.1+371.9*2*0.1+延壽橋雙紅線72*2*0.1+雙黃線72*2*0.1+三合橋車行便道71*0.1*4+指向線8*7+行穿線3*0.4*9+停車線0.4*4*5+車道線30*0.1*2

Sheet 道路附屬工程 (6)
A1: 臺北市政府工務局水利工程處
A2: 數量計算式
A3: 工程名稱：磺港溪再造C段護岸及步道整建工程(延壽橋至三合橋)
A4: 施工地點：北投磺港溪 | G4: 工程編號：111 070020302 038 02
A5: 項次 | B5: 項 目 及 說 明 | C5: 單位 | D5: 原契約數量 | E5: 變更後數量 | F5: 項目 | G5: 小計 | H5: 數量 | I5: 施作數量 | J5: 數量計算累計 | K5: 113/8累計計價數量 | L5: 尚未計價
A6: (六) | B6: 道路附屬工程
A7: 1.6.1 | B7: 瀝青混凝土舖面，粗粒料9.5mm，黏度AC(1)-20 | C7: M3 | D7: 256 | F7: 三合橋便橋 | G7: 69.6*10*0.1 | H7: =69.6*10*0.1 -> 69.6 | I7: =H7 -> 69.6 | J7: =SUM(H7:H10) -> 380.675 | K7: 69.6
F8: 工區舖設道路面積(N0K+420~N0K+835.6-分隔島內-三合橋面板及進橋板 | G8: (6170.45-426.27)*0.05-5.5 | H8: =(6170.45-426.27)*0.05-5.5 -> 281.709 | I8: =H7+H9+H10 -> 98.966
F9: 三合橋第一次舖設 | G9: (A2-11*7.3+橋面板及進橋板10.5*9+A1-7*9)*0.05 | H9: =(11*7.3+10.5*9+7*9)*0.05 -> 11.89
F10: 三合橋路口第二次舖設(0k+020~045、0k+070~090) | G10: 0.05*(11.5*7.4+(20.9-(8.5+5.9)/2)*9.0+(8.5+5.9)/2*19.6) | H10: =0.05*(11.5*7.4+(20.9-(8.5+5.9)/2)*9+(8.5+5.9)/2*19.6) -> 17.476
F11: 磺港路西側道路通行、面層二次舖設(後擴項目) | G11: 300*4*0.1 | H11: =300*4*0.1 -> 120
A13: 1.6.2 | B13: 瀝青混凝土舖面，粗粒料19.0mm，黏度AC(1)-20 | C13: M3 | D13: 766 | F13: 0 | G13: 0 | H13: 0 | I13: =SUM(H13:H16)-H14 -> 56.447 | J13: =SUM(H13:H16) -> 917.2484 | K13: 0
F14: 工區舖設道路面積(N0K+420~N0K+835.6-分隔島內-三合橋面板及進橋板 | G14: (6170.45-426.27-((18.71+21.45)/2+進橋板9*5*2)*0.05)*0.15 | H14: =(6170.45-426.27-((18.71+21.45)/2+9*5*2)*0.05)*0.15 -> 860.8014
F15: 三合橋第一次舖設 | G15: (11*7.3+7*9)*0.15 | H15: =(11*7.3+7*9)*0.15 -> 21.495
F16: 三合橋第二次舖設(0k+020~045、0k+070~090) | G16: 0.10*(11.5*7.4+(20.9-(8.5+5.9)/2)*9.0+(8.5+5.9)/2*19.6) | H16: =0.1*(11.5*7.4+(20.9-(8.5+5.9)/2)*9+(8.5+5.9)/2*19.6) -> 34.952
A18: 1.6.3 | B18: 路基整理 | C18: M2 | D18: 5103 | F18: 道路AC舖設面積 | G18: 工區道路6067-分隔島539-橋面板及進橋板20.22/0.05 | H18: =6067-428-20.55/0.05 -> 5228 | K18: 0
A23: 1.6.4 | B23: 瀝青透層，中凝油溶瀝青，MC-70 | C23: M2 | D23: 5103 | F23: 三合橋便橋 | G23: 69.6*10 | H23: =69.6*10 -> 696 | I23: =H23 -> 696 | J23: =SUM(H23:H25) -> 6734.4 | K23: 696
F24: 三合橋橋面板及進橋板 | G24: (A2-11*7.3+橋面板及進橋板29*9++A1-7*9)*1 | H24: =(11*7.3+29*9+7*9)*1 -> 404.3 | I24: =H23+H24+H25 -> 6734.4
F25: 工區舖設道路面積(N0K+420~N0K+835.6-分隔島內-三合橋面板及進橋板 | G25: (6170.45-426.27)-110.08 | H25: =(6170.45-426.27)-110.08 -> 5634.1
F26: 磺港路西側道路通行、面層二次舖設(後擴項目) | G26: 300*4*0.05 | H26: =300*4*0.05 -> 60
A28: 1.6.5 | B28: 瀝青黏層，快凝油溶瀝青，RC-70 | C28: M2 | D28: 15307 | F28: 三合橋第一次舖設 | G28: (11*7.3+7*9)*3 | H28: =(11*7.3+7*9)*3 -> 429.9 | I28: =SUM(H28:H31)-H29 -> 2124.9 | J28: =SUM(H28:H31) -> 19027.2 | K28: 0
F29: 工區舖設道路面積(N0K+420~N0K+835.6-分隔島內-三合橋面板及進橋板 | G29: (6170.45-426.27-110.08)*3 | H29: =(6170.45-426.27-110.08)*3 -> 16902.3
F30: 三合橋便橋 | G30: 69.6*10*1 | H30: =69.6*10*1 -> 696
F31: 三合橋第二次舖設(0k+020~045、0k+070~090) | G31: (45-20+90-70)*(9-0.8-0.8)*3 | H31: =(45-20+90-70)*(9-0.8-0.8)*3 -> 999
A33: 1.6.6 | B33: 結構用混凝土，預拌，140kgf/cm2 | C33: M3 | D33: 24 | F33: 道路側溝 | G33: 總長556.6*0.8*0.05 | H33: =556.6*0.8*0.05 -> 22.264 | J33: =H33 -> 22.264 | K33: 0
A35: 1.6.7 | B35: 結構用混凝土，預拌，210kgf/cm2 | C35: M3 | D35: 237 | F35: 三合橋既有U溝更新 | G35: 17*0.8*1.0-0.4*0.4*1.0*3 | H35: =17*0.8*1-0.4*0.4*1*3 -> 13.12 | I35: =H35 -> 13.12 | J35: =SUM(H35:H38) -> 338.278 | K35: 0
F36: 道路側溝 | G36: 總長556.6*單位面積0.53 | H36: =556.6*0.53 -> 294.998
F37: 陰井 | G37: 29顆*1.04 | H37: =29*1.04 -> 30.16
A39: 1.6.8 | B39: 結構用混凝土，泵送及澆注費 | C39: M3 | D39: 261 | H39: =I35+I33 -> 13.12 | I39: =H39 -> 13.12 | J39: =J35+J33 -> 360.542 | K39: 0
A41: 1.6.9 | B41: 清水模板，丙種 | C41: M2 | D41: 745 | F41: 三合橋既有U溝更新 | G41: 0 | H41: 0 | I41: =H41 -> 0 | J41: =SUM(H41:H44) -> 971.5728 | K41: 0
F42: 道路側溝 | G42: 總長556.6*單位面積1.608 | H42: =556.6*1.608 -> 895.0128
F43: 陰井 | G43: 29顆*2.64 | H43: =29*2.64 -> 76.56
A45: 1.6.10 | B45: 普通模板，丙種 | C45: M2 | D45: 915 | F45: 三合橋既有U溝更新 | G45: 17*2*1.0 | H45: =17*2*1 -> 34 | I45: =H45 -> 34 | J45: =SUM(H45:H48) -> 1229.0677 | K45: 0
F46: 道路側溝 | G46: 總長556.6*單位面積1.9095 | H46: =556.6*1.9095 -> 1062.8277
F47: 陰井 | G47: 29顆*4.56 | H47: =29*4.56 -> 132.24
A49: 1.6.11 | B49: 鋼筋，SD280W | C49: KG | D49: 9227 | F49: 道路側溝 | G49: 總長556.6*單位重89.8 | H49: =556.6*89.8 -> 49982.68 | J49: =SUM(H49:H50) -> 52733.62 | K49: 0
F50: 陰井 | G50: 29顆*94.86 | H50: =29*94.86 -> 2750.94
A52: 1.6.12 | B52: 鋼筋，植筋，D10mm，鑽孔(含空氣槍清孔)及化學藥劑 | C52: 孔 | D52: 189 | K52: 0
A54: 1.6.13 | B54: 鍍鋅格柵蓋板，(框53.6cm，蓋45cm)，細目型 | C54: 組 | D54: 118 | F54: 118 | G54: 118 | H54: =G54 -> 118 | K54: 0
A56: 1.6.14 | B56: 鍍鋅格柵板及框座，止滑花紋加工，含搬運安裝 | C56: KG | D56: 2773 | F56: 118座 | G56: 118*規格表(16+27.9) | H56: =118*(16+27.9) -> 5180.2 | J56: =H56 -> 5180.2 | K56: 0
A58: 1.6.15 | B58: 伸縮縫 | C58: M | D58: 112 | G58: (0.6*2+0.8)*(556.6/10) | H58: =(0.6*2+0.8)*(556.67/10) -> 111.334 | K58: 0
A61: 1.6.16 | B61: (免拆模板，鋼質)，厚3mm鋼模 | C61: M2 | D61: 0 | E61: 518.22 | F61: 道路側溝 | G61: 總長552.6*0.5 | H61: =552.6*0.5 -> 276.3 | J61: =SUM(H61:H62) -> 327.42 | K61: 0
F62: 三合橋側溝 | G62: 42.6*0.6*2 | H62: =42.6*0.6*2 -> 51.12
B63: 碎石級配 | F63: (瀝青混凝土舖面，粗粒料9.5mm-三合橋及進橋板)*0.3 | G63: ((6170.45-426.27)-((18.71+21.45)/2+9*5*2))*0.3 | H63: =((6170.45-426.27)-((18.71+21.45)/2+9*5*2))*0.3 -> 1690.23
F64: 人行道 | H64: =('土建景觀工程(2)'!J368+'土建景觀工程(2)'!J610)*0.15 -> 802.539
H135: 16
F207: 東西側磺港路禁停紅線137.28*2*0.1+371.9*2*0.1+延壽橋雙紅線72*2*0.1+雙黃線72*2*0.1+三合橋車行便道71*0.1*4+指向線8*7+行穿線3*0.4*9+停車線0.4*4*5+車道線30*0.1*2

Sheet 植栽工程 (8)
A1: 臺北市政府工務局水利工程處
A2: 數量計算式
A3: 工程名稱：磺港溪再造C段護岸及步道整建工程(延壽橋至三合橋)
A4: 施工地點：北投磺港溪 | G4: 工程編號：111 070020302 038 02
A5: 項次 | B5: 項 目 及 說 明 | C5: 單位 | D5: 原契約數量 | E5: 變更後數量 | F5: 項目 | G5: 小計 | H5: 數量 | I5: 施作數量 | J5: 數量計算累計 | K5: 113/8累計計價數量 | L5: 尚未計價
A6: (七) | B6: 道路附屬工程
A7: 1.7.1 | B7: 植栽，客土，砂質壤土 | C7: C.M3 | D7: 2596.7 | F7: 灌木 | G7: (606.5+39.6+83.2+130.9+84.3)*0.5 | H7: =(606.5+39.6+83.2+130.9+84.3)*0.5 -> 472.25 | K7: 0
F8: 草皮 | G8: (1488.5+138.3+7062.4)*0.3 | H8: =(1488.5+138.3+7062.4)*0.3 -> 2606.76
A10: 1.7.2 | B10: 植栽，透氣管，HDPE | C10: 支 | D10: 126 | F10: 喬木126 | G10: 126 | K10: 0
A12: 1.7.3 | B12: 移植，喬木類移植，5≦米高直徑<10cm | C12: 株 | D12: 12 | F12: 詳樹木清冊 | G12: 11 | H12: =G12 -> 11 | I12: =H12 -> 11 | K12: 0 | L12: =I12-K12 -> 11
A14: 1.7.4 | B14: 移植，喬木類移植，10cm≦米高直徑＜15cm | C14: 株 | D14: 18 | F14: 詳樹木清冊 | G14: 12 | H14: =G14 -> 12 | I14: =H14 -> 12 | K14: 5 | L14: =I14-K14 -> 7
A16: 1.7.5 | B16: 移植，喬木類移植，15cm≦米高直徑＜20cm | C16: 株 | D16: 5 | F16: 詳樹木清冊 | G16: 4 | H16: =G16 -> 4 | I16: =H16 -> 4 | K16: 5 | L16: =I16-K16 -> -1
A18: 1.7.6 | B18: 移植，喬木類移植，20cm≦米高直徑＜25cm | C18: 株 | D18: 5 | F18: 詳樹木清冊 | G18: 3 | H18: =G18 -> 3 | I18: =H18 -> 3 | K18: 5 | L18: =I18-K18 -> -2
A20: 1.7.7 | B20: 移植，喬木類移植，25cm≦米高直徑＜30cm | C20: 株 | D20: 2 | F20: 詳樹木清冊 | G20: 1 | H20: =G20 -> 1 | I20: =H20 -> 1 | K20: 2 | L20: =I20-K20 -> -1
A22: 1.7.8 | B22: 移植，喬木類移植，30cm≦米高直徑＜35cm | C22: 株 | D22: 6 | F22: 詳樹木清冊 | G22: 1 | H22: =G22 -> 1 | I22: =H22 -> 1 | K22: 6 | L22: =I22-K22 -> -5
A24: 1.7.9 | B24: 移植，喬木類移植，40cm≦米高直徑＜45cm | C24: 株 | D24: 3 | F24: 詳樹木清冊 | G24: 2 | H24: =G24 -> 2 | I24: =H24 -> 2 | K24: 3 | L24: =I24-K24 -> -1
A26: 1.7.10 | B26: 移植，喬木類移植，45cm≦米高直徑＜50cm | C26: 株 | D26: 2 | F26: 詳樹木清冊 | G26: 1 | H26: =G26 -> 1 | I26: =H26 -> 1 | K26: 2 | L26: =I26-K26 -> -1
A28: 1.7.11 | B28: 移植，喬木類移植，60cm≦米高直徑＜65cm | C28: 株 | D28: 3 | F28: 詳樹木清冊 | G28: 3 | H28: =G28 -> 3 | I28: =H28 -> 3 | K28: 3 | L28: =I28-K28 -> 0
A30: 1.7.12 | B30: 移植，喬木類移植，65cm≦米高直徑＜70cm | C30: 株 | D30: 3 | F30: 詳樹木清冊 | G30: 1 | H30: =G30 -> 1 | I30: =H30 -> 1 | K30: 3 | L30: =I30-K30 -> -2
I31: =SUM(H31:H42)-H32-H35 -> 34
A32: 1.7.13 | B32: 移植，喬木類移植，70cm≦米高直徑＜75cm | C32: 株 | D32: 1 | F32: 詳樹木清冊 | G32: 0 | H32: =G32 -> 0 | I32: =H32 -> 0 | K32: 1 | L32: =I32-K32 -> -1
A34: 1.7.14 | B34: 植栽維護，喬木類，樹木修剪，E級 | C34: 株 | D34: 6 | F34: 詳樹木清冊 | G34: 6 | H34: =G34 -> 6 | I34: =H34 -> 6 | K34: 0 | L34: =I34-K34 -> 6
A36: 1.7.15 | B36: 植栽維護，喬木類，枯木移除(喬木類)，10cm≦米高直徑＜20cm | C36: 株 | D36: 3 | F36: 詳樹木清冊 | G36: 4 | H36: =G36 -> 4 | I36: =H36 -> 4 | K36: 3 | L36: =I36-K36 -> 1
A38: 1.7.16 | B38: 植栽維護，喬木類，枯木移除(喬木類)，20cm≦米高直徑＜30cm | C38: 株 | D38: 5 | F38: 詳樹木清冊 | G38: 7 | H38: =G38 -> 7 | I38: =H38 -> 7 | K38: 5 | L38: =I38-K38 -> 2
A40: 1.7.17 | B40: 植栽維護，喬木類，枯木移除(喬木類)，30cm≦米高直徑＜40cm | C40: 株 | D40: 7 | E40: 17 | F40: 詳樹木清冊 | G40: 14 | H40: =G40 -> 14 | I40: =H40 -> 14 | K40: 7 | L40: =I40-K40 -> 7
A42: 1.7.18 | B42: 植栽維護，喬木類，枯木移除(喬木類)，40cm≦米高直徑＜50cm | C42: 株 | D42: 3 | F42: 詳樹木清冊 | G42: 3 | H42: 3 | I42: =H42 -> 3 | K42: 3 | L42: =I42-K42 -> 0
A45: 1.7.19 | B45: 植栽維護，喬木類，枯木移除(喬木類)，50cm≦米高直徑＜60cm | C45: 株 | D45: 4 | F45: 詳樹木清冊 | G45: 4 | H45: =G45 -> 4 | I45: =SUM(H45:H53)-H46 -> 51.01 | K45: 4 | L45: =I45-K45 -> 47.01
A47: 1.7.20 | B47: 植栽維護，喬木類，枯木移除，70cm＜米高直徑≦80cm | C47: 株 | D47: 1 | F47: 詳樹木清冊 | G47: 0 | H47: =G47 -> 0 | I47: =H47 -> 0 | K47: 1 | L47: =I47-K47 -> -1
A49: 1.7.21 | B49: 植栽維護，喬木類，枯木移除，90㎝＜米高直徑 | C49: 株 | D49: 1 | F49: 詳樹木清冊 | G49: 0 | H49: =G49 -> 0 | I49: =H49 -> 0 | K49: 1 | L49: =I49-K49 -> -1
A51: 1.7.22 | B51: 施工圍籬，組合式活動，1.8m ≦高度＜ 2.1m | C51: M | D51: 47.01 | G51: 47.01 | H51: =G51 -> 47.01 | I51: =H51 -> 47.01 | K51: 47.01 | L51: =I51-K51 -> 0
A54: 1.7.23 | B54: 產品，植栽，包覆材料，草繩及保護墊片，三支組 | C54: 組 | D54: 63 | G54: 63 | H54: =G54 -> 63 | I54: =H54 -> 63 | K54: 63 | L54: =I54-K54 -> 0
A56: 1.7.24 | B56: 產品，植栽，包覆材料，麻布袋，L=90~120cm，W=60~90cm | C56: 個 | D56: 315 | G56: 315 | H56: =G56 -> 315 | I56: =H56 -> 315 | K56: 315 | L56: =I56-K56 -> 0
A58: 1.7.25 | B58: 產品，平面式塑膠警示帶，聚氯乙烯(PVC)，寬度=200mm | C58: M | D58: 1200 | G58: 1200 | K58: 0
A60: 1.7.26 | B60: 產品，防水毯 | C60: M2 | D60: 30.85 | G60: 30.85 | H60: =G60 -> 30.85 | I60: =H60 -> 30.85 | K60: 30.85 | L60: =I60-K60 -> 0
A62: 1.7.27 | B62: 圍水，砂包堆置 | C62: M3 | D62: 3.7 | G62: 3.7 | H62: =G62 -> 3.7 | I62: =H62 -> 3.7 | K62: 3.7 | L62: =I62-K62 -> 0
A64: 1.7.28 | B64: 樹木生長監控 | C64: 式 | D64: 1 | G64: 1 | K64: 0
A65: 1.7.29 | B65: 植栽，鬆土(空氣挖掘機) | C65: M2 | D65: 1448.32 | G65: 1448.32 | K65: 0
A66: 1.7.30 | B66: 烏心石，450 ≦ 樹高 < 500㎝，220≦樹幅＜240cm，14 ≦ 米高直徑 < 16㎝ | C66: 株 | D66: 42 | G66: 42 | J66: =G66 -> 42 | K66: 0
A67: 1.7.31 | B67: 水茄苳，300 ≦ 樹高 < 350㎝，200≦樹幅＜250cm，8 ≦ 米高直徑 < 10㎝ | C67: 株 | D67: 19 | G67: 19 | J67: =G67 -> 19 | K67: 0
A68: 1.7.32 | B68: 光蠟樹，450 ≦ 樹高 < 500㎝，220≦樹幅＜240cm，14 ≦ 米高直徑 < 16㎝ | C68: 株 | D68: 8 | G68: 8 | J68: =G68 -> 8 | K68: 0
A69: 1.7.33 | B69: 青楓，400 ≦ 樹高 < 450㎝，200≦樹幅＜220cm，8≦ 米高直徑 < 10㎝ | C69: 株 | D69: 8 | G69: 8 | J69: =G69 -> 8 | K69: 0
A70: 1.7.34 | B70: 大葉欖仁，300 ≦ 樹高 < 350㎝，140≦樹幅＜160cm，8 ≦ 米高直徑 < 9㎝ | C70: 株 | D70: 14 | G70: 14 | J70: =G70 -> 14 | K70: 0
A71: 1.7.35 | B71: 台灣石楠，350 ≦ 樹高 < 400㎝，160≦樹幅＜180cm，9 ≦ 米高直徑 < 10㎝ | C71: 株 | D71: 15 | G71: 15 | J71: =G71 -> 15 | K71: 0
A72: 1.7.36 | B72: 苦楝，450 ≦ 樹高 < 500㎝，220≦樹幅＜240cm，14 ≦ 米高直徑 < 16㎝ | C72: 株 | D72: 1 | G72: 1 | J72: =G72 -> 1 | K72: 0
A73: 1.7.37 | B73: 九芎，300 ≦ 樹高 < 350㎝，120≦樹幅＜140cm，8 ≦ 米高直徑 < 10㎝ | C73: 株 | D73: 1 | G73: 1 | I73: =SUM(H73:H75) -> 0 | J73: =G73 -> 1 | K73: 0
A74: 1.7.38 | B74: 水柳，400 ≦ 樹高 < 450㎝，200≦樹幅＜220cm，12≦ 米高直徑 < 14㎝ | C74: 株 | D74: 1 | G74: 1 | J74: =G74 -> 1 | K74: 0
A75: 1.7.39 | B75: 烏桕，300 ≦ 樹高 < 350㎝，140≦樹幅＜180cm，8 ≦ 米高直徑 < 9㎝ | C75: 株 | D75: 4 | G75: 4 | J75: =G75 -> 4 | K75: 0
A76: 1.7.40 | B76: 楓香，450 ≦ 樹高 < 500㎝，220≦樹幅＜240cm，14 ≦ 米高直徑 < 16㎝ | C76: 株 | D76: 1 | G76: 1 | J76: =G76 -> 1 | K76: 0
A77: 1.7.41 | B77: 樟樹，450 ≦ 樹高 < 500㎝，220≦樹幅＜240cm，14 ≦ 米高直徑 < 16㎝ | C77: 株 | D77: 1 | G77: 1 | J77: =G77 -> 1 | K77: 0
A78: 1.7.42 | B78: 大葉楠，450 ≦ 樹高 < 500㎝，220≦樹幅＜240cm，14 ≦ 米高直徑 < 16㎝ | C78: 株 | D78: 1 | G78: 1 | J78: =G78 -> 1 | K78: 0
A79: 1.7.43 | B79: 風箱，160 ≦ 樹高 < 180㎝，80≦樹幅＜90cm，2 ≦ 米高直徑 < 5㎝ | C79: 株 | D79: 4 | G79: 4 | J79: =G79 -> 4 | K79: 0
A80: 1.7.44 | B80: 羽裂蔓綠絨，70≦高度＜80㎝，40≦寬度＜50cm | C80: 株 | D80: 1 | G80: 1 | J80: =G80 -> 1 | K80: 0
A81: 1.7.45 | B81: 八角金盤，50≦高度＜60㎝，30≦寬度＜40cm | C81: 株 | D81: 1 | G81: 1 | J81: =G81 -> 1 | K81: 0
A82: 1.7.46 | B82: 南天竹，70≦高度＜80㎝，50≦寬度＜60cm | C82: 株 | D82: 1 | G82: 1 | J82: =G82 -> 1 | K82: 0
A83: 1.7.47 | B83: 杜虹花，40≦ 高度＜50㎝，35≦寬度＜40cm | C83: 株 | D83: 1 | G83: 1 | J83: =G83 -> 1 | K83: 0
A84: 1.7.48 | B84: 含笑花，40≦ 高度＜50㎝，35≦寬度＜40cm | C84: 株 | D84: 1 | G84: 1 | J84: =G84 -> 1 | K84: 0
A85: 1.7.49 | B85: 金絲桃，35≦ 高度＜40㎝，30≦寬度＜35cm | C85: 株 | D85: 1 | G85: 1 | J85: =G85 -> 1 | K85: 0
... A123: 1.7.87 | B123: 植草，密舖 | C123: M2 | D123: 1 | G123: 1 | J123: =G123 -> 1 | K123: 0
A124: 1.7.88 | B124: 產品，空氣盆 | C124: M | D124: 0 | E124: 73.48 | G124: 73.48 | H124: =G124 -> 73.48 | K124: 0
A125: 1.7.89 | B125: 產品，植草，植生袋，客土 | C125: 袋 | D125: 0 | E125: 17856 | G125: 蜂巢隔網數量7844+備用2156 | H125: =7844+2156 -> 10000 | K125: 10000
H148: 16
F220: 東西側磺港路禁停紅線137.28*2*0.1+371.9*2*0.1+延壽橋雙紅線72*2*0.1+雙黃線72*2*0.1+三合橋車行便道71*0.1*4+指向線8*7+行穿線3*0.4*9+停車線0.4*4*5+車道線30*0.1*2

Sheet 臨時動員及圍排水設施費 9)
A1: 臺北市政府工務局水利工程處
A2: 數量計算式
A3: 工程名稱：磺港溪再造C段護岸及步道整建工程(延壽橋至三合橋)
A4: 施工地點：北投磺港溪 | G4: 工程編號：111 070020302 038 02
A5: 項次 | B5: 項 目 及 說 明 | C5: 單位 | D5: 原契約數量 | E5: 變更後數量 | F5: 項目 | G5: 小計 | H5: 數量 | I5: 施作數量 | J5: 數量計算累計 | K5: 113/8累計計價數量 | L5: 尚未計價
A6: (九) | B6: 臨時動員及圍排水設施費
A8: 1 | B8: 臨時擋土樁設施，鋼軌樁 50kg/m | C8: M | D8: 1088 | E8: 975 | F8: 共月橋樹木保護鋼軌樁：長6M*20支 | G8: 1*6*20 | H8: =120 -> 120 | I8: =SUM(H8:H13) -> 2893 | J8: =SUM(H8:H13) -> 2893 | K8: 360 | L8: =I8-K8 -> 2533
F9: 三合橋下地梁長6m*42支 | G9: 1*6*42 | H9: =1*6*42 -> 252
F10: 低水護岸坡趾基礎擋土樁設施 | G10: 1*6*276 | H10: =1*6*276 -> 1656
F11: 三合橋衛工幹管明挖保護 | G11: 1*9*13 | H11: =1*9*13 -> 117
F12: RCP過路管埋設 | G12: (49.1+25.7)*2*5 | H12: =(49.1+25.7)*2*5 -> 748
A15: 2 | B15: 臨時擋土樁設施，鋼軌樁 50kg/m(含運費)，打拔 | C15: M | D15: 1088 | E15: 975 | F15: 共月橋樹木保護鋼軌樁：長6M*20支 | G15: 1*6*20 | H15: =120 -> 120 | I15: =SUM(H15:H19) -> 2893 | J15: =SUM(H15:H20) -> 2893 | K15: 360 | L15: =I15-K15 -> 2533
F16: 三合橋下地梁長6m*42支 | G16: 1*6*42 | H16: =1*6*42 -> 252
F17: 低水護岸坡趾基礎擋土樁設施 | G17: 1*6*276 | H17: =1*6*276 -> 1656
F18: 三合橋衛工幹管明挖保護 | G18: 1*9*13 | H18: =1*9*13 -> 117
F19: RCP過路管埋設 | G19: (49.1+25.7)*2*5 | H19: =(49.1+25.7)*2*5 -> 748
A22: 3 | B22: 臨時通道用鋼板，厚15mm | C22: M2/月 | D22: 6984 | E22: 8744 | F22: 工區通道 | G22: L(649.2-300)*W2.5*3(左右岸及河道)*3個月 | H22: =(649.2-300)*2.5*3*3 -> 7857 | I22: =SUM(H22:H26) -> 9795.5 | J22: =SUM(H22:H26) -> 9795.5 | K22: 7744 | L22: =I22-K22 -> 2051.5
F23: RCP過路管埋設 | G23: (49.1+25.7)*2.5*2 | H23: =(49.1+25.7)*2.5*2 -> 374
F24: 暫置區鐵板 | G24: 852 | H24: 852
F25: 低水護岸坡趾基礎擋土樁設施 | G25: 285*2.5 | H25: =285*2.5 -> 712.5
A27: 4 | B27: 施工期間動復員費(含颱風、暴雨或機關指定之動員及設施設備費用) | C27: 式 | D27: 1 | H27: 1 | I27: 1 | K27: 1 | L27: =I27-K27 -> 0
A29: 5 | B29: 臨時設施，排水設備，引擎抽水機，D=10cm，租金 | C29: 時 | D29: 1 | E29: 2480 | F29: 詳日報表 | G29: 1164 | H29: =G29 -> 1164 | I29: =H29 -> 1164 | J29: =SUM(H29:H33) -> 3149 | K29: 1164 | L29: =I29-K29 -> 0
F30: 9/23 大雨抽水 | G30: 40*8 | H30: =40*8 -> 320 | I30: =SUM(H29:H32) -> 1996
F31: 山陀兒颱風抽水 | G31: 4*8*8 | H31: =4*8*8 -> 256
F32: 康芮颱風抽水 | G32: 4*8*8 | H32: =4*8*8 -> 256
F33: 豪大雨抽水 | G33: 1153 | H33: 1153
A35: 6 | B35: 圍水，砂包堆置 | C35: M3 | D35: 1 | E35: 291 | F35: PC樁圍水 | G35: 長70m*3包 | H35: =70*3 -> 210 | I35: =H35 -> 210 | J35: =SUM(H35:H42) -> 554 | K35: 251 | L35: =I35-K35 -> -41
F36: 三合橋圍水(基礎施作) | G36: 河道側長30m*2包+既有箱涵20*2包 | H36: =30*2+20*2 -> 100
F37: 三合橋圍水(固床工施作) | G37: 長30m*2包 | H37: =30*2 -> 60
F38: 側流井圍水(上游砌石施作) | G38: 長28m*2包 | H38: =28*2 -> 56
F39: 側流井圍水(砌石分段施作) | G39: 長22m*2包 | H39: =23*2 -> 46
F40: 共月橋P1P2圍水 | G40: 長10m*2包 | H40: =10*2 -> 20
F41: 新做擋牆圍水 | G41: 31M*2包 | H41: =31*2 -> 62
A44: 7 | B44: 臨時河道圍水設施，鋼板樁，L=13cm，(單邊水平長度，未含擋土支撐系統) | C44: M | D44: 0 | E44: 130 | F44: 三合橋鋼板樁(12m)+共月橋鋼板樁(25m)+延壽橋鋼板樁擋水(25m)*2雙邊 | G44: (12+25+25)*2 | H44: =(12+25+25)*2 -> 124 | I44: =H44+H45 -> 138 | J44: =H44+H45 -> 138 | K44: 74 | L44: =I44-K44 -> 64
F45: 共月橋P5(6M)+三合橋(8M*2) | G45: 14 | H45: 14 | I45: =H44+H45 -> 138
F84: 三合橋下衛工砌石舖面
H86: 152.4 | I86: =SUM(H86:H95)-H87-H90 -> 179.066
H87: =172.33*20 -> 3446.6
I89: =SUM(H89:H91) -> 0
F92: 共月橋 | G92: (3.5+1.92)*2*1.15+3.5*1.7*2+1*0.5*4+0.5*0.3*2 | H92: =(3.5+1.92)*2*1.15+3.5*1.7*2+1*0.5*4+0.5*0.3*2 -> 26.666
H164: 16
F236: 東西側磺港路禁停紅線137.28*2*0.1+371.9*2*0.1+延壽橋雙紅線72*2*0.1+雙黃線72*2*0.1+三合橋車行便道71*0.1*4+指向線8*7+行穿線3*0.4*9+停車線0.4*4*5+車道線30*0.1*2

Sheet 蜂巢隔網計算
A1: 磺港路土方石計算
A2: 里程 | B2: 蜂巢隔網長度 | C2: 蜂巢隔網面積(m2) | D2: 客土包數量 (每1m2 10包客土包) | E2: 低水護岸底層客土包 2包 | F2: Q5頂層客土包 2包 | G2: 備註
A3: 280 | B3: 0
A4: 300 | B4: 5.41 | C4: =B4*10 -> 54.1 | D4: =(A4-A3)*10 -> 200 | E4: =ROUND((A4-A3)/0.3*2,0) -> 133 | F4: =ROUND((A4-A3)*2/0.3,0) -> 133 | G4: 砌石邊坡
A5: 320 | B5: 0 | G5: 砌石邊坡
A6: 340 | B6: 9.22 | C6: =B6*20 -> 184.4 | D6: =(A6-A5)*10 -> 200 | E6: =ROUND((A6-A5)/0.3*2,0) -> 133 | F6: =ROUND((A6-A5)*2/0.3,0) -> 133
A7: 360 | B7: 6.5 | C7: =B7*20 -> 130 | D7: =(A7-A6)*10 -> 200 | E7: =ROUND((A7-A6)/0.3*2,0) -> 133 | F7: =ROUND((A7-A6)*2/0.3,0) -> 133
A8: 380 | B8: 5.5 | C8: =B8*20 -> 110 | D8: =(A8-A7)*10 -> 200 | E8: =ROUND((A8-A7)/0.3*2,0) -> 133 | F8: =ROUND((A8-A7)*2/0.3,0) -> 133
A9: 400 | B9: 5.28 | C9: =B9*20 -> 105.6 | D9: =(A9-A8)*10 -> 200 | E9: =ROUND((A9-A8)/0.3*2,0) -> 133 | F9: =ROUND((A9-A8)*2/0.3,0) -> 133
A10: 420 | B10: 4.08 | C10: =B10*20 -> 81.6 | D10: =(A10-A9)*10 -> 200 | E10: =ROUND((A10-A9)/0.3*2,0) -> 133 | F10: =ROUND((A10-A9)*2/0.3,0) -> 133
A11: 440 | B11: 4.99 | C11: =B11*20 -> 99.8 | D11: =(A11-A10)*10 -> 200 | E11: =ROUND((A11-A10)/0.3*2,0) -> 133 | F11: =ROUND((A11-A10)*2/0.3,0) -> 133
A12: 460 | B12: 5.84 | C12: =B12*20 -> 116.8 | D12: =(A12-A11)*10 -> 200 | E12: =ROUND((A12-A11)/0.3*2,0) -> 133 | F12: =ROUND((A12-A11)*2/0.3,0) -> 133
A13: 480 | B13: 8.4 | C13: =B13*20 -> 168 | D13: =(A13-A12)*10 -> 200 | E13: =ROUND((A13-A12)/0.3*2,0) -> 133 | F13: =ROUND((A13-A12)*2/0.3,0) -> 133
A14: 500 | B14: 3.54 | C14: =B14*20 -> 70.8 | D14: =(A14-A13)*10 -> 200 | E14: =ROUND((A14-A13)/0.3*2,0) -> 133 | F14: =ROUND((A14-A13)*2/0.3,0) -> 133
A15: 520 | B15: 3.38 | C15: =B15*20 -> 67.6 | D15: =(A15-A14)*10 -> 200 | E15: =ROUND((A15-A14)/0.3*2,0) -> 133 | F15: =ROUND((A15-A14)*2/0.3,0) -> 133
A16: 540 | B16: 7.03 | C16: =B16*20 -> 140.6 | D16: =(A16-A15)*10 -> 200 | E16: =ROUND((A16-A15)/0.3*2,0) -> 133 | F16: =ROUND((A16-A15)*2/0.3,0) -> 133
A17: 560 | B17: 6.08 | C17: =B17*20 -> 121.6 | D17: =(A17-A16)*10 -> 200 | E17: =ROUND((A17-A16)/0.3*2,0) -> 133 | F17: =ROUND((A17-A16)*2/0.3,0) -> 133
... A20: 620 | B20: 5.25 | C20: =B20*20 -> 105 | D20: =(A20-A19)*10 -> 200 | E20: =ROUND((A20-A19)/0.3*2,0) -> 133 | F20: =ROUND((A20-A19)*2/0.3,0) -> 133
A21: 640 | B21: 0 | E21: =ROUND((A21-A20)/0.3*2,0) -> 133 | F21: =ROUND((A21-A20)*2/0.3,0) -> 133
A22: 649.2 | B22: 0 | E22: =ROUND((A22-A21)/0.3*2,0) -> 61 | F22: =ROUND((A22-A21)*2/0.3,0) -> 61
A24: 蜂巢隔網小計 | C24: =SUM(C3:C23) -> 1795.5 | D24: =SUM(D4:D23) -> 3200 | E24: =SUM(E4:E23) -> 2322 | F24: =SUM(F4:F23) -> 2322

Sheet 整備工程-表土清除
