Workbook
Name _290_2_0.15_0.2_12_5_0.15_0.2: 大宗資材!#REF!
Name _290_2_0.15_0.2_12_5_0.15_0.2: '數量計算(FOR4變)'!$G$9
Name _290_2_0.15_0.2_12_5_0.15_0.2: '數量計算(勇哥)'!$G$9
Name 鋼筋資料: 鋼筋!$AD$4:$AM$13

Sheet 估驗單
A1: 臺北市政府工務局水利工程處
A2: 變更項目對照詳細表
A3: 工程名稱：磺港溪再造C段護岸及步道整建工程(三合橋至奇岩抽水站) | O3: 估驗日期： | P3: 45596
A4: 項次 | B4: 項目說明 | C4: 單位 | D4: 原契約 數量 | E4: 3 變 後 核定數量 | F4: 4 變 後 數量 | G4: 應做數量 | H4: 追加數量 | I4: 追加金額 | J4: 追減數量 | K4: 追減金額 | L4: 估驗 單價 | M4: 本 次 估驗數量 | N4: 本次止累計 估驗數量 | O4: 本 次 估驗金額 | P4: 本次止累計 估驗金額 | Q4: 備 註
A5: 壹 | B5: 發包工程費 | C5: 式 | D5: 1 | L5: 304975279 | M5: 1 | N5: 1 | O5: 7397700 | P5: 191886300
A6: 一 | B6: 工程費 | C6: 式 | D6: 1 | L6: 2.3286809e+08 | M6: 1 | N6: 1 | O6: 5673978.8 | P6: 1.4020001e+08
A7: (一) | B7: 整備工程 | C7: 式 | D7: 1 | L7: 61233816 | M7: 1 | N7: 1 | O7: 927832.41 | P7: 44630848
A8: 1 | B8: 機械拆除，瀝青混凝土，未含運費 | C8: M3 | D8: 720.24 | F8: 720.24 | L8: 193.11 | M8: 18.75 | N8: 148.93 | O8: 3620.81 | P8: 28759.87
A9: 2 | B9: 機械拆除，鋼筋混凝土，未含運費 | C9: M3 | D9: 4813.44 | F9: 4813.44 | L9: 1046.16 | M9: 0 | N9: 4091.17 | O9: 0 | P9: 4280018.4
A10: 3 | B10: 盤踞切割 | C10: M | D10: 1743 | F10: 1743 | L10: 6199.66 | M10: 0 | N10: 1741.3 | O10: 0 | P10: 10795468
A11: 4 | B11: 基地及路幅開挖，未含運費，(機械挖，0.7～0.79m3開挖機) | C11: B.M3 | D11: 26370 | E11: 28009.56 | F11: 28009.56 | L11: 48.28 | M11: 75 | N11: 26684 | O11: 3621 | P11: 1288303.5
A12: 5 | B12: 瀝青混凝土面層刨除，刨除料運費 | C12: M3 | D12: 4726.67 | F12: 4726.67 | L12: 599.71 | M12: 0 | N12: 569.4 | O12: 0 | P12: 341474.87
A13: 6 | B13: 利用填方，含夯實 | C13: M3 | D13: 13120 | F13: 13120 | L13: 104.64 | M13: 864 | N13: 8670.22 | O13: 90408.96 | P13: 907251.82
A14: 7 | B14: 餘方遠運處理(台北港) | C14: B.M3 | D14: 13251 | F14: 13251 | L14: 1027.37 | M14: 156 | N14: 10560 | O14: 160269.72 | P14: 10849027
A15: 8 | B15: 餘方自行處理(房屋廢方，含水土保持) | C15: M3 | D15: 4601.44 | F15: 4601.44 | L15: 1084.98 | M15: 0 | N15: 0 | O15: 0 | P15: 0
A16: 9 | B16: 瀝青混凝土面層刨除，厚5cm，刨除機1.2m寬，含瀝青鋪面打毛(未含運費) | C16: M2 | D16: 2588.5 | F16: 2588.5 | L16: 30.45 | M16: 0 | N16: 0 | O16: 0 | P16: 0
A17: 10 | B17: 瀝青混凝土面層刨除，厚10cm，刨除機2.2m寬，未含運費 | C17: M2 | D17: 9177 | F17: 9177 | L17: 28.48 | M17: 0 | N17: 4745 | O17: 0 | P17: 135137.6
A18: 11 | B18: 切割瀝青混凝土或無筋混凝土，5cm≦切割深度＜10cm | C18: M | D18: 162.5 | F18: 162.5 | L18: 65.4 | M18: 0 | N18: 52.1 | O18: 0 | P18: 3407.34
A19: 12 | B19: 清除及掘除，雜草雜木，含垃圾撿除，人工割 | C19: M2 | D19: 5217.7 | F19: 5217.7 | L19: 20.19 | M19: 0 | N19: 3717 | O19: 0 | P19: 75046.23
A20: 13 | B20: 垃圾及廢棄物(以體積計)清運 | C20: M3 | D20: 782.66 | F20: 782.66 | L20: 2286.68 | M20: 0 | N20: 108 | O20: 0 | P20: 246961.44
A21: 14 | B21: 節塊吊放 | C21: 次 | D21: 425 | F21: 425 | L21: 521.15 | M21: 0 | N21: 425 | O21: 0 | P21: 221488.75
A22: 15 | B22: 機械拆除，工地雜項拆除清理，欄杆，含運費 | C22: M | D22: 255.5 | F22: =G22 -> 314.3 | G22: ='數量計算(FOR4變)'!I66 -> 314.3 | H22: =G22-D22 -> 58.8 | I22: =ROUND(H22*L22,2) -> 17032.6 | L22: 289.67 | M22: 0 | N22: 255.5 | O22: 0 | P22: 74010.69
A23: 16 | B23: 土方運送(百齡抽水站) | C23: 趟 | D23: 2204 | F23: 2204 | L23: 3082.11 | M23: 72 | N23: 2107 | O23: 221911.92 | P23: 6494005.8
A24: 17 | B24: 既有路燈拆除繳回 | C24: 盞 | D24: 66 | F24: 66 | L24: 3311.26 | M24: 0 | N24: 65 | O24: 0 | P24: 215231.9
A25: 18 | B25: 座椅拆除繳回 | C25: 座 | D25: 18 | F25: 18 | L25: 1199.93 | M25: 0 | N25: 18 | O25: 0 | P25: 21598.74
A26: 19 | B26: 解說牌拆除 | C26: 座 | D26: 4 | F26: 4 | L26: 2999.84 | M26: 0 | N26: 4 | O26: 0 | P26: 11999.36
A27: 20 | B27: 自行車架拆除 | C27: 座 | D27: 20 | F27: 20 | L27: 2999.84 | M27: 0 | N27: 20 | O27: 0 | P27: 59996.8
A28: 21 | B28: 交通牌誌拆除 | C28: 座 | D28: 15 | F28: 15 | L28: 2999.84 | M28: 0 | N28: 15 | O28: 0 | P28: 44997.6
A29: 22 | B29: 既有水利設施拆除及運送 | C29: 式 | D29: 1 | F29: 1 | L29: 399978.19 | M29: 0 | N29: 1 | O29: 0 | P29: 399978.19 | Q29: (估驗比率約:100%)
A30: 23 | B30: 交通維持，道路管制人員，日間(06-22時)，義交 | C30: 時 | D30: 30800 | F30: 30800 | L30: 280 | M30: 1600 | N30: 21303.5 | O30: 448000 | P30: 5964980
A31: 24 | B31: 表土清除，堆置，及回填費，t=30cm | C31: M2 | D31: 0 | E31: 2150 | F31: 2150 | L31: 70.56 | M31: 0 | N31: 2150 | O31: 0 | P31: 151704
A32: 25 | B32: 餘土分類處理 | C32: 日 | D32: 0 | E32: 111 | F32: 111 | L32: 20000 | M32: 0 | N32: 101 | O32: 0 | P32: 2020000
A33: (二) | B33: 土建景觀工程 | C33: 式 | D33: 1 | L33: 30807124 | M33: 1 | N33: 1 | O33: 140646.04 | P33: 1083872.9
A34: 1 | B34: 構造物回填，回填及夯實(實際) | C34: C.M3 | D34: 1887.64 | F34: =D34 -> 1887.64 | L34: 320.72 | M34: 0 | N34: 0 | O34: 0 | P34: 0
A35: 2 | B35: 構造物回填，回填及夯實，人工夯實 | C35: C.M3 | D35: 402.21 | F35: =D35 -> 402.21 | L35: 346.06 | M35: 0 | N35: 0 | O35: 0 | P35: 0
A36: 3 | B36: 鋼筋，SD280W | C36: KG | D36: 18865.76 | F36: =D36 -> 18865.76 | L36: 36.4 | M36: 0 | N36: 5167.44 | O36: 0 | P36: 188094.82
A37: 4 | B37: 結構用混凝土，預拌，140kgf/cm2 | C37: M3 | D37: 107.91 | F37: =D37 -> 107.91 | L37: 3114.97 | M37: 0 | N37: 4.73 | O37: 0 | P37: 14733.81
A38: 5 | B38: 結構用混凝土，預拌，210kgf/cm2 | C38: M3 | D38: 564.01 | F38: =D38 -> 564.01 | L38: 3320.96 | M38: 0 | N38: 59.94 | O38: 0 | P38: 199058.34
A39: 6 | B39: 普通模板，丙種 | C39: M2 | D39: 1926.87 | F39: =D39 -> 1926.87 | L39: 533.61 | M39: 0 | N39: 374.32 | O39: 0 | P39: 199740.9
A40: 7 | B40: 清水模板，鋼模 | C40: M2 | D40: 301.33 | F40: =D40 -> 301.33 | L40: 1299.82 | M40: 0 | N40: 0 | O40: 0 | P40: 0
A41: 8 | B41: 鍍鋅鋼料 | C41: KG | D41: 5991.34 | F41: =G41 -> 14260.385 | G41: ='數量計算(FOR4變)'!I93 -> 14260.385 | H41: =G41-D41 -> 8269.0446 | L41: 60 | M41: 0 | N41: 0 | O41: 0 | P41: 0
A42: 9 | B42: 金屬材料，鋼料，裁切加工銲製(工廠加工) | C42: KG | D42: 5991.34 | F42: =G42 -> 14260.385 | G42: ='數量計算(FOR4變)'!I98 -> 14260.385 | H42: =G42-D42 -> 8269.0446 | L42: 31.9 | M42: 0 | N42: 0 | O42: 0 | P42: 0
A43: 10 | B43: 結構用鋼材，銲接結構用軋鋼料，SM400B鋼構工程及製作、組立工程(含加勁板、續接板、螺絲、螺栓、螺帽等) | C43: KG | D43: 1180.03 | F43: =D43 -> 1180.03 | L43: 107.3 | M43: 0 | N43: 0 | O43: 0 | P43: 0
A44: 11 | B44: 透水磚紙模地坪 | C44: M2 | D44: 3879.21 | F44: =D44 -> 3879.21 | L44: 3092.69 | M44: 0 | N44: 0 | O44: 0 | P44: 0
A45: 12 | B45: 梯形磚鋪面，149.5x(30,20)x8cmTH | C45: M2 | D45: 462.9 | F45: =D45 -> 462.9 | L45: 3961.37 | M45: 0 | N45: 0 | O45: 0 | P45: 0
A46: 13 | B46: 石材鋪面 | C46: M2 | D46: 5.09 | F46: ='數量計算(FOR4變)'!H106 -> 280.3 | H46: =F46-D46 -> 275.21 | L46: 3965.59 | M46: 0 | N46: 0 | O46: 0 | P46: 0
A47: 14 | B47: 卵石鋪面 | C47: M2 | D47: 18.76 | F47: =D47 -> 18.76 | L47: 3391.22 | M47: 0 | N47: 0 | O47: 0 | P47: 0
A48: 15 | B48: 露骨材地坪 | C48: M2 | D48: 118.92 | F48: =D48 -> 118.92 | L48: 773.85 | M48: 0 | N48: 0 | O48: 0 | P48: 0
A49: 16 | B49: PC地坪 | C49: M2 | D49: 173.3 | F49: =D49 -> 173.3 | L49: 948.34 | M49: 0 | N49: 0 | O49: 0 | P49: 0
A50: 17 | B50: 格柵鋪面B | C50: 座 | D50: 1 | F50: =D50 -> 1 | L50: 144378.63 | M50: 0 | N50: 0 | O50: 0 | P50: 0
A51: 18 | B51: 細石子鋪面 | C51: C.M3 | D51: 156.68 | F51: =D51 -> 156.68 | L51: 145.21 | M51: 0 | N51: 0 | O51: 0 | P51: 0
A52: 19 | B52: 鋼板收邊A型 | C52: M | D52: 689.86 | F52: =D52 -> 689.86 | L52: 2755.78 | M52: 0 | N52: 0 | O52: 0 | P52: 0
A53: 20 | B53: 鋼板收邊B型 | C53: M | D53: 12.91 | F53: =D53 -> 12.91 | L53: 576.77 | M53: 0 | N53: 0 | O53: 0 | P53: 0
A54: 21 | B54: 界石收邊 | C54: M | D54: 56.09 | F54: =D54 -> 56.09 | L54: 615.31 | M54: 0 | N54: 0 | O54: 0 | P54: 0
A55: 22 | B55: 緣石收邊 | C55: M | D55: 656.91 | F55: =D55 -> 656.91 | L55: 685.27 | M55: 0 | N55: 0 | O55: 0 | P55: 0
A56: 23 | B56: 道路緣石收邊 | C56: M | D56: 1254.13 | F56: =D56 -> 1254.13 | L56: 699.69 | M56: 35 | N56: 35 | O56: 24489.15 | P56: 24489.15
A57: 24 | B57: 道路緣石斜坡式 | C57: M | D57: 44.64 | F57: =D57 -> 44.64 | L57: 1199.27 | M57: 0 | N57: 0 | O57: 0 | P57: 0
A58: 25 | B58: 場鑄道路緣石 | C58: M | D58: 142.26 | F58: =D58 -> 142.26 | L58: 57.68 | M58: 0 | N58: 0 | O58: 0 | P58: 0
... A69: 36 | B69: 草地座階 | C69: M | D69: 30.1 | F69: =D69 -> 30.1 | L69: 545.1 | M69: 0 | N69: 0 | O69: 0 | P69: 0
A70: 37 | B70: 砌石擋牆A | C70: M | D70: 31.2 | F70: ='數量計算(FOR4變)'!H130 -> 35.2 | G70: ='數量計算(FOR4變)'!I130 -> 35.2 | H70: =G70-D70 -> 4 | I70: =ROUND(H70*L70,2) -> 33420.44 | L70: 8355.11 | M70: 0 | N70: 31.2 | O70: 0 | P70: 260679.43
A71: 38 | B71: 砌石擋牆B | C71: M | D71: 17.9 | F71: ='數量計算(FOR4變)'!H131 -> 24.3 | G71: ='數量計算(FOR4變)'!I131 -> 24.3 | H71: =G71-D71 -> 6.4 | I71: =ROUND(H71*L71,2) -> 34525.7 | L71: 5394.64 | M71: 2.9 | N71: 17.9 | O71: 15644.46 | P71: 96564.06
A72: 39 | B72: 鋼板擋牆 | C72: M | D72: 19.6 | F72: =D72 -> 19.6 | L72: 432.57 | M72: 0 | N72: 0 | O72: 0 | P72: 0
A73: 40 | B73: 擋牆b’型 | C73: M | D73: 24.9 | F73: =D73 -> 24.9 | L73: 1224.22 | M73: 0 | N73: 0 | O73: 0 | P73: 0
A74: 41 | B74: 擋牆c’型 | C74: M | D74: 3.5 | F74: =D74 -> 3.5 | L74: 1148.63 | M74: 0 | N74: 0 | O74: 0 | P74: 0
A75: 42 | B75: 樓梯E | C75: 座 | D75: 1 | F75: =D75 -> 1 | L75: 5698.63 | M75: 0 | N75: 0 | O75: 0 | P75: 0
A76: 43 | B76: 樓梯G | C76: 座 | D76: 1 | F76: =D76 -> 1 | L76: 5963.22 | M76: 0 | N76: 0 | O76: 0 | P76: 0
A77: 44 | B77: 樓梯H | C77: 座 | D77: 1 | F77: =D77 -> 1 | L77: 1421.11 | M77: 0 | N77: 0 | O77: 0 | P77: 0
A78: 45 | B78: 樓梯J | C78: 座 | D78: 1 | F78: =D78 -> 1 | L78: 4031.83 | M78: 0 | N78: 0 | O78: 0 | P78: 0
A79: 46 | B79: 樓梯K | C79: 座 | D79: 1 | F79: =D79 -> 1 | L79: 3313.67 | M79: 0 | N79: 0 | O79: 0 | P79: 0
A80: 47 | B80: 欄杆B | C80: M | D80: 149.5 | F80: =D80 -> 149.5 | L80: 1975.94 | M80: 0 | N80: 0 | O80: 0 | P80: 0
A81: 48 | B81: 欄杆C | C81: M | D81: 39.3 | F81: =D81 -> 39.3 | L81: 4874.23 | M81: 0 | N81: 0 | O81: 0 | P81: 0
A82: 49 | B82: 護欄b | C82: M | D82: 51.3 | F82: =D82 -> 51.3 | L82: 2938.96 | M82: 34.2 | N82: 34.2 | O82: 100512.43 | P82: 100512.43
A83: 50 | B83: 地圖牌 | C83: 座 | D83: 1 | F83: =D83 -> 1 | L83: 23029.53 | M83: 0 | N83: 0 | O83: 0 | P83: 0
... A103: 70 | B103: 巢箱 | C103: 組 | D103: 3 | F103: =D103 -> 3 | L103: 4575.03 | M103: 0 | N103: 0 | O103: 0 | P103: 0
A104: 71 | B104: 自然景石 | C104: T | D104: 88.17 | F104: =G104 -> 89.086 | G104: ='數量計算(FOR4變)'!I164 -> 89.086 | H104: =G104-D104 -> 0.916 | I104: =ROUND(H104*L104,2) -> 14014.04 | L104: 15299.17 | M104: 0 | N104: 0 | O104: 0 | P104: 0 | Q104: 數量及單顆重量由設計提供
A105: 72 | B105: 陰井 | C105: 座 | D105: 25 | F105: =D105 -> 25 | L105: 4498.31 | M105: 0 | N105: 0 | O105: 0 | P105: 0
A106: 73 | B106: PP陰井 | C106: 座 | D106: 13 | F106: =D106 -> 13 | L106: 3353.5 | M106: 0 | N106: 0 | O106: 0 | P106: 0
A107: 74 | B107: 截水溝A型 | C107: M | D107: 9.8 | F107: =D107 -> 9.8 | L107: 9873.85 | M107: 0 | N107: 0 | O107: 0 | P107: 0
A108: 75 | B108: 截水溝B型 | C108: M | D108: 6.2 | F108: =D108 -> 6.2 | L108: 6554 | M108: 0 | N108: 0 | O108: 0 | P108: 0
A109: 76 | B109: 截水溝C型 | C109: M | D109: 3.3 | F109: =D109 -> 3.3 | L109: 8390.27 | M109: 0 | N109: 0 | O109: 0 | P109: 0
A110: 77 | B110: 草溝+∮4" HDPE透水管 | C110: M | D110: 40.6 | F110: =D110 -> 40.6 | L110: 671.95 | M110: 0 | N110: 0 | O110: 0 | P110: 0
A111: 78 | B111: ∮3"HDPE透水管 | C111: M | D111: 176.7 | F111: =D111 -> 176.7 | L111: 658.27 | M111: 0 | N111: 0 | O111: 0 | P111: 0
A112: 79 | B112: ∮4"HDPE透水管 | C112: M | D112: 251.7 | F112: =D112 -> 251.7 | L112: 730.37 | M112: 0 | N112: 0 | O112: 0 | P112: 0
A113: 80 | B113: ∮2"PVC排水管埋設 | C113: M | D113: 6.8 | F113: =D113 -> 6.8 | L113: 406.38 | M113: 0 | N113: 0 | O113: 0 | P113: 0
A114: 81 | B114: ∮4"PVC排水管埋設 | C114: M | D114: 44.2 | F114: =D114 -> 44.2 | L114: 457.88 | M114: 0 | N114: 0 | O114: 0 | P114: 0
A115: 82 | B115: ∮4B(厚管)"PVC排水管埋設 | C115: M | D115: 10.7 | F115: =D115 -> 10.7 | L115: 499.08 | M115: 0 | N115: 0 | O115: 0 | P115: 0
A116: 83 | B116: ∮6"PVC排水管埋設 | C116: M | D116: 62.5 | F116: =D116 -> 62.5 | L116: 545.82 | M116: 0 | N116: 0 | O116: 0 | P116: 0
A117: 84 | B117: 淺溝 | C117: M | D117: 84.8 | F117: =D117 -> 84.8 | L117: 7340.02 | M117: 0 | N117: 0 | O117: 0 | P117: 0
A118: 85 | B118: 雨水回收槽 | C118: 座 | D118: 2 | F118: 2 | G118: ='數量計算(FOR4變)'!I178 -> 3 | H118: =G118-D118 -> 1 | I118: =704273.82+1255553.18+1277917.6-(L118*D118) -> 1411132.2 | L118: 913306.18 | M118: 0 | N118: 0 | O118: 0 | P118: 0 | Q118: 依本案《公共設施用地開發保水檢核定稿版》
A119: (三) | B119: 橋梁工程 | C119: 式 | D119: 1 | L119: 45369260 | M119: 1 | N119: 1 | O119: 2140143.9 | P119: 22212626
A120: 1 | B120: 構造物回填，回填及夯實(實際) | C120: C.M3 | D120: 185.59 | E120: 928.51 | F120: =E120 -> 928.51 | L120: 320.72 | M120: 0 | N120: 839.39 | O120: 0 | P120: 269209.16
A121: 2 | B121: 結構用混凝土，預拌，140kgf/cm2 | C121: M3 | D121: 26.33 | F121: =D121 -> 26.33 | L121: 3114.97 | M121: 0 | N121: 17.24 | O121: 0 | P121: 53702.08
A122: 3 | B122: 結構用混凝土，預拌，210kgf/cm2 | C122: M3 | D122: 36.86 | F122: =D122 -> 36.86 | L122: 3320.96 | M122: 0 | N122: 0 | O122: 0 | P122: 0
A123: 4 | B123: 結構用混凝土，預拌，280kgf/cm2 | C123: M3 | D123: 654.83 | F123: =D123 -> 654.83 | L123: 3643.53 | M123: 0 | N123: 276.71 | O123: 0 | P123: 1008201.2
A124: 5 | B124: 鋼筋，SD280W | C124: KG | D124: 6240.88 | F124: =D124 -> 6240.88 | L124: 36.4 | M124: 0 | N124: 0 | O124: 0 | P124: 0
A125: 6 | B125: 鋼筋，SD420W | C125: KG | D125: 102796.95 | F125: =D125 -> 102796.95 | L125: 38.71 | M125: 0 | N125: 62095 | O125: 0 | P125: 2403697.5
A126: 7 | B126: 清水模板，甲種 | C126: M2 | D126: 223.3 | F126: =D126 -> 223.3 | L126: 1154.91 | M126: 0 | N126: 0 | O126: 0 | P126: 0
A127: 8 | B127: 清水模板，乙種 | C127: M2 | D127: 450.04 | F127: =G127 -> 484.314 | G127: ='數量計算(FOR4變)'!I215 -> 484.314 | H127: =G127-D127 -> 34.274 | I127: =ROUND(H127*L127,2) -> 33688.94 | L127: 982.93 | M127: 0 | N127: 447.02 | O127: 0 | P127: 439389.37 | Q127: 還沒做完要變更數量嗎?
A128: 9 | B128: 普通模板，乙種 | C128: M2 | D128: 28.27 | F128: =G128 -> 42.535 | G128: ='數量計算(FOR4變)'!I220 -> 42.535 | H128: =G128-D128 -> 14.265 | I128: =ROUND(H128*L128,2) -> 11479.76 | L128: 804.75 | M128: 0 | N128: 27 | O128: 0 | P128: 21728.25 | Q128: 還沒做完要變更數量嗎?
A129: 10 | B129: 耐候鋼，A242 | C129: kg | D129: 25655 | F129: =D129 -> 25655 | L129: 75 | M129: 0 | N129: 0 | O129: 0 | P129: 0
...

Sheet 契約
A1: 臺北市政府工務局水利工程處
A2: 詳 細 價 目 表
A4: 工程名稱：磺港溪再造C段護岸及步道整建工程(三合橋至奇岩抽水站)
A5: 施工地點：北投磺港溪 | F5: 工程編號：111 070020302 038 02
A6: 項次 | B6: 項 目 及 說 明 | C6: 單位 | D6: 數量 | E6: 單 價 | F6: 複 價 | G6: 備 註
A7: 壹 | B7: 發包工程費 | C7: 式 | D7: 1 | F7: 257600000
A8: 一 | B8: 工程費 | C8: 式 | D8: 1 | F8: 2.0448708e+08
A9: (一) | B9: 整備工程 | C9: 式 | D9: 1 | F9: 58782954
A10: 1.1.1 | B10: 機械拆除，瀝青混凝土，未含運費 | C10: M3 | D10: 720.24 | E10: 193.11 | F10: 139085.55 | G10: 0222010123 分析表1_x000D_
A11: 1.1.2 | B11: 機械拆除，鋼筋混凝土，未含運費 | C11: M3 | D11: 4813.44 | E11: 1046.16 | F11: 5035628.4 | G11: 0222010E23 分析表2_x000D_
A12: 1.1.3 | B12: 盤踞切割 | C12: M | D12: 1743 | E12: 6199.66 | F12: 10806007 | G12: 0222011101 #磺港路橋(奇岩抽水站旁)1533.9m、希冀橋208.6m
A13: 1.1.4 | B13: 基地及路幅開挖，未含運費，(機械挖，0.7～0.79m3開挖機) | C13: B.M3 | D13: 26370 | E13: 48.28 | F13: 1273143.6 | G13: 02321PWD05AB1 分析表3_x000D_
A14: 1.1.5 | B14: 瀝青混凝土面層刨除，刨除料運費 | C14: M3 | D14: 4726.67 | E14: 599.71 | F14: 2834631.3 | G14: 0296103003 分析表4_x000D_
A15: 1.1.6 | B15: 利用填方，含夯實 | C15: M3 | D15: 13120 | E15: 104.64 | F15: 1372876.8 | G15: 02931BDD101 分析表5_x000D_
A16: 1.1.7 | B16: 餘方遠運處理(台北港) | C16: B.M3 | D16: 13251 | E16: 1027.37 | F16: 13613680 | G16: 023235X46A 分析表6_x000D_ 僅含運費(運距約<20K)(土方管理費檢據核銷)
A17: 1.1.8 | B17: 餘方自行處理(房屋廢方，含水土保持) | C17: M3 | D17: 4601.44 | E17: 1084.98 | F17: 4992470.4 | G17: 0232340063a 分析表7_x000D_
A18: 1.1.9 | B18: 瀝青混凝土面層刨除，厚5cm，刨除機1.2m寬，含瀝青鋪面打毛(未含運費) | C18: M2 | D18: 2588.5 | E18: 30.45 | F18: 78819.83 | G18: 02961403321 分析表8_x000D_ #含瀝青鋪面打毛
A19: 1.1.10 | B19: 瀝青混凝土面層刨除，厚10cm，刨除機2.2m寬，未含運費 | C19: M2 | D19: 9177 | E19: 28.48 | F19: 261360.96 | G19: 0296190432 分析表9_x000D_
A20: 1.1.11 | B20: 切割瀝青混凝土或無筋混凝土，5cm≦切割深度＜10cm | C20: M | D20: 162.5 | E20: 65.4 | F20: 10627.5 | G20: 02220PWD00021 分析表10_x000D_
A21: 1.1.12 | B21: 清除及掘除，雜草雜木，含垃圾撿除，人工割 | C21: M2 | D21: 5217.7 | E21: 20.19 | F21: 105345.36 | G21: 0223109002 分析表11_x000D_
... A32: 1.1.23 | B32: 交通維持，道路管制人員，日間(06-22時)，義交 | C32: 時 | D32: 30800 | E32: 280 | F32: 8624000 | G32: L015566G01001 [人力工項不打折]
A33: (二) | B33: 土建景觀工程 | C33: 式 | D33: 1 | F33: 30807124
A34: 1.2.1 | B34: 構造物回填，回填及夯實(實際) | C34: C.M3 | D34: 1887.64 | E34: 320.72 | F34: 605403.9 | G34: 023174000A 分析表17_x000D_
A35: 1.2.2 | B35: 構造物回填，回填及夯實，人工夯實 | C35: C.M3 | D35: 402.21 | E35: 346.06 | F35: 139188.79 | G35: 0231740#M1 分析表18_x000D_
A36: 1.2.3 | B36: 鋼筋，SD280W | C36: KG | D36: 18865.76 | E36: 36.4 | F36: 686713.66 | G36: 0321040009z 分析表19_x000D_ 本項納入(鋼筋)物價指數調整
A37: 1.2.4 | B37: 結構用混凝土，預拌，140kgf/cm2 | C37: M3 | D37: 107.91 | E37: 3114.97 | F37: 336136.41 | G37: 0331023003 分析表20_x000D_
A38: 1.2.5 | B38: 結構用混凝土，預拌，210kgf/cm2 | C38: M3 | D38: 564.01 | E38: 3320.96 | F38: 1873054.6 | G38: 0331025003 分析表21_x000D_
A39: 1.2.6 | B39: 普通模板，丙種 | C39: M2 | D39: 1926.87 | E39: 533.61 | F39: 1028197.1 | G39: 0311011302z 分析表22_x000D_ U型構，集水井，排水箱涵等。本項納入(普通模板)物價指數調整
A40: 1.2.7 | B40: 清水模板，鋼模 | C40: M2 | D40: 301.33 | E40: 1299.82 | F40: 391674.76 | G40: 03110212A1a 分析表23_x000D_ 本項納入「金屬製品類」物價指數調整
A41: 1.2.8 | B41: 鍍鋅鋼料 | C41: KG | D41: 5991.34 | E41: 60 | F41: 359480.4 | G41: 05500R0009A 分析表24_x000D_ #本項納入「金屬製品類」物價指數調整
A42: 1.2.9 | B42: 金屬材料，鋼料，裁切加工銲製(工廠加工) | C42: KG | D42: 5991.34 | E42: 31.9 | F42: 191123.75 | G42: 050606B009
A43: 1.2.10 | B43: 結構用鋼材，銲接結構用軋鋼料，SM400B鋼構工程及製作、組立工程(含加勁板、續接板、螺絲、螺栓、螺帽等) | C43: KG | D43: 1180.03 | E43: 107.3 | F43: 126617.22 | G43: 0512540009A2 分析表25_x000D_ #本項納入「金屬製品類」物價指數調整
A44: 1.2.11 | B44: 透水磚紙模地坪 | C44: M2 | D44: 3879.21 | E44: 3092.69 | F44: 11997194 | G44: 0279400002 分析表26_x000D_
A45: 1.2.12 | B45: 梯形磚鋪面，149.5x(30,20)x8cmTH | C45: M2 | D45: 462.9 | E45: 3961.37 | F45: 1833718.2 | G45: 0278600342 分析表27_x000D_
... A118: 1.2.85 | B118: 雨水回收槽 | C118: 座 | D118: 2 | E118: 913306.18 | F118: 1826612.4 | G118: 0263121DWA 分析表99_x000D_ #
A119: (三) | B119: 橋梁工程 | C119: 式 | D119: 1 | F119: 40947246
A120: 1.3.1 | B120: 構造物回填，回填及夯實(實際) | C120: C.M3 | D120: 185.59 | E120: 320.72 | F120: 59522.42 | G120: 023174000A 分析表17_x000D_
A121: 1.3.2 | B121: 結構用混凝土，預拌，140kgf/cm2 | C121: M3 | D121: 26.33 | E121: 3114.97 | F121: 82017.16 | G121: 0331023003 分析表20_x000D_
A122: 1.3.3 | B122: 結構用混凝土，預拌，210kgf/cm2 | C122: M3 | D122: 36.86 | E122: 3320.96 | F122: 122410.59 | G122: 0331025003 分析表21_x000D_
A123: 1.3.4 | B123: 結構用混凝土，預拌，280kgf/cm2 | C123: M3 | D123: 654.83 | E123: 3643.53 | F123: 2385892.8 | G123: 0331027003 分析表100_x000D_
A124: 1.3.5 | B124: 鋼筋，SD280W | C124: KG | D124: 6240.88 | E124: 36.4 | F124: 227168.03 | G124: 0321040009z 分析表19_x000D_ 本項納入(鋼筋)物價指數調整
A125: 1.3.6 | B125: 鋼筋，SD420W | C125: KG | D125: 102796.95 | E125: 38.71 | F125: 3979269.9 | G125: 0321060035z 分析表101_x000D_ 本項納入(鋼筋)物價指數調整
A126: 1.3.7 | B126: 清水模板，甲種 | C126: M2 | D126: 223.3 | E126: 1154.91 | F126: 257891.4 | G126: 0311021102n 分析表102_x000D_ 橋面。本項納入(清水模板)物價指數調整
A127: 1.3.8 | B127: 清水模板，乙種 | C127: M2 | D127: 450.04 | E127: 982.93 | F127: 442357.82 | G127: 0311021202n 分析表103_x000D_ 場鑄結構混凝土用模板，(乙種，擋土牆，橋台，車行箱涵等)。本項納入(清水模板)物價指數調整
A128: 1.3.9 | B128: 普通模板，乙種 | C128: M2 | D128: 28.27 | E128: 804.75 | F128: 22750.28 | G128: 0311011202z 分析表104_x000D_ 擋土牆，橋台，車行箱涵等。本項納入(普通模板)物價指數調整
A129: 1.3.10 | B129: 耐候鋼，A242 | C129: kg | D129: 25655 | E129: 75 | F129: 1924125 | G129: 0512531009
A130: 1.3.11 | B130: 鍍鋅鋼料 | C130: KG | D130: 3691 | E130: 60 | F130: 221460 | G130: 05500R0009A 分析表24_x000D_ #本項納入「金屬製品類」物價指數調整
A131: 1.3.12 | B131: 金屬材料，鋼料，裁切加工銲製(工廠加工) | C131: KG | D131: 3691 | E131: 31.9 | F131: 117742.9 | G131: 050606B009
... A155: 1.3.36 | B155: 磺港路橋 | C155: 座 | D155: 1 | E155: 2066157 | F155: 2066157 | G155: 051211AB0B4 分析表122_x000D_
A156: (四) | B156: 河川工程 | C156: 式 | D156: 1 | F156: 24142856
A157: 1.4.1 | B157: 結構用混凝土，預拌，140kgf/cm2 | C157: M3 | D157: 22 | E157: 3114.97 | F157: 68529.34 | G157: 0331023003 分析表20_x000D_
A158: 1.4.2 | B158: 結構用混凝土，預拌，210kgf/cm2 | C158: M3 | D158: 302 | E158: 3320.96 | F158: 1002929.9 | G158: 0331025003 分析表21_x000D_
A159: 1.4.3 | B159: 結構用混凝土，預拌，280kgf/cm2 | C159: M3 | D159: 766 | E159: 3643.53 | F159: 2790944 | G159: 0331027003 分析表100_x000D_
A160: 1.4.4 | B160: 結構用混凝土，泵送及澆注費 | C160: M3 | D160: 1090 | E160: 199.99 | F160: 217989.1 | G160: 03310000Z5
A161: 1.4.5 | B161: 清水模板，乙種 | C161: M2 | D161: 1203 | E161: 982.93 | F161: 1182464.8 | G161: 0311021202n 分析表103_x000D_ 場鑄結構混凝土用模板，(乙種，擋土牆，橋台，車行箱涵等)。本項納入(清水模板)物價指數調整
A162: 1.4.6 | B162: 普通模板，乙種 | C162: M2 | D162: 393 | E162: 804.75 | F162: 316266.75 | G162: 0311011202z 分析表104_x000D_ 擋土牆，橋台，車行箱涵等。本項納入(普通模板)物價指數調整
A163: 1.4.7 | B163: 鋼筋，SD280W | C163: KG | D163: 13138 | E163: 36.4 | F163: 478223.2 | G163: 0321040009z 分析表19_x000D_ 本項納入(鋼筋)物價指數調整
A164: 1.4.8 | B164: 鋼筋，SD420W | C164: KG | D164: 15589 | E164: 38.71 | F164: 603450.19 | G164: 0321060035z 分析表101_x000D_ 本項納入(鋼筋)物價指數調整
A165: 1.4.9 | B165: 砌排石工，混凝土砌石 | C165: M2 | D165: 776 | E165: 2510.64 | F165: 1948256.6 | G165: 0238630502a 分析表123_x000D_ #卵石，厚30cm，含勾縫
A166: 1.4.10 | B166: 低水護岸，拋石，塊石，硬石 | C166: C.M3 | D166: 235 | E166: 3297.86 | F166: 774997.1 | G166: 02381A010Aa 分析表124_x000D_ #
A167: 1.4.11 | B167: 固床工，砌排石工，乾砌塊石 | C167: M2 | D167: 102 | E167: 2952.01 | F167: 301105.02 | G167: 0238630002 分析表125_x000D_ #
A168: 1.4.12 | B168: 抿石子 | C168: M2 | D168: 400 | E168: 1454.49 | F168: 581796 | G168: 0978200002 分析表126_x000D_
... A176: 1.4.20 | B176: 沉水式污物泵，SUS304不銹鋼，Q=0.3cms，D=300mm | C176: 台 | D176: 2 | E176: 5349708.3 | F176: 10699417 | G176: 015105350I
A177: (五) | B177: 下水道工程 | C177: 式 | D177: 1 | F177: 27512956
A178: 1.5.1 | B178: 結構用混凝土，預拌，140kgf/cm2 | C178: M3 | D178: 252 | E178: 3114.97 | F178: 784972.44 | G178: 0331023003 分析表20_x000D_
A179: 1.5.2 | B179: 結構用混凝土，預拌，210kgf/cm2 | C179: M3 | D179: 2490 | E179: 3320.96 | F179: 8269190.4 | G179: 0331025003 分析表21_x000D_
A180: 1.5.3 | B180: 控制性低強度回填材料及澆置 | C180: M3 | D180: 998 | E180: 1749.16 | F180: 1745661.7 | G180: 0337700003 分析表130_x000D_
A181: 1.5.4 | B181: 結構用混凝土，泵送及澆注費 | C181: M3 | D181: 3740 | E181: 199.99 | F181: 747962.6 | G181: 03310000Z5
A182: 1.5.5 | B182: 清水模板，乙種 | C182: M2 | D182: 3740 | E182: 982.93 | F182: 3676158.2 | G182: 0311021202n 分析表103_x000D_ 場鑄結構混凝土用模板，(乙種，擋土牆，橋台，車行箱涵等)。本項納入(清水模板)物價指數調整
A183: 1.5.6 | B183: 清水模板，丙種 | C183: M2 | D183: 38 | E183: 698.28 | F183: 26534.64 | G183: 0311021302n 分析表131_x000D_ 本項納入(清水木模)物價指數調整
A184: 1.5.7 | B184: 普通模板，乙種 | C184: M2 | D184: 783 | E184: 804.75 | F184: 630119.25 | G184: 0311011202z 分析表104_x000D_ 擋土牆，橋台，車行箱涵等。本項納入(普通模板)物價指數調整
A185: 1.5.8 | B185: 普通模板，丙種 | C185: M2 | D185: 300 | E185: 533.61 | F185: 160083 | G185: 0311011302z 分析表22_x000D_ U型構，集水井，排水箱涵等。本項納入(普通模板)物價指數調整
A186: 1.5.9 | B186: 鋼筋，SD280W | C186: KG | D186: 137462 | E186: 36.4 | F186: 5003616.8 | G186: 0321040009z 分析表19_x000D_ 本項納入(鋼筋)物價指數調整
A187: 1.5.10 | B187: 鋼筋，SD420W | C187: KG | D187: 116638 | E187: 38.71 | F187: 4515057 | G187: 0321060035z 分析表101_x000D_ 本項納入(鋼筋)物價指數調整
A188: 1.5.11 | B188: 鋼筋混凝土管(B型)，D=500mm，三級管，未含開挖回填 | C188: M | D188: 112 | E188: 2865.8 | F188: 320969.6 | G188: 026102C30A 分析表132_x000D_
A189: 1.5.12 | B189: 預鑄鋼筋混凝土基座(埋管用)，D=1000mm管用 | C189: 座 | D189: 47 | E189: 1477.97 | F189: 69464.59 | G189: 026100BD0H 分析表133_x000D_
... A196: 1.5.19 | B196: 塑膠包覆不銹鋼踏步，直徑=19mm | C196: 支 | D196: 44 | E196: 422.28 | F196: 18580.32 | G196: 05500h0R0A 分析表136_x000D_
A197: (六) | B197: 道路及附屬工程 | C197: 式 | D197: 1 | F197: 11413214
A198: 1.6.1 | B198: 瀝青混凝土舖面，粗粒料9.5mm，黏度AC(1)-20 | C198: M3 | D198: 230 | E198: 7517.15 | F198: 1728944.5 | G198: 0274205303 分析表137_x000D_
A199: 1.6.2 | B199: 瀝青混凝土舖面，粗粒料19.0mm，黏度AC(1)-20 | C199: M3 | D199: 689 | E199: 7496.55 | F199: 5165123 | G199: 0274203303 分析表138_x000D_
A200: 1.6.3 | B200: 路基整理 | C200: M2 | D200: 4589 | E200: 11.6 | F200: 53232.4 | G200: 0233600002 分析表139_x000D_
A201: 1.6.4 | B201: 瀝青透層，中凝油溶瀝青，MC-70 | C201: M2 | D201: 4589 | E201: 42.46 | F201: 194848.94 | G201: 0274512002 分析表140_x000D_
A202: 1.6.5 | B202: 瀝青黏層，快凝油溶瀝青，RC-70 | C202: M2 | D202: 13765 | E202: 15.96 | F202: 219689.4 | G202: 0274711002 分析表141_x000D_
A203: 1.6.6 | B203: 結構用混凝土，預拌，140kgf/cm2 | C203: M3 | D203: 49 | E203: 3114.97 | F203: 152633.53 | G203: 0331023003 分析表20_x000D_
A204: 1.6.7 | B204: 結構用混凝土，預拌，210kgf/cm2 | C204: M3 | D204: 328 | E204: 3320.96 | F204: 1089274.9 | G204: 0331025003 分析表21_x000D_
A205: 1.6.8 | B205: 結構用混凝土，泵送及澆注費 | C205: M3 | D205: 377 | E205: 199.99 | F205: 75396.23 | G205: 03310000Z5
A206: 1.6.9 | B206: 清水模板，丙種 | C206: M2 | D206: 867 | E206: 698.28 | F206: 605408.76 | G206: 0311021302n 分析表131_x000D_ 本項納入(清水木模)物價指數調整
A207: 1.6.10 | B207: 普通模板，丙種 | C207: M2 | D207: 1257 | E207: 533.61 | F207: 670747.77 | G207: 0311011302z 分析表22_x000D_ U型構，集水井，排水箱涵等。本項納入(普通模板)物價指數調整
A208: 1.6.11 | B208: 鋼筋，SD280W | C208: KG | D208: 12810 | E208: 36.4 | F208: 466284 | G208: 0321040009z 分析表19_x000D_ 本項納入(鋼筋)物價指數調整
A209: 1.6.12 | B209: 鍍鋅格柵蓋板，(框53.6cm，蓋45cm)，細目型 | C209: 組 | D209: 158 | E209: 3615.1 | F209: 571185.8 | G209: 0553062008 分析表142_x000D_ #本項納入「金屬製品類」物價指數調整
... A211: 1.6.14 | B211: 伸縮縫 | C211: M | D211: 155 | E211: 138.84 | F211: 21520.2 | G211: 0315030001 分析表41_x000D_
A212: (七) | B212: 植栽工程 | C212: 式 | D212: 1 | F212: 441541.64
A213: 1.7.1 | B213: 植栽，客土，砂質壤土 | C213: C.M3 | D213: 1 | E213: 704.48 | F213: 704.48 | G213: 02900B100C 分析表144_x000D_ 穴孔：D=20CM， H=20CM
A214: 1.7.2 | B214: 植栽，透氣管，HDPE | C214: 支 | D214: 1 | E214: 399.98 | F214: 399.98 | G214: 02900U105A #保護樹、移植喬木
A215: 1.7.3 | B215: 移植，喬木類移植，5≦米高直徑<10cm | C215: 株 | D215: 1 | E215: 3569.75 | F215: 3569.75 | G215: 029051300A 分析表145_x000D_ #保活一年
A216: 1.7.4 | B216: 移植，喬木類移植，10cm≦米高直徑＜15cm | C216: 株 | D216: 1 | E216: 4082.87 | F216: 4082.87 | G216: 029051400A 分析表146_x000D_ 保活一年
A217: 1.7.5 | B217: 移植，喬木類移植，15cm≦米高直徑＜20cm | C217: 株 | D217: 1 | E217: 7408.14 | F217: 7408.14 | G217: 029051500A 分析表147_x000D_ 保活一年
A218: 1.7.6 | B218: 移植，喬木類移植，20cm≦米高直徑＜25cm | C218: 株 | D218: 1 | E218: 10318.74 | F218: 10318.74 | G218: 029051600A 分析表148_x000D_ 保活一年
A219: 1.7.7 | B219: 移植，喬木類移植，25cm≦米高直徑＜30cm | C219: 株 | D219: 1 | E219: 15163.34 | F219: 15163.34 | G219: 029051700A 分析表149_x000D_ #保活一年
A220: 1.7.8 | B220: 移植，喬木類移植，30cm≦米高直徑＜35cm | C220: 株 | D220: 1 | E220: 21801.91 | F220: 21801.91 | G220: 029051800A 分析表150_x000D_ 保活一年
...

Sheet 數量計算(勇哥)
A1: 臺北市政府工務局水利工程處
A2: 數量計算書
A3: 工程名稱：磺港溪再造C段護岸及步道整建工程(三合橋至奇岩抽水站)
A4: 施工地點：北投磺港溪 | F4: 工程編號：111 070020302 038 02
A5: 項次 | B5: 項目及說明 | C5: 單位 | D5: 原契約數量 | E5: 變更後數量 | F5: 計算式 | H5: 113/7施作數量 | I5: 合計 | M5: 113/7累計計價數量 | N5: 尚未計價 | O5: 113/8數量=
A6: 壹 | B6: 發包工程費 | C6: 式 | D6: 1
A7: 一 | B7: 工程費 | C7: 式 | D7: 1
A8: (一) | B8: 整備工程 | C8: 式 | D8: 1
A9: 1.1.1 | B9: 機械拆除，瀝青混凝土，未含運費 | C9: M3 | D9: 720.24 | F9: 緣石邊及人孔處(河.LT000~290+RT000~060) | G9: =(290*2*0.15*0.2+12*5*0.15*0.2)+(53*2*0.14*0.2+3*4*0.15*0.2) | H9: =(290*2*0.15*0.2+12*5*0.15*0.2)+(53*2*0.15*0.2+3*4*0.14*0.2) -> 22.716 | I9: =SUM(H9:H13) -> 200.247 | M9: 123.7 | N9: =I9-M9 -> 76.547
F10: 既有磺港橋橋面 | G10: =27.2*10.5*0.25 | H10: =27.2*10.5*0.25 -> 71.4
F11: 既有磺港橋南側 | G11: =11.5*(7.5+4.5)/2*0.23 | H11: =11.5*(7.5+4.5)/2*0.23 -> 15.87
F12: 自行車道AC打除(圖說面積尚未檢核) | G12: (77.5+169.3+170.9+49.4)*0.15 | H12: =(77.5+169.3+170.9+49.4)*0.15 -> 70.065
F13: 抽水站旁 | G13: =10.8*(7.5+9.5)/2*0.22 | H13: =10.8*(7.5+9.5)/2*0.22 -> 20.196
A15: 1.1.2 | B15: 機械拆除，鋼筋混凝土，未含運費 | C15: M3 | D15: 4813.44 | F15: 路側RC護欄(河.LT000~290+RT000~060) | G15: =(1.2*0.5*8*39)+(1.2*0.5*8*7) | H15: =(1.2*0.5*8*39)+(1.2*0.5*8*7) -> 220.8 | I15: =SUM(H15:H34) -> 4091.1705 | M15: 4069.6 | N15: =I15-M15 -> 21.570509
F16: 磺港橋(橋面及護欄+I梁+橫隔樑+帽梁+中墩柱) | G16: ((27.2*10.3*0.3+0.3*1.1*27.2*2)+(13.2*1.25*0.6*7*2)+(6.8*1.25*0.5*7)+(((1.9+0.8)/2*1.2*7.8)+1.9*2.5*1.2)+((1.25*1.25*3.14*3.6))) | H16: =((27.2*10.3*0.3+0.3*1.1*27.2*2)+(13.2*1.25*0.6*7*2)+(6.8*1.25*0.5*7)+(((1.9+0.8)/2*1.2*7.8)+1.9*2.5*1.2)+((1.25*1.25*3.14*3.6))) -> 306.3485
F17: 橋台+基礎+進橋台 | G17: (10.3*1.8*4.2+10.3*1.8*2.8)*2+(10.3*2.8*1.8)*2+((60.65*(3.9+2.2)/2*0.55)+(10.3*3.9*0.6)) | H17: =(10.3*1.8*4.2+10.3*1.8*2.8)*2+(10.3*2.8*1.8)*2+((60.65*(3.9+2.2)/2*0.55)+(10.3*3.9*0.6)) -> 489.22638
F18: 既有橋北側堤牆(含基礎)+既有河道底(含新舊河道銜接段) | G18: ((3.75*(0.3+0.6)/2*63.7)+(5.5*0.85*63.7))+(26.8*7*0.6+18.5*7*0.35) | H18: =((3.75*(0.3+0.6)/2*63.7)+(5.5*0.85*63.7))+(26.8*7*0.6+18.5*7*0.35) -> 563.17625
F19: 人行橋+橋台+基礎+既有河道底+樓梯 | G19: ((19.3*0.52*0.8*4)+(19.3*7.2*0.3)+(6.8*2.2*0.8*2)+(9.5*3*0.8+9.5*1.8*0.3)+(17.8*0.55*2.8*2)) | H19: =((19.3*0.52*0.8*4)+(19.3*7.2*0.3)+(6.8*2.2*0.8*2)+(9.5*3*0.8+9.5*1.8*0.3)+(17.8*0.55*2.8*2)) -> 180.4932
F20: 既有人行道(路.S120~200+河.LT017~280+河.RT005~280含護欄柱) | G20: ((0.9*0.25*80)+(1.25*0.25*263)+(1.15*0.2*263+0.5*0.5*1.05*31)) | H20: =((0.9*0.25*80)+(1.25*0.25*263)+(1.15*0.2*263+0.5*0.5*1.05*31)) -> 168.815
F21: 既有台電(路N.河.LT017~280含手孔) | G21: ((1.1*0.8-(0.04*0.04*3.14*6))*263+(1.15*5)) | H21: =((1.1*0.8-(0.04*0.04*3.14*6))*263+(1.15*5)) -> 229.26213
F22: 既有箱涵+閘門平台 | G22: ((2.1*2.4)-(1.5*1.75))*25.7+(2.1*1.25*0.6) | H22: =((2.1*2.4)-(1.5*1.75))*25.7+(2.1*1.25*0.6) -> 63.6405
F23: 新舊河道銜接段既有堤牆 | G23: ((3.75*(0.3+0.6)/2*35.65)+(5.5*0.85*35.65)) | H23: =((3.75*(0.3+0.6)/2*35.65)+(5.5*0.85*35.65)) -> 226.82312
F24: 河.070處樓梯+既有牆 | G24: ((3.75*(0.3+0.6)/2*6.7)+(2.1*0.6*18.7)+(0.35*1.5*18.7)+(0.35*3.75*3.2)) | H24: =((3.75*(0.3+0.6)/2*6.7)+(2.1*0.6*18.7)+(0.35*1.5*18.7)+(0.35*3.75*3.2)) -> 48.88575
F25: 既有排水溝(含蓋板)(路.N130~420) | G25: (277.6*0.525) | H25: =(277.6*0.525) -> 145.74
F26: 既有管涵+集水井 | G26: (1.1*0.35*196.3)+((0.38*0.38*3.14-0.3*0.3*3.14)*196.3)+2.85*2 | H26: =(1.1*0.35*196.3)+((0.38*0.38*3.14-0.3*0.3*3.14)*196.3)+2.85*2 -> 114.80668
F27: 公園步道及鋪面(圖說面積尚未檢核) | G27: (401.1+1104.5+1276+169.3+767.7+52.1)*0.3 | H27: =(401.1+1104.5+1276+169.3+767.7+52.1)*0.3 -> 1131.21
F28: 自行車道基礎(圖說面積尚未檢核) | G28: (77.5+169.3+170.9+49.4)*0.25 | H28: =(77.5+169.3+170.9+49.4)*0.25 -> 116.775
F29: 綠帶槽緣石+石椅(尚未檢核) | G29: ((112.1+241.1+229.5+0+60.8+0)*0.033)+((3+8+5.7+2.9)*0.5*0.75) | H29: =((112.1+241.1+229.5+0+60.8+0)*0.033)+((3+8+5.7+2.9)*0.5*0.75) -> 28.5855
F30: 河.260~280處既有基礎+路燈基礎 | G30: (0.8*(0.75+0.35)/2*18.2)+(0.8*0.8*1.45*7) | H30: =(0.8*(0.75+0.35)/2*18.2)+(0.8*0.8*1.45*7) -> 14.504
F31: 單孔000~064(清江+2處過路堤牆+抽水井處) | G31: (0.25*1.65*39)+((3.5*(0.3+0.6)/2*5.6)+(2.1*0.6*2.3))+(6.2*5.3*0.35+2.1*2.2*0.6) | H31: =(0.25*1.65*39)+((3.5*(0.3+0.6)/2*5.6)+(2.1*0.6*2.3))+(6.2*5.3*0.35+2.1*2.2*0.6) -> 42.0785
A35: 1.1.3 | B35: 盤踞切割 | C35: M | D35: 1743 | F35: 磺港橋(橋面及護欄+I梁+橫隔樑+帽梁+墩柱) | G35: =(27.2*16+10.5*6)+(1.25*6*12*5)+(2.3*6*7*2)+(3.8*6+5.2*8)+(2.5*3.14*6) | H35: =(27.2*16+10.5*6)+(1.25*6*12*5)+(2.3*6*7*2)+(3.8*6+5.2*8)+(2.5*3.14*6) -> 1252.9 | I35: =SUM(H35:H37) -> 1747.3 | M35: 1741.3 | N35: =I35-M35 -> 6
F36: 人行橋(希冀橋)含下方基礎 | G36: =18*12+8.5*4+(1.1*6*12*3+0.8)+(3*2) | H36: =18*12+8.5*4+(1.1*6*12*3+0.8)+(3*2) -> 494.4
A38: 1.1.4 | B38: 基地及路幅開挖，未含運費，(機械挖，0.7～0.79m3開挖機) | C38: B.M3 | D38: 26370 | E38: 28009.56 | F38: 新設河道斷面計算(尚未檢核) | G38: 新設河道斷面計算 | H38: 26370 | I38: =SUM(H38:H41) -> 28009.56 | M38: 25080 | N38: =I38-M38 -> 2929.56
F39: 磺港橋及希冀橋橋台清障開挖+單孔過路段及清江公園 | G39: ((5*6*6.5*2)+(13*3.5*6.8)+(3.2*8.5*1.6))+((747.2+149.44)) | H39: =((5*6*6.5*2)+(13*3.5*6.8)+(3.2*8.5*1.6))+((747.2+149.44)) -> 1639.56
A42: 1.1.5 | B42: 瀝青混凝土面層刨除，刨除料運費 | C42: M3 | D42: 4726.67 | F42: 既有道路(路.S145~200+路.N140~420) | G42: (7.5*55*0.24)+(9.6*37*0.25)+(7.1*243*0.24) | H42: =(7.5*55*0.24)+(9.6*37*0.25)+(7.1*243*0.24) -> 601.872 | I42: =SUM(H42:H44) -> 601.872 | M42: 569.4 | N42: =I42-M42 -> 32.472
A45: 1.1.6 | B45: 利用填方，含夯實 | C45: M3 | D45: 13120 | F45: 磺港橋及希冀橋基樁區回填 | G45: (16.5*9.2*4.6+21.2*4.7*4.2)+(11.2*3.2*4.6)+(9.5*3.5*2.9) | H45: =(16.5*9.2*4.6+21.2*4.7*4.2)+(11.2*3.2*4.6)+(9.5*3.5*2.9) -> 1378.057 | I45: =SUM(H45:H51) -> 3967.777 | M45: 2172 | N45: =I45-M45 -> 1795.777
F46: 新設LT堤牆(L=52.3M)回填 | G46: (0.8*4.5*52.3)+(1.2*4.5*52.3) | H46: =(0.8*4.5*52.3)+(1.2*4.5*52.3) -> 470.7
F47: 砌石RT植栽槽回填(面積尚未檢核) | G47: 381.5*0.8 | H47: =381.5*0.8 -> 305.2
F48: 單孔箱涵過路段及清江公園 | G48: (0.8*1.9*2*23+3.4*2.7*23)+(0.8*2.1*2*41) | H48: =(0.8*1.9*2*23+3.4*2.7*23)+(0.8*2.1*2*41) -> 418.82
F49: 單孔箱涵064~300
F50: 雙孔箱涵000~280 | G50: 113/8數量=775*1.8 | H50: =775*1.8 -> 1395
A52: 1.1.7 | B52: 餘方遠運處理(台北港) | C52: B.M3 | D52: 13251 | F52: 統計聯單 | G52: 統計聯單 | H52: 10404 | I52: =H52 -> 10404 | M52: 10404 | N52: =I52-M52 -> 0
A53: 1.1.8 | B53: 餘方自行處理(房屋廢方，含水土保持) | C53: M3 | D53: 4601.44
A54: 1.1.9 | B54: 瀝青混凝土面層刨除，厚5cm，刨除機1.2m寬，含瀝青鋪面打毛(未含運費) | C54: M2 | D54: 2588.5
A56: 1.1.10 | B56: 瀝青混凝土面層刨除，厚10cm，刨除機2.2m寬，未含運費 | C56: M2 | D56: 9177 | F56: 既有道路(路.S145~200+路.N140~420) | G56: (7.5*55*2.5)+(9.6*37*2.5)+(7.1*243*2.5) | H56: =(7.5*55*2.5)+(9.6*37*2.5)+(7.1*243*2.5) -> 6232.5 | I56: =H56 -> 6232.5 | M56: 4745 | N56: =I56-M56 -> 1487.5
A58: 1.1.11 | B58: 切割瀝青混凝土或無筋混凝土，5cm≦切割深度＜10cm | C58: M | D58: 162.5 | F58: 既有道路(路.S120.S200.N130.N420處) | G58: (27.9+9.6+7.5+7.1) | H58: =(27.9+9.6+7.5+7.1) -> 52.1 | I58: =H58 -> 52.1 | M58: 0 | N58: =I58-M58 -> 52.1
A60: 1.1.12 | B60: 清除及掘除，雜草雜木，含垃圾撿除，人工割 | C60: M2 | D60: 5217.7 | F60: 環境清整公園面積(面積尚未檢核) | G60: 環境清整公園面積 | H60: 3637 | I60: =H60 -> 3637 | M60: 3637 | N60: =I60-M60 -> 0
A62: 1.1.13 | B62: 垃圾及廢棄物(以體積計)清運 | C62: M3 | D62: 782.66 | F62: 統計聯單 | G62: 統計聯單.113/8數量=14 | H62: =61+14 -> 75 | I62: =H62 -> 75 | M62: 61 | N62: =I62-M62 -> 14
A63: 1.1.14 | B63: 節塊吊放 | C63: 次 | D63: 425 | F63: 既有磺港橋(橋面+I梁+橫隔樑+帽梁+墩柱)+既有人行橋(希冀橋) | G63: 425 | H63: 425 | I63: =H63 -> 425 | M63: 425 | N63: =I63-M63 -> 0
A64: 1.1.15 | B64: 機械拆除，工地雜項拆除清理，欄杆，含運費 | C64: M | D64: 255.5 | F64: 既有道路(路.S145~180LT+S145~180RT+路.N140~420LT) | G64: 35+(55-0.5*7)+(27*8+6.5+5.3) | H64: =35+(55-0.5*7)+(27*8+6.5+5.3) -> 314.3 | I64: =H64 -> 314.3 | M64: 176 | N64: =I64-M64 -> 138.3
A67: 1.1.16 | B67: 土方運送(百齡抽水站) | C67: 趟 | D67: 2204 | F67: 統計聯單 | G67: 統計聯單.113/8數量=306 | H67: =1633+306 -> 1939 | I67: =H67 -> 1939 | M67: 1633 | N67: =I67-M67 -> 306
A68: 1.1.17 | B68: 既有路燈拆除繳回 | C68: 盞 | D68: 66 | F68: 高柱單盞9盞、矮柱單盞12盞、 矮柱雙盞22盞 | G68: 9+12+22*2 | H68: =9+12+22*2 -> 65 | I68: =H68 -> 65 | M68: 65 | N68: =I68-M68 -> 0
A69: 1.1.18 | B69: 座椅拆除繳回 | C69: 座 | D69: 18 | G69: (2+7+6+3) | H69: 18 | I69: =H69 -> 18 | M69: 14 | N69: =I69-M69 -> 4
A70: 1.1.19 | B70: 解說牌拆除 | C70: 座 | D70: 4 | I70: =H70 -> 0 | M70: 0 | N70: =I70-M70 -> 0
A71: 1.1.20 | B71: 自行車架拆除 | C71: 座 | D71: 20 | F71: 自行車架拆除20座 | H71: 20 | I71: =H71 -> 20 | M71: 0 | N71: =I71-M71 -> 20
A72: 1.1.21 | B72: 交通牌誌拆除 | C72: 座 | D72: 15 | F72: 既有磺港橋 | G72: 10 | H72: 10 | I72: =H72 -> 10 | M72: 10 | N72: =I72-M72 -> 0
A74: 1.1.22 | B74: 既有水利設施拆除及運送 | C74: 式 | D74: 1 | F74: 閘門及既有水利設施 | H74: 1 | I74: =H74 -> 1 | M74: 1 | N74: =I74-M74 -> 0
A75: 1.1.23 | B75: 交通維持，道路管制人員，日間(06-22時)，義交 | C75: 時 | D75: 30800 | F75: 統計單據 | G75: 統計單據.113/8數量=3220 | H75: =14761+3220 -> 17981 | I75: =H75 -> 17981 | M75: 14761 | N75: =I75-M75 -> 3220
A76: 1.1.24 | B76: 表土清除，堆置，及回填費，t=30cm | C76: M2 | E76: 2150 | F76: 百齡暫置場整地 | G76: 2150 | H76: 2150 | I76: =H76 -> 2150 | M76: 2150 | N76: =I76-M76 -> 0
A77: 1.1.25 | B77: 餘土分類處理 | C77: 日 | E77: 111 | F77: 實際施作統計日報 | G77: 實際施作統計日報 | H77: 86 | I77: =H77 -> 86 | M77: 86 | N77: =I77-M77 -> 0
A78: (二) | B78: 土建景觀工程 | C78: 式 | D78: 1
A79: 1.2.1 | B79: 構造物回填，回填及夯實(實際) | C79: C.M3 | D79: 1887.64 | M79: 0
A80: 1.2.2 | B80: 構造物回填，回填及夯實，人工夯實 | C80: C.M3 | D80: 402.21 | M80: 0
A81: 1.2.3 | B81: 鋼筋，SD280W | C81: KG | D81: 18865.76 | M81: 0
A82: 1.2.4 | B82: 結構用混凝土，預拌，140kgf/cm2 | C82: M3 | D82: 107.91 | M82: 0
A83: 1.2.5 | B83: 結構用混凝土，預拌，210kgf/cm2 | C83: M3 | D83: 564.01 | M83: 0
A84: 1.2.6 | B84: 普通模板，丙種 | C84: M2 | D84: 1926.87 | M84: 0
A85: 1.2.7 | B85: 清水模板，鋼模 | C85: M2 | D85: 301.33 | M85: 0
A86: 1.2.8 | B86: 鍍鋅鋼料 | C86: KG | D86: 5991.34 | M86: 0
A87: 1.2.9 | B87: 金屬材料，鋼料，裁切加工銲製(工廠加工) | C87: KG | D87: 5991.34 | M87: 0
A88: 1.2.10 | B88: 結構用鋼材，銲接結構用軋鋼料，SM400B鋼構工程及製作、組立工程(含加勁板、續接板、螺絲、螺栓、螺帽等) | C88: KG | D88: 1180.03 | M88: 0
A89: 1.2.11 | B89: 透水磚紙模地坪 | C89: M2 | D89: 3879.21 | M89: 0
A90: 1.2.12 | B90: 梯形磚鋪面，149.5x(30,20)x8cmTH | C90: M2 | D90: 462.9 | M90: 0
... A114: 1.2.36 | B114: 草地座階 | C114: M | D114: 30.1 | M114: 0
A115: 1.2.37 | B115: 砌石擋牆A | C115: M | D115: 31.2 | F115: 現場丈量(尚未完成) | G115: 23.8 | H115: 21 | I115: 21 | M115: 21 | N115: =I115-M115 -> 0
A116: 1.2.38 | B116: 砌石擋牆B | C116: M | D116: 17.9 | F116: 現場丈量(尚未完成) | G116: 19.8 | H116: 15 | I116: 15 | M116: 15 | N116: =I116-M116 -> 0
A117: 1.2.39 | B117: 鋼板擋牆 | C117: M | D117: 19.6 | I117: =H117 -> 0 | M117: 0 | N117: =I117-M117 -> 0
A118: 1.2.40 | B118: 擋牆b’型 | C118: M | D118: 24.9 | M118: 0
A119: 1.2.41 | B119: 擋牆c’型 | C119: M | D119: 3.5 | M119: 0
A120: 1.2.42 | B120: 樓梯E | C120: 座 | D120: 1 | M120: 0
A121: 1.2.43 | B121: 樓梯G | C121: 座 | D121: 1 | M121: 0
A122: 1.2.44 | B122: 樓梯H | C122: 座 | D122: 1 | M122: 0
A123: 1.2.45 | B123: 樓梯J | C123: 座 | D123: 1 | M123: 0
A124: 1.2.46 | B124: 樓梯K | C124: 座 | D124: 1 | M124: 0
A125: 1.2.47 | B125: 欄杆B | C125: M | D125: 149.5 | M125: 0
A126: 1.2.48 | B126: 欄杆C | C126: M | D126: 39.3 | M126: 0
A127: 1.2.49 | B127: 護欄b | C127: M | D127: 51.3 | M127: 0
A128: 1.2.50 | B128: 地圖牌 | C128: 座 | D128: 1 | M128: 0
A129: 1.2.51 | B129: 全區導覽牌 | C129: 座 | D129: 2 | M129: 0
... A163: 1.2.85 | B163: 雨水回收槽 | C163: 座 | D163: 2 | M163: 0
A164: (三) | B164: 橋梁工程 | C164: 式 | D164: 1
A165: 1.3.1 | B165: 構造物回填，回填及夯實(實際) | C165: C.M3 | D165: 185.59 | E165: 928.51 | F165: 既有路橋及人行橋橋台清障回填 | G165: ((5*6*6.5*2)+(13*3.5*6.8)+(3.2*8.5*1.6)) | H165: =((5*6*6.5*2)+(13*3.5*6.8)+(3.2*8.5*1.6)) -> 742.92 | I165: =SUM(H165:H167) -> 839.39 | M165: 327 | N165: =I165-M165 -> 512.39
F166: 新設磺港橋及希冀橋(A2)橋台回填 | G166: (14.35*0.8*1.25+14.35*0.8*2.75+15*0.8*2.75)+((5.1+1.92)*2*1.25) | H166: =(14.35*0.8*1.25+14.35*0.8*2.75+15*0.8*2.75)+((5.1+1.92)*2*1.25) -> 96.47
A168: 1.3.2 | B168: 結構用混凝土，預拌，140kgf/cm2 | C168: M3 | D168: 26.33 | F168: 磺港橋橋台 | G168: (15.2*1.9*0.1)+(14.55*1.9*0.1) | H168: =(15.2*1.9*0.1)+(14.55*1.9*0.1) -> 5.6525 | I168: =SUM(H168:H173) -> 10.21146 | M168: 17.24 | N168: =I168-M168 -> -7.02854
F169: 希冀橋橋台 | G169: (3.08*4.87*0.1)+(3.7*1.7*0.1) | H169: =(3.08*4.87*0.1)+(3.7*1.7*0.1) -> 2.12896
F170: 橋台下方擋土牆 | G170: (16.2*1.5*0.1) | H170: =16.2*1.5*0.1 -> 2.43
F171: 晶化地坪、希冀橋人行道引道
A174: 1.3.3 | B174: 結構用混凝土，預拌，210kgf/cm2 | C174: M3 | D174: 36.86 | F174: 希冀橋無障礙警示帶、希冀橋人行道引道、透空步道混凝土踏階 | I174: =H174 -> 0 | M174: 0 | N174: =I174-M174 -> 0
A175: 1.3.4 | B175: 結構用混凝土，預拌，280kgf/cm2 | C175: M3 | D175: 654.83 | F175: 磺港橋橋台(含防震塊) | G175: ((14.35+15.2)*1.15*1.5)+((14.35+15.2)*1.5*0.5)+((14.35+15.2)*(0.42*0.3+0.4*0.42/2))+(2.2*0.45*0.75*14) | H175: =((14.35+15.2)*1.15*1.5)+((14.35+15.2)*1.5*0.5)+((14.35+15.2)*(0.42*0.3+0.4*0.42/2))+(2.2*0.45*0.75*14) -> 89.73675 | I175: =SUM(H175:H182) -> 260.30067 | M175: 200.13 | N175: =I175-M175 -> 60.170665
F176: 希冀橋橋台(含防震塊) | G176: ((2.88*4.67*1.15)+(0.5*1*(1.88+1+1.8+2.67)))+((1.5*3.5*1.15)+(0.5*3.5*1)+(0.3*1*2)+(3.5*(0.42*0.3+0.4*0.42/2))+(2.1*0.45*0.75*4)) | H176: =((2.88*4.67*1.15)+(0.5*1*(1.88+1+1.8+2.67)))+((1.5*3.5*1.15)+(0.5*3.5*1)+(0.3*1*2)+(3.5*(0.42*0.3+0.4*0.42/2))+(2.1*0.45*0.75*4)) -> 31.09954
...

Sheet 數量計算(FOR4變)
A1: 臺北市政府工務局水利工程處
A2: 數量計算書
A3: 工程名稱：磺港溪再造C段護岸及步道整建工程(三合橋至奇岩抽水站)
A4: 施工地點：北投磺港溪 | F4: 工程編號：111 070020302 038 02
A5: 項次 | B5: 項目及說明 | C5: 單位 | D5: 原契約數量 | E5: 變更後數量 | F5: 計算式 | H5: 數量小計 | I5: 實作數量合計 | J5: 應追加數量
A6: 壹 | B6: 發包工程費 | C6: 式 | D6: 1
A7: 一 | B7: 工程費 | C7: 式 | D7: 1
A8: (一) | B8: 整備工程 | C8: 式 | D8: 1
A9: 1.1.1 | B9: 機械拆除，瀝青混凝土，未含運費 | C9: M3 | D9: 720.24 | F9: 緣石邊及人孔處(河.LT000~290+RT000~060) | G9: =(290*2*0.15*0.2+12*5*0.15*0.2)+(53*2*0.14*0.2+3*4*0.15*0.2) | H9: =(290*2*0.15*0.2+12*5*0.15*0.2)+(53*2*0.15*0.2+3*4*0.14*0.2) -> 22.716 | I9: =SUM(H9:H13) -> 200.247 | J9: 尚未完成
F10: 既有磺港橋橋面 | G10: =27.2*10.5*0.25 | H10: =27.2*10.5*0.25 -> 71.4
F11: 既有磺港橋南側 | G11: =11.5*(7.5+4.5)/2*0.23 | H11: =11.5*(7.5+4.5)/2*0.23 -> 15.87
F12: 自行車道AC打除(圖說面積尚未檢核) | G12: (77.5+169.3+170.9+49.4)*0.15 | H12: =(77.5+169.3+170.9+49.4)*0.15 -> 70.065
F13: 抽水站旁 | G13: =10.8*(7.5+9.5)/2*0.22 | H13: =10.8*(7.5+9.5)/2*0.22 -> 20.196
A15: 1.1.2 | B15: 機械拆除，鋼筋混凝土，未含運費 | C15: M3 | D15: 4813.44 | F15: 路側RC護欄(河.LT000~290+RT000~060) | G15: =(1.2*0.5*8*39)+(1.2*0.5*8*7) | H15: =(1.2*0.5*8*39)+(1.2*0.5*8*7) -> 220.8 | I15: =SUM(H15:H31) -> 4091.1705 | J15: 尚未完成
F16: 磺港橋(橋面及護欄+I梁+橫隔樑+帽梁+中墩柱) | G16: ((27.2*10.3*0.3+0.3*1.1*27.2*2)+(13.2*1.25*0.6*7*2)+(6.8*1.25*0.5*7)+(((1.9+0.8)/2*1.2*7.8)+1.9*2.5*1.2)+((1.25*1.25*3.14*3.6))) | H16: =((27.2*10.3*0.3+0.3*1.1*27.2*2)+(13.2*1.25*0.6*7*2)+(6.8*1.25*0.5*7)+(((1.9+0.8)/2*1.2*7.8)+1.9*2.5*1.2)+((1.25*1.25*3.14*3.6))) -> 306.3485
F17: 橋台+基礎+進橋台 | G17: (10.3*1.8*4.2+10.3*1.8*2.8)*2+(10.3*2.8*1.8)*2+((60.65*(3.9+2.2)/2*0.55)+(10.3*3.9*0.6)) | H17: =(10.3*1.8*4.2+10.3*1.8*2.8)*2+(10.3*2.8*1.8)*2+((60.65*(3.9+2.2)/2*0.55)+(10.3*3.9*0.6)) -> 489.22638
F18: 既有橋北側堤牆(含基礎)+既有河道底(含新舊河道銜接段) | G18: ((3.75*(0.3+0.6)/2*63.7)+(5.5*0.85*63.7))+(26.8*7*0.6+18.5*7*0.35) | H18: =((3.75*(0.3+0.6)/2*63.7)+(5.5*0.85*63.7))+(26.8*7*0.6+18.5*7*0.35) -> 563.17625
F19: 人行橋+橋台+基礎+既有河道底+樓梯 | G19: ((19.3*0.52*0.8*4)+(19.3*7.2*0.3)+(6.8*2.2*0.8*2)+(9.5*3*0.8+9.5*1.8*0.3)+(17.8*0.55*2.8*2)) | H19: =((19.3*0.52*0.8*4)+(19.3*7.2*0.3)+(6.8*2.2*0.8*2)+(9.5*3*0.8+9.5*1.8*0.3)+(17.8*0.55*2.8*2)) -> 180.4932
F20: 既有人行道(路.S120~200+河.LT017~280+河.RT005~280含護欄柱) | G20: ((0.9*0.25*80)+(1.25*0.25*263)+(1.15*0.2*263+0.5*0.5*1.05*31)) | H20: =((0.9*0.25*80)+(1.25*0.25*263)+(1.15*0.2*263+0.5*0.5*1.05*31)) -> 168.815
F21: 既有台電(路N.河.LT017~280含手孔) | G21: ((1.1*0.8-(0.04*0.04*3.14*6))*263+(1.15*5)) | H21: =((1.1*0.8-(0.04*0.04*3.14*6))*263+(1.15*5)) -> 229.26213
F22: 既有箱涵+閘門平台 | G22: ((2.1*2.4)-(1.5*1.75))*25.7+(2.1*1.25*0.6) | H22: =((2.1*2.4)-(1.5*1.75))*25.7+(2.1*1.25*0.6) -> 63.6405
F23: 新舊河道銜接段既有堤牆 | G23: ((3.75*(0.3+0.6)/2*35.65)+(5.5*0.85*35.65)) | H23: =((3.75*(0.3+0.6)/2*35.65)+(5.5*0.85*35.65)) -> 226.82312
F24: 河.070處樓梯+既有牆 | G24: ((3.75*(0.3+0.6)/2*6.7)+(2.1*0.6*18.7)+(0.35*1.5*18.7)+(0.35*3.75*3.2)) | H24: =((3.75*(0.3+0.6)/2*6.7)+(2.1*0.6*18.7)+(0.35*1.5*18.7)+(0.35*3.75*3.2)) -> 48.88575
F25: 既有排水溝(含蓋板)(路.N130~420) | G25: (277.6*0.525) | H25: =(277.6*0.525) -> 145.74
F26: 既有管涵+集水井 | G26: (1.1*0.35*196.3)+((0.38*0.38*3.14-0.3*0.3*3.14)*196.3)+2.85*2 | H26: =(1.1*0.35*196.3)+((0.38*0.38*3.14-0.3*0.3*3.14)*196.3)+2.85*2 -> 114.80668
F27: 公園步道及鋪面(圖說面積尚未檢核) | G27: (401.1+1104.5+1276+169.3+767.7+52.1)*0.3 | H27: =(401.1+1104.5+1276+169.3+767.7+52.1)*0.3 -> 1131.21
F28: 自行車道基礎(圖說面積尚未檢核) | G28: (77.5+169.3+170.9+49.4)*0.25 | H28: =(77.5+169.3+170.9+49.4)*0.25 -> 116.775
F29: 綠帶槽緣石+石椅(尚未檢核) | G29: ((112.1+241.1+229.5+0+60.8+0)*0.033)+((3+8+5.7+2.9)*0.5*0.75) | H29: =((112.1+241.1+229.5+0+60.8+0)*0.033)+((3+8+5.7+2.9)*0.5*0.75) -> 28.5855
F30: 河.260~280處既有基礎+路燈基礎 | G30: (0.8*(0.75+0.35)/2*18.2)+(0.8*0.8*1.45*7) | H30: =(0.8*(0.75+0.35)/2*18.2)+(0.8*0.8*1.45*7) -> 14.504
F31: 單孔000~064(清江+2處過路堤牆+抽水井處) | G31: (0.25*1.65*39)+((3.5*(0.3+0.6)/2*5.6)+(2.1*0.6*2.3))+(6.2*5.3*0.35+2.1*2.2*0.6) | H31: =(0.25*1.65*39)+((3.5*(0.3+0.6)/2*5.6)+(2.1*0.6*2.3))+(6.2*5.3*0.35+2.1*2.2*0.6) -> 42.0785
A35: 1.1.3 | B35: 盤踞切割 | C35: M | D35: 1743 | F35: 磺港橋(橋面及護欄+I梁+橫隔樑+帽梁+墩柱) | G35: =(27.2*16+10.5*6)+(1.25*6*12*5)+(2.3*6*7*2)+(3.8*6+5.2*8)+(2.5*3.14*6) | H35: =(27.2*16+10.5*6)+(1.25*6*12*5)+(2.3*6*7*2)+(3.8*6+5.2*8)+(2.5*3.14*6) -> 1252.9 | I35: =H35+H36 -> 1747.3 | J35: =I35-D35 -> 4.3 | K35: X
F36: 人行橋(希冀橋)含下方基礎 | G36: =18*12+8.5*4+(1.1*6*12*3+0.8)+(3*2) | H36: =18*12+8.5*4+(1.1*6*12*3+0.8)+(3*2) -> 494.4
A38: 1.1.4 | B38: 基地及路幅開挖，未含運費，(機械挖，0.7～0.79m3開挖機) | C38: B.M3 | D38: 26370 | E38: 28009.56 | F38: 新設河道斷面計算(尚未檢核) | G38: 新設河道斷面計算 | H38: 26370 | I38: =H38+H39 -> 28009.56
F39: 磺港橋及希冀橋橋台清障開挖+單孔過路段及清江公園 | G39: ((5*6*6.5*2)+(13*3.5*6.8)+(3.2*8.5*1.6))+((747.2+149.44)) | H39: =((5*6*6.5*2)+(13*3.5*6.8)+(3.2*8.5*1.6))+((747.2+149.44)) -> 1639.56
A42: 1.1.5 | B42: 瀝青混凝土面層刨除，刨除料運費 | C42: M3 | D42: 4726.67 | F42: 既有道路(路.S145~200+路.N140~420) | G42: (7.5*55*0.24)+(9.6*37*0.25)+(7.1*243*0.24) | H42: =(7.5*55*0.24)+(9.6*37*0.25)+(7.1*243*0.24) -> 601.872 | I42: =H42+H43 -> 601.872 | J42: 尚未完成
A45: 1.1.6 | B45: 利用填方，含夯實 | C45: M3 | D45: 13120 | F45: 磺港橋及希冀橋基樁區回填 | G45: (16.5*9.2*4.6+21.2*4.7*4.2)+(11.2*3.2*4.6)+(9.5*3.5*2.9) | H45: =(16.5*9.2*4.6+21.2*4.7*4.2)+(11.2*3.2*4.6)+(9.5*3.5*2.9) -> 1378.057 | I45: =SUM(H45:H50) -> 6701.747 | J45: 尚未完成
F46: 新設LT堤牆(L=52.3M)回填 | G46: (0.8*4.5*52.3)+(1.2*4.5*52.3) | H46: =(0.8*4.5*52.3)+(1.2*4.5*52.3) -> 470.7
F47: 單孔箱涵過路段及清江公園 | G47: (0.8*1.9*2*23+3.4*2.7*23)+(0.8*2.1*2*41) | H47: =(0.8*1.9*2*23+3.4*2.7*23)+(0.8*2.1*2*41) -> 418.82
F48: 雙孔箱涵右側+左側0K+000-060 | G48: 3091.11+461.7 | H48: =3091.11+461.7 -> 3552.81
F49: 單、雙孔箱涵上方
F50: 單孔箱涵B0K+000-064.7兩側 | G50: 756.34+125.02 | H50: =756.34+125.02 -> 881.36
F51: 清江公園
A54: 1.1.7 | B54: 餘方遠運處理(台北港) | C54: B.M3 | D54: 13251 | F54: 統計聯單 | G54: 統計聯單 | H54: 10404 | J54: 尚未完成
A55: 1.1.8 | B55: 餘方自行處理(房屋廢方，含水土保持) | C55: M3 | D55: 4601.44 | K55: X
A56: 1.1.9 | B56: 瀝青混凝土面層刨除，厚5cm，刨除機1.2m寬，含瀝青鋪面打毛(未含運費) | C56: M2 | D56: 2588.5 | J56: 尚未完成
A58: 1.1.10 | B58: 瀝青混凝土面層刨除，厚10cm，刨除機2.2m寬，未含運費 | C58: M2 | D58: 9177 | F58: 既有道路(路.S145~200+路.N140~420) | G58: (7.5*55*2.5)+(9.6*37*2.5)+(7.1*243*2.5) | H58: =(7.5*55*2.5)+(9.6*37*2.5)+(7.1*243*2.5) -> 6232.5 | J58: 尚未完成
A60: 1.1.11 | B60: 切割瀝青混凝土或無筋混凝土，5cm≦切割深度＜10cm | C60: M | D60: 162.5 | F60: 既有道路(路.S120.S200.N130.N420處) | G60: (27.9+9.6+7.5+7.1) | H60: =(27.9+9.6+7.5+7.1) -> 52.1 | J60: 尚未完成
A62: 1.1.12 | B62: 清除及掘除，雜草雜木，含垃圾撿除，人工割 | C62: M2 | D62: 5217.7 | F62: 環境清整公園面積(面積尚未檢核) | G62: 環境清整公園面積 | H62: 3637 | J62: 尚未完成
A64: 1.1.13 | B64: 垃圾及廢棄物(以體積計)清運 | C64: M3 | D64: 782.66 | F64: 統計聯單 | G64: 統計聯單至113.9.23=27*4 | H64: =27*4 -> 108 | J64: 尚未完成
A65: 1.1.14 | B65: 節塊吊放 | C65: 次 | D65: 425 | F65: 既有磺港橋(橋面+I梁+橫隔樑+帽梁+墩柱)+既有人行橋(希冀橋) | G65: 425 | H65: 425
A66: 1.1.15 | B66: 機械拆除，工地雜項拆除清理，欄杆，含運費 | C66: M | D66: 255.5 | F66: 既有道路(路.S145~180LT+S145~180RT+路.N140~420LT) | G66: 35+(55-0.5*7)+(27*8+6.5+5.3) | H66: =35+(55-0.5*7)+(27*8+6.5+5.3) -> 314.3 | I66: =H66 -> 314.3 | J66: =H66-D66 -> 58.8 | K66: P
A69: 1.1.16 | B69: 土方運送(百齡抽水站) | C69: 趟 | D69: 2204 | F69: 統計聯單 | G69: 統計聯單至113.10.17計2107趟 | H69: 2107 | J69: 尚未完成
A70: 1.1.17 | B70: 既有路燈拆除繳回 | C70: 盞 | D70: 66 | F70: 高柱單盞9盞、矮柱單盞12盞、 矮柱雙盞22盞 | G70: 9+12+22*2 | H70: =9+12+22*2 -> 65 | J70: 尚未完成
A71: 1.1.18 | B71: 座椅拆除繳回 | C71: 座 | D71: 18 | G71: (2+7+6+3) | H71: 18
A72: 1.1.19 | B72: 解說牌拆除 | C72: 座 | D72: 4 | G72: 2+1+1 | H72: 4
A73: 1.1.20 | B73: 自行車架拆除 | C73: 座 | D73: 20 | F73: 自行車架拆除20座 | G73: 20 | H73: 20
A74: 1.1.21 | B74: 交通牌誌拆除 | C74: 座 | D74: 15 | F74: 既有磺港橋 | G74: 6+3+4+1+1 | H74: =6+3+4+1+1 -> 15
A76: 1.1.22 | B76: 既有水利設施拆除及運送 | C76: 式 | D76: 1 | F76: 閘門及既有水利設施 | G76: 1 | H76: 1
A77: 1.1.23 | B77: 交通維持，道路管制人員，日間(06-22時)，義交 | C77: 時 | D77: 30800 | F77: 統計單據 | G77: 統計單據.至113/9=日16568.5H、夜3104.5H，共計19673H，113/10預計時數:日1440H、夜240H | H77: =16568.5+3104.5+1440+240 -> 21353 | J77: 尚未完成 | K77: =710*16*3 -> 34080 | M77: =30800/730 -> 42.191781
A78: 1.1.24 | B78: 表土清除，堆置，及回填費，t=30cm | C78: M2 | E78: 2150 | F78: 百齡暫置場整地 | G78: 2150 | H78: 2150
A79: 1.1.25 | B79: 餘土分類處理 | C79: 日 | E79: 111 | F79: 實際施作統計日報 | G79: 實際施作統計日報，至113.9.30計101日 | H79: 101 | J79: 尚未完成
A80: (二) | B80: 土建景觀工程 | C80: 式 | D80: 1 | G80: 本大項尚未完成，未估算 | J80: 尚未完成
A81: 1.2.1 | B81: 構造物回填，回填及夯實(實際) | C81: C.M3 | D81: 1887.64
A82: 1.2.2 | B82: 構造物回填，回填及夯實，人工夯實 | C82: C.M3 | D82: 402.21
A83: 1.2.3 | B83: 鋼筋，SD280W | C83: KG | D83: 18865.76 | F83: 砌石擋牆A L=35.2 | G83: (1.65*236*2+6*60*2+3.95*236+2.9*236+6*282)*0.994 | H83: =(1.65*236*2+6*60*2+3.95*236+2.9*236+6*282)*0.994 -> 4778.5556
A85: 1.2.4 | B85: 結構用混凝土，預拌，140kgf/cm2 | C85: M3 | D85: 107.91 | F85: 砌石擋牆A L=35.2 | G85: 1.35*35.2*0.1 | H85: =1.35*35.2*0.1 -> 4.752 | I85: =H85 -> 4.752
A87: 1.2.5 | B87: 結構用混凝土，預拌，210kgf/cm2 | C87: M3 | D87: 564.01 | F87: 砌石擋牆A L=35.2 | G87: (1.35+2.05)*35.2*0.3+0.8*0.35*35.2 | H87: =(1.35+2.05)*35.2*0.3+0.8*0.35*35.2 -> 45.76 | I87: =SUM(H87:H88) -> 45.76
A90: 1.2.6 | B90: 普通模板，丙種 | C90: M2 | D90: 1926.87 | F90: 砌石擋牆A L=35.2 | G90: (0.3+2.35+0.5+0.35+2.7)*35.2 | H90: =(0.3+2.35+0.5+0.35+2.7)*35.2 -> 218.24 | I90: =SUM(H90:H91) -> 301.54
F91: 磺港橋護欄 | G91: (0.24+0.95)*2*(18.2+16)+0.4*(0.24+0.95)*4 | H91: =(0.24+0.95)*2*(18.2+16)+0.4*(0.24+0.95)*4 -> 83.3
A92: 1.2.7 | B92: 清水模板，鋼模 | C92: M2 | D92: 301.33 | F92: 座台A、座台D、座台E、座椅A、座椅B、草地座階
A93: 1.2.8 | B93: 鍍鋅鋼料 | C93: KG | D93: 5991.34 | H93: 5991.34 | I93: =SUM(H93:H97) -> 14260.385 | J93: =I93-D93 -> 8269.0446
D94: 無編列數量 | F94: 護欄b(磺港橋+樓梯M) | G94: (6.35*2+0.53*11)*(18.25+16+3.25) | H94: =(6.35*2+0.53*11)*(18.25+16+3.25) -> 694.875
D95: 無編列數量 | F95: 欄杆B'(樓梯G、J+三合祠+護岸三左右岸+磺港橋頭) | G95: (6.35*2+0.53*9+6.61*1)*(3.5+2.4*2+21.7+24.85+113.54+3.21) | H95: =(6.35*2+0.53*9+6.61*1)*(3.5+2.4*2+21.7+24.85+113.54+3.21) -> 4132.128
D96: 追加 | F96: 清江公園側 | G96: (6.35*2+0.53*9+6.61*1)*(34.27+66.51) | H96: =(6.35*2+0.53*9+6.61*1)*(34.27+66.51) -> 2426.7824
D97: 無編列數量 | F97: 欄杆C'(保護樹A、B) | G97: ((1.8+2.34)*2+1.4*8+3.144*2)*(21.65+17.75) | H97: =((1.8+2.34)*2+1.4*8+3.144*2)*(21.65+17.75) -> 1015.2592
A98: 1.2.9 | B98: 金屬材料，鋼料，裁切加工銲製(工廠加工) | C98: KG | D98: 5991.34 | H98: 5991.34 | I98: =SUM(H98:H102) -> 14260.385 | J98: =I98-D98 -> 8269.0446
D99: 無編列數量 | F99: 護欄b(磺港橋+樓梯M) | G99: (6.35*2+0.53*11)*(18.25+16+3.25) | H99: =(6.35*2+0.53*11)*(18.25+16+3.25) -> 694.875
D100: 無編列數量 | F100: 欄杆B'(樓梯G、J+三合祠+護岸三左右岸+磺港橋頭) | G100: (6.35*2+0.53*9+6.61*1)*(3.5+2.4*2+21.7+24.85+113.54+3.21) | H100: =(6.35*2+0.53*9+6.61*1)*(3.5+2.4*2+21.7+24.85+113.54+3.21) -> 4132.128
D101: 追加 | F101: 清江公園側 | G101: (6.35*2+0.53*9+6.61*1)*(34.27+66.51) | H101: =(6.35*2+0.53*9+6.61*1)*(34.27+66.51) -> 2426.7824
D102: 無編列數量 | F102: 欄杆C'(保護樹A、B) | G102: ((1.8+2.34)*2+1.4*8+3.144*2)*(21.65+17.75) | H102: =((1.8+2.34)*2+1.4*8+3.144*2)*(21.65+17.75) -> 1015.2592
A103: 1.2.10 | B103: 結構用鋼材，銲接結構用軋鋼料，SM400B鋼構工程及製作、組立工程(含加勁板、續接板、螺絲、螺栓、螺帽等) | C103: KG | D103: 1180.03
A104: 1.2.11 | B104: 透水磚紙模地坪 | C104: M2 | D104: 3879.21
A105: 1.2.12 | B105: 梯形磚鋪面，149.5x(30,20)x8cmTH | C105: M2 | D105: 462.9
A106: 1.2.13 | B106: 石材鋪面 | C106: M2 | D106: 5.09 | G106: 59.03+161.99+5.09+5.09+31.2+17.9 | H106: =59.03+161.99+5.09+5.09+31.2+17.9 -> 280.3 | J106: =H106-D106 -> 275.21
A107: 1.2.14 | B107: 卵石鋪面 | C107: M2 | D107: 18.76
A108: 1.2.15 | B108: 露骨材地坪 | C108: M2 | D108: 118.92
A109: 1.2.16 | B109: PC地坪 | C109: M2 | D109: 173.3
A110: 1.2.17 | B110: 格柵鋪面B | C110: 座 | D110: 1
A111: 1.2.18 | B111: 細石子鋪面 | C111: C.M3 | D111: 156.68
A112: 1.2.19 | B112: 鋼板收邊A型 | C112: M | D112: 689.86
A113: 1.2.20 | B113: 鋼板收邊B型 | C113: M | D113: 12.91
A114: 1.2.21 | B114: 界石收邊 | C114: M | D114: 56.09
A115: 1.2.22 | B115: 緣石收邊 | C115: M | D115: 656.91
A116: 1.2.23 | B116: 道路緣石收邊 | C116: M | D116: 1254.13
A117: 1.2.24 | B117: 道路緣石斜坡式 | C117: M | D117: 44.64
A118: 1.2.25 | B118: 場鑄道路緣石 | C118: M | D118: 142.26
... A129: 1.2.36 | B129: 草地座階 | C129: M | D129: 30.1
A130: 1.2.37 | B130: 砌石擋牆A | C130: M | D130: 31.2 | F130: 現場丈量 | G130: 23.2+12 | H130: =23.2+12 -> 35.2 | I130: =H130 -> 35.2 | J130: =I130-D130 -> 4
A131: 1.2.38 | B131: 砌石擋牆B | C131: M | D131: 17.9 | F131: 現場丈量 | G131: 24.3 | H131: =G131 -> 24.3 | I131: =H131 -> 24.3 | J131: =I131-D131 -> 6.4
A132: 1.2.39 | B132: 鋼板擋牆 | C132: M | D132: 19.6
...

Sheet 4變
C1: 臺北市政府工務局水利工程處
C2: 第4次變更項目對照詳細表
A3: 工程名稱：磺港溪再造C段護岸及步道整建工程(三合橋至奇岩抽水站) | K3: 日期： | L3: 45652
A4: 原契約分為 10 部分 本次變更 4 部分原有 393 項 | J4: 訂約總價 | L4: 257600000
A5: 前經 3 次變更設計，計新增 43 項，減少 3 項，變更 27 項，變更後合計 438 項 | J5: 前次變更後總價(綜簽) | L5: 308240521
A6: 本次變更設計，計新增 項，減少 項，變更 項，變更後合計 項 | J6: 本次變更後總價 | L6: =J9 -> 3.2668348e+08
A7: 項次 | B7: 項目名稱 | C7: 單位 | D7: 原 定 數 量 | E7: 變更後 數 量 | F7: 增 減 數 量 | G7: 契 約 單 價 | H7: 新 增 單 價 | I7: 原 訂 合 價 | J7: 變更後 合價 | K7: 追加 | L7: 追減 | M7: 備註 | O7: 變更依據 | P7: 數量計算式 | Q7: 變更原因
A9: 壹 | B9: 發包工程費 | C9: 式 | G9: =I9 -> 3.0824052e+08 | I9: =I10+I354+I380+I420+I424+I444+I464+I467+I468+I470 -> 3.0824052e+08 | J9: =J10+J354+J380+J420+J424+J444+J464+J467+J468+J470 -> 3.2668348e+08 | K9: =K10+K354+K380+K420+K424+K444+K464+K467+K468+K470 -> 22094340 | L9: =L10+L354+L380+L420+L424+L444+L464+L467+L468+L470 -> -3651377.6 | O9: =K9+L9 -> 18442962
A10: 一 | B10: 工程費 | C10: 式 | G10: =I10 -> 2.3286809e+08 | I10: =I11+I37+I126+I166+I195+I215+I232+I310+I344 -> 2.3286809e+08 | J10: =J11+J37+J126+J166+J195+J215+J232+J310+J344 -> 2.4792176e+08 | K10: =K11+K37+K126+K166+K195+K215+K232+K310+K344 -> 18705054 | L10: =L11+L37+L126+L166+L195+L215+L232+L310+L344 -> -3651377.6
A11: (一) | B11: 整備工程 | C11: 式 | G11: 61233816 | I11: =SUM(I12:I36) -> 61233816 | J11: =SUM(J12:J36) -> 61250848 | K11: =SUM(K12:K36) -> 17032.59 | L11: =SUM(L12:L36) -> 0
A12: 1 | B12: 機械拆除，瀝青混凝土，未含運費 | C12: M3 | D12: 720.24 | E12: =估驗單!F8 -> 720.24 | G12: 193.11 | I12: =ROUND(D12*G12,2) -> 139085.55 | J12: =ROUND(E12*G12,2) -> 139085.55 | K12: =J12-I12 -> 0 | L12: =I12-J12 -> 0
A13: 2 | B13: 機械拆除，鋼筋混凝土，未含運費 | C13: M3 | D13: 4813.44 | E13: =估驗單!F9 -> 4813.44 | G13: 1046.16 | I13: =ROUND(D13*G13,2) -> 5035628.4 | J13: =ROUND(E13*G13,2) -> 5035628.4 | K13: =J13-I13 -> 0 | L13: =I13-J13 -> 0
A14: 3 | B14: 盤踞切割 | C14: M | D14: 1743 | E14: =估驗單!F10 -> 1743 | G14: 6199.66 | I14: =ROUND(D14*G14,2) -> 10806007 | J14: =ROUND(E14*G14,2) -> 10806007 | K14: =J14-I14 -> 0 | L14: =I14-J14 -> 0 | M14: #磺港路橋(奇岩抽水站旁)1533.9m、希冀橋208.6m
A15: 4 | B15: 基地及路幅開挖，未含運費，(機械挖，0.7～0.79m3開挖機) | C15: B.M3 | D15: 28009.56 | E15: =估驗單!F11 -> 28009.56 | G15: 48.28 | I15: =ROUND(D15*G15,2) -> 1352301.6 | J15: =ROUND(E15*G15,2) -> 1352301.6 | K15: =J15-I15 -> 0 | L15: =I15-J15 -> 0 | O15: 112年12月12日 北市工水工字第1126067256號 | P15: 新設磺港橋及希冀橋橋台辦理既有基樁與新設基樁清障開挖+單孔過路段及清江公園 ((5*6*6.5*2)+(13*3.5*6.8)+(3.2*8.5*1.6))+((747.2+149.44)) | Q15: 機關/現場需求 (百齡)
A16: 5 | B16: 瀝青混凝土面層刨除，刨除料運費 | C16: M3 | D16: 4726.67 | E16: =估驗單!F12 -> 4726.67 | G16: 599.71 | I16: =ROUND(D16*G16,2) -> 2834631.3 | J16: =ROUND(E16*G16,2) -> 2834631.3 | K16: =J16-I16 -> 0 | L16: =I16-J16 -> 0
A17: 6 | B17: 利用填方，含夯實 | C17: M3 | D17: 13120 | E17: =估驗單!F13 -> 13120 | G17: 104.64 | I17: =ROUND(D17*G17,2) -> 1372876.8 | J17: =ROUND(E17*G17,2) -> 1372876.8 | K17: =J17-I17 -> 0 | L17: =I17-J17 -> 0
A18: 7 | B18: 餘方遠運處理(台北港) | C18: B.M3 | D18: 13251 | E18: =估驗單!F14 -> 13251 | G18: 1027.37 | I18: =ROUND(D18*G18,2) -> 13613680 | J18: =ROUND(E18*G18,2) -> 13613680 | K18: =J18-I18 -> 0 | L18: =I18-J18 -> 0 | M18: 僅含運費(運距約<20K)(土方管理費檢據核銷)
A19: 8 | B19: 餘方自行處理(房屋廢方，含水土保持) | C19: M3 | D19: 4601.44 | E19: =估驗單!F15 -> 4601.44 | G19: 1084.98 | I19: =ROUND(D19*G19,2) -> 4992470.4 | J19: =ROUND(E19*G19,2) -> 4992470.4 | K19: =J19-I19 -> 0 | L19: =I19-J19 -> 0
A20: 9 | B20: 瀝青混凝土面層刨除，厚5cm，刨除機1.2m寬，含瀝青鋪面打毛(未含運費) | C20: M2 | D20: 2588.5 | E20: =估驗單!F16 -> 2588.5 | G20: 30.45 | I20: =ROUND(D20*G20,2) -> 78819.83 | J20: =ROUND(E20*G20,2) -> 78819.83 | K20: =J20-I20 -> 0 | L20: =I20-J20 -> 0 | M20: #含瀝青鋪面打毛
A21: 10 | B21: 瀝青混凝土面層刨除，厚10cm，刨除機2.2m寬，未含運費 | C21: M2 | D21: 9177 | E21: =估驗單!F17 -> 9177 | G21: 28.48 | I21: =ROUND(D21*G21,2) -> 261360.96 | J21: =ROUND(E21*G21,2) -> 261360.96 | K21: =J21-I21 -> 0 | L21: =I21-J21 -> 0
A22: 11 | B22: 切割瀝青混凝土或無筋混凝土，5cm≦切割深度＜10cm | C22: M | D22: 162.5 | E22: =估驗單!F18 -> 162.5 | G22: 65.4 | I22: =ROUND(D22*G22,2) -> 10627.5 | J22: =ROUND(E22*G22,2) -> 10627.5 | K22: =J22-I22 -> 0 | L22: =I22-J22 -> 0
A23: 12 | B23: 清除及掘除，雜草雜木，含垃圾撿除，人工割 | C23: M2 | D23: 5217.7 | E23: =估驗單!F19 -> 5217.7 | G23: 20.19 | I23: =ROUND(D23*G23,2) -> 105345.36 | J23: =ROUND(E23*G23,2) -> 105345.36 | K23: =J23-I23 -> 0 | L23: =I23-J23 -> 0
A24: 13 | B24: 垃圾及廢棄物(以體積計)清運 | C24: M3 | D24: 782.66 | E24: =估驗單!F20 -> 782.66 | G24: 2286.68 | I24: =ROUND(D24*G24,2) -> 1789693 | J24: =ROUND(E24*G24,2) -> 1789693 | K24: =J24-I24 -> 0 | L24: =I24-J24 -> 0 | M24: #
A25: 14 | B25: 節塊吊放 | C25: 次 | D25: 425 | E25: =估驗單!F21 -> 425 | G25: 521.15 | I25: =ROUND(D25*G25,2) -> 221488.75 | J25: =ROUND(E25*G25,2) -> 221488.75 | K25: =J25-I25 -> 0 | L25: =I25-J25 -> 0 | M25: #磺港路橋、共月橋、三合橋
A26: 15 | B26: 機械拆除，工地雜項拆除清理，欄杆，含運費 | C26: M | D26: 255.5 | E26: =估驗單!F22 -> 314.3 | F26: =E26-D26 -> 58.8 | G26: 289.67 | I26: =ROUND(D26*G26,2) -> 74010.69 | J26: =ROUND(E26*G26,2) -> 91043.28 | K26: =J26-I26 -> 17032.59
A27: 16 | B27: 土方運送(百齡抽水站) | C27: 趟 | D27: 2204 | E27: =估驗單!F23 -> 2204 | G27: 3082.11 | I27: =ROUND(D27*G27,2) -> 6792970.4 | J27: =ROUND(E27*G27,2) -> 6792970.4 | K27: =J27-I27 -> 0 | L27: =I27-J27 -> 0
A28: 17 | B28: 既有路燈拆除繳回 | C28: 盞 | D28: 66 | E28: =估驗單!F24 -> 66 | G28: 3311.26 | I28: =ROUND(D28*G28,2) -> 218543.16 | J28: =ROUND(E28*G28,2) -> 218543.16 | K28: =J28-I28 -> 0 | L28: =I28-J28 -> 0 | M28: #料繳回，含運費。
A29: 18 | B29: 座椅拆除繳回 | C29: 座 | D29: 18 | E29: =估驗單!F25 -> 18 | G29: 1199.93 | I29: =ROUND(D29*G29,2) -> 21598.74 | J29: =ROUND(E29*G29,2) -> 21598.74 | K29: =J29-I29 -> 0 | L29: =I29-J29 -> 0 | M29: #料繳回，含運費。
A30: 19 | B30: 解說牌拆除 | C30: 座 | D30: 4 | E30: =估驗單!F26 -> 4 | G30: 2999.84 | I30: =ROUND(D30*G30,2) -> 11999.36 | J30: =ROUND(E30*G30,2) -> 11999.36 | K30: =J30-I30 -> 0 | L30: =I30-J30 -> 0 | M30: #料繳回，含運費。
A31: 20 | B31: 自行車架拆除 | C31: 座 | D31: 20 | E31: =估驗單!F27 -> 20 | G31: 2999.84 | I31: =ROUND(D31*G31,2) -> 59996.8 | J31: =ROUND(E31*G31,2) -> 59996.8 | K31: =J31-I31 -> 0 | L31: =I31-J31 -> 0 | M31: #料繳回，含運費。
A32: 21 | B32: 交通牌誌拆除 | C32: 座 | D32: 15 | E32: =估驗單!F28 -> 15 | G32: 2999.84 | I32: =ROUND(D32*G32,2) -> 44997.6 | J32: =ROUND(E32*G32,2) -> 44997.6 | K32: =J32-I32 -> 0 | L32: =I32-J32 -> 0 | M32: #料繳回，含運費。
A33: 22 | B33: 既有水利設施拆除及運送 | C33: 式 | D33: 1 | E33: =估驗單!F29 -> 1 | G33: 399978.19 | I33: =ROUND(D33*G33,2) -> 399978.19 | J33: =ROUND(E33*G33,2) -> 399978.19 | K33: =J33-I33 -> 0 | L33: =I33-J33 -> 0 | M33: 水閘門
A34: 23 | B34: 交通維持，道路管制人員，日間(06-22時)，義交 | C34: 時 | D34: 30800 | E34: =估驗單!F30 -> 30800 | F34: =E34-D34 -> 0 | G34: 280 | I34: =ROUND(D34*G34,2) -> 8624000 | J34: =ROUND(E34*G34,2) -> 8624000 | K34: =J34-I34 -> 0 | L34: =I34-J34 -> 0 | M34: [人力工項不打折]
A35: 24 | B35: 表土清除，堆置，及回填費，t=30cm | C35: M2 | D35: 2150 | E35: =估驗單!F31 -> 2150 | F35: =E35-D35 -> 0 | G35: 70.56 | I35: =ROUND(D35*G35,2) -> 151704 | J35: =ROUND(E35*G35,2) -> 151704 | K35: =J35-I35 -> 0 | L35: =I35-J35 -> 0 | M35: 百齡暫置場整地需求
A36: 25 | B36: 餘土分類處理 | C36: 日 | D36: 111 | E36: =估驗單!F32 -> 111 | F36: =E36-D36 -> 0 | G36: 20000 | I36: =ROUND(D36*G36,2) -> 2220000 | J36: =ROUND(E36*G36,2) -> 2220000 | K36: =J36-I36 -> 0 | L36: =I36-J36 -> 0 | M36: 新增工項 02323M00AC | O36: 北市工水工字第1126063128號 第6點 | P36: 數量=餘方遠運處理(台北港)/ 每日約120m3 | Q36: 屬後續擴充5000萬工項 既有磺港路、公園開挖摻雜混合物 | S36: 監造提供數量?
A37: (二) | B37: 土建景觀工程 | C37: 式 | E37: =估驗單!F33 -> 0 | F37: =E37-D37 -> 0 | G37: 30807124 | I37: =SUM(I38:I125) -> 30807124 | J37: =SUM(J38:J125) -> 34151512 | K37: =SUM(K38:K125) -> 5171000 | L37: =SUM(L38:L125) -> -1826612.4
A38: 1 | B38: 構造物回填，回填及夯實(實際) | C38: C.M3 | D38: 1887.64 | E38: =估驗單!F34 -> 1887.64 | F38: =E38-D38 -> 0 | G38: 320.72 | I38: =ROUND(D38*G38,2) -> 605403.9 | J38: =ROUND(E38*G38,2) -> 605403.9 | K38: =J38-I38 -> 0
A39: 2 | B39: 構造物回填，回填及夯實，人工夯實 | C39: C.M3 | D39: 402.21 | E39: =估驗單!F35 -> 402.21 | F39: =E39-D39 -> 0 | G39: 346.06 | I39: =ROUND(D39*G39,2) -> 139188.79 | J39: =ROUND(E39*G39,2) -> 139188.79 | K39: =J39-I39 -> 0
A40: 3 | B40: 鋼筋，SD280W | C40: KG | D40: 18865.76 | E40: =估驗單!F36 -> 18865.76 | F40: =E40-D40 -> 0 | G40: 36.4 | I40: =ROUND(D40*G40,2) -> 686713.66 | J40: =ROUND(E40*G40,2) -> 686713.66 | K40: =J40-I40 -> 0 | M40: 本項納入(鋼筋)物價指數調整
A41: 4 | B41: 結構用混凝土，預拌，140kgf/cm2 | C41: M3 | D41: 107.91 | E41: =估驗單!F37 -> 107.91 | F41: =E41-D41 -> 0 | G41: 3114.97 | I41: =ROUND(D41*G41,2) -> 336136.41 | J41: =ROUND(E41*G41,2) -> 336136.41 | K41: =J41-I41 -> 0
A42: 5 | B42: 結構用混凝土，預拌，210kgf/cm2 | C42: M3 | D42: 564.01 | E42: =估驗單!F38 -> 564.01 | F42: =E42-D42 -> 0 | G42: 3320.96 | I42: =ROUND(D42*G42,2) -> 1873054.6 | J42: =ROUND(E42*G42,2) -> 1873054.6 | K42: =J42-I42 -> 0
A43: 6 | B43: 普通模板，丙種 | C43: M2 | D43: 1926.87 | E43: =估驗單!F39 -> 1926.87 | F43: =E43-D43 -> 0 | G43: 533.61 | I43: =ROUND(D43*G43,2) -> 1028197.1 | J43: =ROUND(E43*G43,2) -> 1028197.1 | K43: =J43-I43 -> 0 | M43: U型構，集水井，排水箱涵等。本項納入(普通模板)物價指數調整
A44: 7 | B44: 清水模板，鋼模 | C44: M2 | D44: 301.33 | E44: =估驗單!F40 -> 301.33 | F44: =E44-D44 -> 0 | G44: 1299.82 | I44: =ROUND(D44*G44,2) -> 391674.76 | J44: =ROUND(E44*G44,2) -> 391674.76 | K44: =J44-I44 -> 0 | M44: 本項納入「金屬製品類」物價指數調整
A45: 8 | B45: 鍍鋅鋼料 | C45: KG | D45: 5991.34 | E45: =估驗單!F41 -> 14260.385 | F45: =E45-D45 -> 8269.0446 | G45: 60 | I45: =ROUND(D45*G45,2) -> 359480.4 | J45: =ROUND(E45*G45,2) -> 855623.08 | K45: =J45-I45 -> 496142.68 | M45: #本項納入「金屬製品類」物價指數調整
A46: 9 | B46: 金屬材料，鋼料，裁切加工銲製(工廠加工) | C46: KG | D46: 5991.34 | E46: =估驗單!F42 -> 14260.385 | F46: =E46-D46 -> 8269.0446 | G46: 31.9 | I46: =ROUND(D46*G46,2) -> 191123.75 | J46: =ROUND(E46*G46,2) -> 454906.27 | K46: =J46-I46 -> 263782.52
A47: 10 | B47: 結構用鋼材，銲接結構用軋鋼料，SM400B鋼構工程及製作、組立工程(含加勁板、續接板、螺絲、螺栓、螺帽等) | C47: KG | D47: 1180.03 | E47: =估驗單!F43 -> 1180.03 | F47: =E47-D47 -> 0 | G47: 107.3 | I47: =ROUND(D47*G47,2) -> 126617.22 | J47: =ROUND(E47*G47,2) -> 126617.22 | K47: =J47-I47 -> 0 | M47: #本項納入「金屬製品類」物價指數調整
A48: 11 | B48: 透水磚紙模地坪 | C48: M2 | D48: 3879.21 | E48: =估驗單!F44 -> 3879.21 | F48: =E48-D48 -> 0 | G48: 3092.69 | I48: =ROUND(D48*G48,2) -> 11997194 | J48: =ROUND(E48*G48,2) -> 11997194 | K48: =J48-I48 -> 0
A49: 12 | B49: 梯形磚鋪面，149.5x(30,20)x8cmTH | C49: M2 | D49: 462.9 | E49: =估驗單!F45 -> 462.9 | F49: =E49-D49 -> 0 | G49: 3961.37 | I49: =ROUND(D49*G49,2) -> 1833718.2 | J49: =ROUND(E49*G49,2) -> 1833718.2 | K49: =J49-I49 -> 0
A50: 13 | B50: 石材鋪面 | C50: M2 | D50: 5.09 | E50: =估驗單!F46 -> 280.3 | F50: =E50-D50 -> 275.21 | G50: 3965.59 | I50: =ROUND(D50*G50,2) -> 20184.85 | J50: =ROUND(E50*G50,2) -> 1111554.9 | K50: =J50-I50 -> 1091370 | O50: 依設計圖說計算
A51: 14 | B51: 卵石鋪面 | C51: M2 | D51: 18.76 | E51: =估驗單!F47 -> 18.76 | F51: =E51-D51 -> 0 | G51: 3391.22 | I51: =ROUND(D51*G51,2) -> 63619.29 | J51: =ROUND(E51*G51,2) -> 63619.29 | K51: =J51-I51 -> 0
A52: 15 | B52: 露骨材地坪 | C52: M2 | D52: 118.92 | E52: =估驗單!F48 -> 118.92 | F52: =E52-D52 -> 0 | G52: 773.85 | I52: =ROUND(D52*G52,2) -> 92026.24 | J52: =ROUND(E52*G52,2) -> 92026.24 | K52: =J52-I52 -> 0
A53: 16 | B53: PC地坪 | C53: M2 | D53: 173.3 | E53: =估驗單!F49 -> 173.3 | F53: =E53-D53 -> 0 | G53: 948.34 | I53: =ROUND(D53*G53,2) -> 164347.32 | J53: =ROUND(E53*G53,2) -> 164347.32 | K53: =J53-I53 -> 0
A54: 17 | B54: 格柵鋪面B | C54: 座 | D54: 1 | E54: =估驗單!F50 -> 1 | F54: =E54-D54 -> 0 | G54: 144378.63 | I54: =ROUND(D54*G54,2) -> 144378.63 | J54: =ROUND(E54*G54,2) -> 144378.63 | K54: =J54-I54 -> 0
A55: 18 | B55: 細石子鋪面 | C55: C.M3 | D55: 156.68 | E55: =估驗單!F51 -> 156.68 | F55: =E55-D55 -> 0 | G55: 145.21 | I55: =ROUND(D55*G55,2) -> 22751.5 | J55: =ROUND(E55*G55,2) -> 22751.5 | K55: =J55-I55 -> 0
A56: 19 | B56: 鋼板收邊A型 | C56: M | D56: 689.86 | E56: =估驗單!F52 -> 689.86 | F56: =E56-D56 -> 0 | G56: 2755.78 | I56: =ROUND(D56*G56,2) -> 1901102.4 | J56: =ROUND(E56*G56,2) -> 1901102.4 | K56: =J56-I56 -> 0 | M56: #
A57: 20 | B57: 鋼板收邊B型 | C57: M | D57: 12.91 | E57: =估驗單!F53 -> 12.91 | F57: =E57-D57 -> 0 | G57: 576.77 | I57: =ROUND(D57*G57,2) -> 7446.1 | J57: =ROUND(E57*G57,2) -> 7446.1 | K57: =J57-I57 -> 0 | M57: #
A58: 21 | B58: 界石收邊 | C58: M | D58: 56.09 | E58: =估驗單!F54 -> 56.09 | F58: =E58-D58 -> 0 | G58: 615.31 | I58: =ROUND(D58*G58,2) -> 34512.74 | J58: =ROUND(E58*G58,2) -> 34512.74 | K58: =J58-I58 -> 0
A59: 22 | B59: 緣石收邊 | C59: M | D59: 656.91 | E59: =估驗單!F55 -> 656.91 | F59: =E59-D59 -> 0 | G59: 685.27 | I59: =ROUND(D59*G59,2) -> 450160.72 | J59: =ROUND(E59*G59,2) -> 450160.72 | K59: =J59-I59 -> 0 | M59: #
A60: 23 | B60: 道路緣石收邊 | C60: M | D60: 1254.13 | E60: =估驗單!F56 -> 1254.13 | F60: =E60-D60 -> 0 | G60: 699.69 | I60: =ROUND(D60*G60,2) -> 877502.22 | J60: =ROUND(E60*G60,2) -> 877502.22 | K60: =J60-I60 -> 0 | M60: #
A61: 24 | B61: 道路緣石斜坡式 | C61: M | D61: 44.64 | E61: =估驗單!F57 -> 44.64 | F61: =E61-D61 -> 0 | G61: 1199.27 | I61: =ROUND(D61*G61,2) -> 53535.41 | J61: =ROUND(E61*G61,2) -> 53535.41 | K61: =J61-I61 -> 0 | M61: #
A62: 25 | B62: 場鑄道路緣石 | C62: M | D62: 142.26 | E62: =估驗單!F58 -> 142.26 | F62: =E62-D62 -> 0 | G62: 57.68 | I62: =ROUND(D62*G62,2) -> 8205.56 | J62: =ROUND(E62*G62,2) -> 8205.56 | K62: =J62-I62 -> 0 | M62: #
A63: 26 | B63: 伸縮縫 | C63: M | D63: 8.5 | E63: =估驗單!F59 -> 8.5 | F63: =E63-D63 -> 0 | G63: 138.84 | I63: =ROUND(D63*G63,2) -> 1180.14 | J63: =ROUND(E63*G63,2) -> 1180.14 | K63: =J63-I63 -> 0
A64: 27 | B64: 警示帶定位磚 | C64: M2 | D64: 20.48 | E64: =估驗單!F60 -> 20.48 | F64: =E64-D64 -> 0 | G64: 2145.31 | I64: =ROUND(D64*G64,2) -> 43935.95 | J64: =ROUND(E64*G64,2) -> 43935.95 | K64: =J64-I64 -> 0 | M64: #
A65: 28 | B65: 座台A | C65: M | D65: 56.1 | E65: =估驗單!F61 -> 56.1 | F65: =E65-D65 -> 0 | G65: 511.36 | I65: =ROUND(D65*G65,2) -> 28687.3 | J65: =ROUND(E65*G65,2) -> 28687.3 | K65: =J65-I65 -> 0
A66: 29 | B66: 座台D | C66: M | D66: 16.6 | E66: =估驗單!F62 -> 16.6 | F66: =E66-D66 -> 0 | G66: 829.1 | I66: =ROUND(D66*G66,2) -> 13763.06 | J66: =ROUND(E66*G66,2) -> 13763.06 | K66: =J66-I66 -> 0
A67: 30 | B67: 座台E | C67: M | D67: 2 | E67: =估驗單!F63 -> 2 | F67: =E67-D67 -> 0 | G67: 443.91 | I67: =ROUND(D67*G67,2) -> 887.82 | J67: =ROUND(E67*G67,2) -> 887.82 | K67: =J67-I67 -> 0
A68: 31 | B68: 座椅A | C68: 座 | D68: 7 | E68: =估驗單!F64 -> 7 | F68: =E68-D68 -> 0 | G68: 26450.3 | I68: =ROUND(D68*G68,2) -> 185152.1 | J68: =ROUND(E68*G68,2) -> 185152.1 | K68: =J68-I68 -> 0
A69: 32 | B69: 座椅B | C69: M | D69: 19.2 | E69: =估驗單!F65 -> 19.2 | F69: =E69-D69 -> 0 | G69: 443.91 | I69: =ROUND(D69*G69,2) -> 8523.07 | J69: =ROUND(E69*G69,2) -> 8523.07 | K69: =J69-I69 -> 0 | M69: #
A70: 33 | B70: 座椅C | C70: 座 | D70: 2 | E70: =估驗單!F66 -> 2 | F70: =E70-D70 -> 0 | G70: 23899.56 | I70: =ROUND(D70*G70,2) -> 47799.12 | J70: =ROUND(E70*G70,2) -> 47799.12 | K70: =J70-I70 -> 0
A71: 34 | B71: 座椅D-1 | C71: 座 | D71: 8 | E71: =估驗單!F67 -> 8 | F71: =E71-D71 -> 0 | G71: 25125.57 | I71: =ROUND(D71*G71,2) -> 201004.56 | J71: =ROUND(E71*G71,2) -> 201004.56 | K71: =J71-I71 -> 0 | M71: #
A72: 35 | B72: 座椅D-2 | C72: 座 | D72: 3 | E72: =估驗單!F68 -> 3 | F72: =E72-D72 -> 0 | G72: 24022.04 | I72: =ROUND(D72*G72,2) -> 72066.12 | J72: =ROUND(E72*G72,2) -> 72066.12 | K72: =J72-I72 -> 0
A73: 36 | B73: 草地座階 | C73: M | D73: 30.1 | E73: =估驗單!F69 -> 30.1 | F73: =E73-D73 -> 0 | G73: 545.1 | I73: =ROUND(D73*G73,2) -> 16407.51 | J73: =ROUND(E73*G73,2) -> 16407.51 | K73: =J73-I73 -> 0 | M73: #
A74: 37 | B74: 砌石擋牆A | C74: M | D74: 31.2 | E74: =估驗單!F70 -> 35.2 | F74: =E74-D74 -> 4 | G74: 8355.11 | I74: =ROUND(D74*G74,2) -> 260679.43 | J74: =ROUND(E74*G74,2) -> 294099.87 | K74: =J74-I74 -> 33420.44 | O74: 依實際施作長度
A75: 38 | B75: 砌石擋牆B | C75: M | D75: 17.9 | E75: =估驗單!F71 -> 24.3 | F75: =E75-D75 -> 6.4 | G75: 5394.64 | I75: =ROUND(D75*G75,2) -> 96564.06 | J75: =ROUND(E75*G75,2) -> 131089.75 | K75: =J75-I75 -> 34525.69 | O75: 依實際施作長度
A76: 39 | B76: 鋼板擋牆 | C76: M | D76: 19.6 | E76: =估驗單!F72 -> 19.6 | F76: =E76-D76 -> 0 | G76: 432.57 | I76: =ROUND(D76*G76,2) -> 8478.37 | J76: =ROUND(E76*G76,2) -> 8478.37 | K76: =J76-I76 -> 0
A77: 40 | B77: 擋牆b’型 | C77: M | D77: 24.9 | E77: =估驗單!F73 -> 24.9 | F77: =E77-D77 -> 0 | G77: 1224.22 | I77: =ROUND(D77*G77,2) -> 30483.08 | J77: =ROUND(E77*G77,2) -> 30483.08 | K77: =J77-I77 -> 0
A78: 41 | B78: 擋牆c’型 | C78: M | D78: 3.5 | E78: =估驗單!F74 -> 3.5 | F78: =E78-D78 -> 0 | G78: 1148.63 | I78: =ROUND(D78*G78,2) -> 4020.21 | J78: =ROUND(E78*G78,2) -> 4020.21 | K78: =J78-I78 -> 0
A79: 42 | B79: 樓梯E | C79: 座 | D79: 1 | E79: =估驗單!F75 -> 1 | F79: =E79-D79 -> 0 | G79: 5698.63 | I79: =ROUND(D79*G79,2) -> 5698.63 | J79: =ROUND(E79*G79,2) -> 5698.63 | K79: =J79-I79 -> 0
A80: 43 | B80: 樓梯G | C80: 座 | D80: 1 | E80: =估驗單!F76 -> 1 | F80: =E80-D80 -> 0 | G80: 5963.22 | I80: =ROUND(D80*G80,2) -> 5963.22 | J80: =ROUND(E80*G80,2) -> 5963.22 | K80: =J80-I80 -> 0
A81: 44 | B81: 樓梯H | C81: 座 | D81: 1 | E81: =估驗單!F77 -> 1 | F81: =E81-D81 -> 0 | G81: 1421.11 | I81: =ROUND(D81*G81,2) -> 1421.11 | J81: =ROUND(E81*G81,2) -> 1421.11 | K81: =J81-I81 -> 0
A82: 45 | B82: 樓梯J | C82: 座 | D82: 1 | E82: =估驗單!F78 -> 1 | F82: =E82-D82 -> 0 | G82: 4031.83 | I82: =ROUND(D82*G82,2) -> 4031.83 | J82: =ROUND(E82*G82,2) -> 4031.83 | K82: =J82-I82 -> 0
A83: 46 | B83: 樓梯K | C83: 座 | D83: 1 | E83: =估驗單!F79 -> 1 | F83: =E83-D83 -> 0 | G83: 3313.67 | I83: =ROUND(D83*G83,2) -> 3313.67 | J83: =ROUND(E83*G83,2) -> 3313.67 | K83: =J83-I83 -> 0
A84: 47 | B84: 欄杆B | C84: M | D84: 149.5 | E84: =估驗單!F80 -> 149.5 | F84: =E84-D84 -> 0 | G84: 1975.94 | I84: =ROUND(D84*G84,2) -> 295403.03 | J84: =ROUND(E84*G84,2) -> 295403.03 | K84: =J84-I84 -> 0
A85: 48 | B85: 欄杆C | C85: M | D85: 39.3 | E85: =估驗單!F81 -> 39.3 | F85: =E85-D85 -> 0 | G85: 4874.23 | I85: =ROUND(D85*G85,2) -> 191557.24 | J85: =ROUND(E85*G85,2) -> 191557.24 | K85: =J85-I85 -> 0
A86: 49 | B86: 護欄b | C86: M | D86: 51.3 | E86: =估驗單!F82 -> 51.3 | F86: =E86-D86 -> 0 | G86: 2938.96 | I86: =ROUND(D86*G86,2) -> 150768.65 | J86: =ROUND(E86*G86,2) -> 150768.65 | K86: =J86-I86 -> 0
A87: 50 | B87: 地圖牌 | C87: 座 | D87: 1 | E87: =估驗單!F83 -> 1 | F87: =E87-D87 -> 0 | G87: 23029.53 | I87: =ROUND(D87*G87,2) -> 23029.53 | J87: =ROUND(E87*G87,2) -> 23029.53 | K87: =J87-I87 -> 0 | M87: #
A88: 51 | B88: 全區導覽牌 | C88: 座 | D88: 2 | E88: =估驗單!F84 -> 2 | F88: =E88-D88 -> 0 | G88: 18604.87 | I88: =ROUND(D88*G88,2) -> 37209.74 | J88: =ROUND(E88*G88,2) -> 37209.74 | K88: =J88-I88 -> 0 | M88: #
A89: 52 | B89: 公園自治條例 | C89: 座 | D89: 1 | E89: =估驗單!F85 -> 1 | F89: =E89-D89 -> 0 | G89: 18604.87 | I89: =ROUND(D89*G89,2) -> 18604.87 | J89: =ROUND(E89*G89,2) -> 18604.87 | K89: =J89-I89 -> 0
A90: 53 | B90: 方向指示牌 | C90: 座 | D90: 2 | E90: =估驗單!F86 -> 2 | F90: =E90-D90 -> 0 | G90: 11654.82 | I90: =ROUND(D90*G90,2) -> 23309.64 | J90: =ROUND(E90*G90,2) -> 23309.64 | K90: =J90-I90 -> 0
A91: 54 | B91: 水位警示設施 | C91: 座 | D91: 2 | E91: =估驗單!F87 -> 2 | F91: =E91-D91 -> 0 | G91: 25107.48 | I91: =ROUND(D91*G91,2) -> 50214.96 | J91: =ROUND(E91*G91,2) -> 50214.96 | K91: =J91-I91 -> 0
A92: 55 | B92: 警示設施說明牌A | C92: 座 | D92: 1 | E92: =估驗單!F88 -> 1 | F92: =E92-D92 -> 0 | G92: 22415.66 | I92: =ROUND(D92*G92,2) -> 22415.66 | J92: =ROUND(E92*G92,2) -> 22415.66 | K92: =J92-I92 -> 0
A93: 56 | B93: 警示設施說明牌B | C93: 座 | D93: 1 | E93: =估驗單!F89 -> 1 | F93: =E93-D93 -> 0 | G93: 21723.54 | I93: =ROUND(D93*G93,2) -> 21723.54 | J93: =ROUND(E93*G93,2) -> 21723.54 | K93: =J93-I93 -> 0
A94: 57 | B94: 警示設施說明牌C | C94: 座 | D94: 1 | E94: =估驗單!F90 -> 1 | F94: =E94-D94 -> 0 | G94: 22646.36 | I94: =ROUND(D94*G94,2) -> 22646.36 | J94: =ROUND(E94*G94,2) -> 22646.36 | K94: =J94-I94 -> 0
A95: 58 | B95: 警示設施說明牌D | C95: 座 | D95: 4 | E95: =估驗單!F91 -> 4 | F95: =E95-D95 -> 0 | G95: 17340.05 | I95: =ROUND(D95*G95,2) -> 69360.2 | J95: =ROUND(E95*G95,2) -> 69360.2 | K95: =J95-I95 -> 0
A96: 59 | B96: 解說牌A | C96: 座 | D96: 6 | E96: =估驗單!F92 -> 6 | F96: =E96-D96 -> 0 | G96: 17340.05 | I96: =ROUND(D96*G96,2) -> 104040.3 | J96: =ROUND(E96*G96,2) -> 104040.3 | K96: =J96-I96 -> 0
A97: 60 | B97: 解說牌B | C97: 座 | D97: 1 | E97: =估驗單!F93 -> 1 | F97: =E97-D97 -> 0 | G97: 17496.65 | I97: =ROUND(D97*G97,2) -> 17496.65 | J97: =ROUND(E97*G97,2) -> 17496.65 | K97: =J97-I97 -> 0
A98: 61 | B98: 解說牌C | C98: 座 | D98: 1 | E98: =估驗單!F94 -> 1 | F98: =E98-D98 -> 0 | G98: 1501.66 | I98: =ROUND(D98*G98,2) -> 1501.66 | J98: =ROUND(E98*G98,2) -> 1501.66 | K98: =J98-I98 -> 0
A99: 62 | B99: 解說牌E | C99: 座 | D99: 1 | E99: =估驗單!F95 -> 1 | F99: =E99-D99 -> 0 | G99: 1240.05 | I99: =ROUND(D99*G99,2) -> 1240.05 | J99: =ROUND(E99*G99,2) -> 1240.05 | K99: =J99-I99 -> 0
A100: 63 | B100: 解說牌F | C100: 座 | D100: 1 | E100: =估驗單!F96 -> 1 | F100: =E100-D100 -> 0 | G100: 1470.75 | I100: =ROUND(D100*G100,2) -> 1470.75 | J100: =ROUND(E100*G100,2) -> 1470.75 | K100: =J100-I100 -> 0
... A105: 68 | B105: 標線，熱處理聚酯，反光，厚2mm，黏層劑(底漆)，第Ⅱ型 | C105: M2 | D105: 759.43 | E105: =估驗單!F101 -> 759.43 | F105: =E105-D105 -> 0 | G105: 647.65 | I105: =ROUND(D105*G105,2) -> 491844.84 | J105: =ROUND(E105*G105,2) -> 491844.84 | K105: =J105-I105 -> 0
...

Sheet 大宗資材
A1: 臺北市政府工務局水利工程處
A2: 數量計算書
A3: 工程名稱：磺港溪再造C段護岸及步道整建工程(三合橋至奇岩抽水站)
A4: 施工地點：北投磺港溪 | F4: 工程編號：111 070020302 038 02
A5: 項次 | B5: 項目及說明 | C5: 單位 | D5: 原契約數量 | E5: 變更後數量 | F5: 計算式 | H5: 數量小計 | I5: 實作數量合計 | J5: 應追加減數量
A6: 壹 | B6: 發包工程費 | C6: 式 | D6: 1
A7: 一 | B7: 工程費 | C7: 式 | D7: 1
A8: 1.2.3 | B8: 鋼筋，SD280W | C8: KG | D8: 18865.76 | F8: 砌石擋牆A L=35.2 | G8: (1.65*236*2+6*60*2+3.95*236+2.9*236+6*282)*0.994 | H8: =(1.65*236*2+6*60*2+3.95*236+2.9*236+6*282)*0.994 -> 4778.5556 | J8: 尚有其他項目未施做
A9: 1.3.5 | B9: 鋼筋，SD280W | C9: KG | D9: 6240.88 | F9: 希冀橋人行道引道、透空步道混凝土踏階 | J9: 尚未施做
A10: 1.4.7 | B10: 鋼筋，SD280W | C10: KG | D10: 13138 | F10: 低水護岸+護岸二+護岸三 | G10: 鋼筋表 | H10: 16735.408 | I10: 32720.212 | J10: =I10-D10 -> 19582.212
F11: 預力樁柱頭筋 | G11: ((2.8*1.56*8)+(0.55*0.56*13))*58 | H11: 2258.984
F12: 清江公園側擋土牆2處 | G12: 鋼筋表 | H12: 2194.92
A13: 變更 | F13: 保護樹繫粱A+B | G13: (43.6+0.6*8)*4*0.994+(0.3+0.35+0.18*2+0.55)*43.6/0.3*0.994 | H13: 417.79808
A14: 變更 | F14: 保護樹A擋土牆L=35.2 | G14: (1.65*236*2+6*60*2+3.95*236+2.9*236+6*282)*0.994 | H14: 4778.5556
A15: 變更 | F15: 既有堤牆加高 | G15: 堤牆加高計算表 | H15: 599.58
A16: 變更 | F16: 既有堤牆加高(L=18.8M)H=40+漸變19-56cm | G16: (18.8/0.2)*(1.075+0.62)*1.56+(8*18.8*1.56) | H16: 483.1788
A17: 變更 | F17: 植栽槽 | G17: (250/0.5*0.4+1*250)*0.994 | H17: 447.3
A18: 變更 | F18: 橋台下方擋土牆(雙孔箱涵出口端牆) | G18: 鋼筋表 | H18: 2609.568
A19: 變更 | F19: 既有堤牆修復2處(清江公園) | G19: 鋼筋表 | H19: 2194.92
F20: 磺港橋頭2處(與既有銜接) | G20: 尚未施作
A21: 1.5.9 | B21: 鋼筋，SD280W | C21: KG | D21: 137462 | F21: 單孔箱涵 | G21: 鋼筋表 | H21: 75613.2 | I21: 207085.17 | J21: =I21-D21 -> 69623.17
F22: 出流井(含銜接出口) | G22: 鋼筋表 | H22: 262.22
F23: 雙孔箱涵 | G23: 鋼筋表 | H23: 130550.17
F24: 人孔頸 | G24: (1.35*9*2*2*1.56+1.2*8*2*0.994)*4+(1.41+2.59+2.57+1.88)*13*1.56+0.6*3.14*(10+18+17+13)*0.994 | H24: =(1.35*9*2*2*1.56+1.2*8*2*0.994)*4+(1.41+2.59+2.57+1.88)*13*1.56+0.6*3.14*(10+18+17+13)*0.994 -> 659.58557
A25: 1.6.11 | B25: 鋼筋，SD280W | C25: KG | D25: 12810 | F25: 道路側溝 | G25: 計算表 | H25: 41151.39 | I25: 46353.23 | J25: 33543.23
F26: 集水井 | G26: 計算表 | H26: 5201.84
G27: 鋼筋，SD280W追加小計 | I27: =ROUND(SUM(J8:J26),2) -> 122748.61 | J27: =ROUND(I27*36.4,2) -> 4468049.4 | M27: =J27+J40+J58+J73+J81+J92+J106+J122 -> 14615438
A28: 1.3.6 | B28: 鋼筋，SD420W | C28: KG | D28: 102796.95 | F28: 磺港橋橋台(含防震塊) | G28: 7194.35+7703.67+4325.4 | H28: 19223.42 | I28: 56143.838 | J28: 尚有其他項目未施做
F29: 希冀橋橋台(含防震塊) | G29: 2215.51+1346.07 | H29: 3561.58
F30: 橋台下方擋土牆 | G30: (14.6*36+6.75*80+3.65*80+1.75*80+14.6*12)*1.56 | H30: 2609.568
F31: 磺港橋橋面版 | G31: (11.5*142+5*142+9.85*71+8.35*142+6.85*71)*2.25+((8.5+6.4+5)*105+1.6*250+1.3*215+1.6*630+11*53+9.8*104+8.6*53)*1.56 | H31: 19710
F32: 磺港橋進橋版 | G32: 5.25*107*3.05+(12*34+4.8*34+5.25*54+10*9+8.5*18+7*9)*2.25+(5.25*106*3.05)+(12*34+4.8*34+5.25*53+10*9+8.5*18+7*9)*2.25 | H32: 8622
F33: 磺港橋護欄 | G33: (7*108+3.1*252+0.5*252)*0.994 | H33: 1653.2208
F34: 磺港橋伸縮縫 | G34: 7.95*8*3.05+(9.45+6.15)*4*1.56+1.1*191*2.25 | H34: 764.049
A35: 1.4.8 | B35: 鋼筋，SD420W | C35: KG | D35: 15589 | F35: 護岸二+護岸三 | G35: 鋼筋表 | H35: 15565.555 | I35: 23923.675 | J35: 8334.6749
A36: 變更 | F36: 微型樁 | G36: 6*218*6.39 | H36: 8358.12
A37: 變更 | F37: 磺港橋頭2處(與既有銜接) | G37: 尚未施做
A38: 1.5.10 | B38: 鋼筋，SD420W | C38: KG | D38: 116638 | F38: 出流井(含銜接出口) | G38: 鋼筋表 | H38: 5375.786 | I38: 168230.73 | J38: 51592.726
F39: 雙孔箱涵 | G39: 鋼筋表 | H39: 162854.94
G40: 鋼筋，SD420W追加小計 | I40: =ROUND(SUM(J28:J39),2) -> 59927.4 | J40: =ROUND(I40*38.71,2) -> 2319789.6
B41: 合約鋼筋總量 | D41: =SUM(D8:D39) -> 423540.59 | G41: 鋼筋追加金額合計 | I41: =I40+I27 -> 182676.01 | J41: =J40+J27 -> 6787839.1
A42: 1.3.7 | B42: 清水模板，甲種 | C42: M2 | D42: 223.3 | F42: 希冀橋人行道引道、透空步道混凝土踏階 | I42: 0 | J42: 尚未施做
A44: 1.3.8 | B44: 清水模板，乙種 | C44: M2 | D44: 450.04 | F44: 磺港橋橋台(含防震塊) | G44: (15.3+14.35)*(1.15+1.5+2.75+0.1*2)+(1.5*1.15+1.5*0.5+0.42*0.7)*2*2+(0.25*0.6*4)*14+(2.2*0.45*2+0.75*2.2+1.05*0.6)*14 | H44: 245.156 | I44: 562.974 | J44: 112.934
F45: 希冀橋上構(含防震塊) | G45: (2.38+1.95+0.5+0.5+2.67)*2*1+(0.25*0.6*4)*4+((3.5*2.15)+(3.5*2.35)+1.5*1.15*2+1*0.5*2*0.42*0.7*2)+(2*0.45*2+0.75*2+1.05*0.6)*4 | H45: 53.908
F46: 磺港橋橋面版 | G46: (18.6+16.96)/2*(13.3-0.7*7+0.1*14)+ (0.2*(18.6+16.96)/2)+(0.25*(15.3+14.5)) | H46: 185.25
F47: 護欄 | G47: (0.2+0.95)*2*(18.2+16) | H47: 78.66
A48: 1.4.5 | B48: 清水模板，乙種 | C48: M2 | D48: 1203 | F48: 低水護岸 | G48: (1.5*2*246.3+1.5*0.75*12) | H48: =(1.5*2*246.3+1.5*0.75*12) -> 752.4 | I48: =SUM(H48:H58) -> 6224.5962 | J48: =I48-D48 -> 5021.5962
F49: 護岸三面牆L=L57.6(41.1+16.5)+R11.2(現場丈量) | G49: (3.63*41.1*1+(1.1+0.5)/2*3.6*3)+(2.1*16.5*1)+(3.95*11.2*1+(1.1+0.5)/2*3.95*2) | H49: =(3.63*41.1*1+(1.1+0.5)/2*3.6*3)+(2.1*16.5*1)+(3.95*11.2*1+(1.1+0.5)/2*3.95*2) -> 243.043
F50: 護岸二牆L=R17(現場丈量) | G50: ((4.79+3.4)/2*17*2+(0.3+0.5)/2*(4.79+3.4)/2*2) | H50: =((4.79+3.4)/2*17*2+(0.3+0.5)/2*(4.79+3.4)/2*2) -> 142.506
F51: 雙孔箱涵出口端牆 | G51: (15.8*3.45-7.05*2.6)*2 | H51: =(15.8*3.45-7.05*2.6)*2 -> 72.36
F52: 0+070樓梯處牆修復 | G52: (9.8*3.3*2) | H52: =(9.8*3.3*2) -> 64.68
A53: 變更 | F53: 既有堤牆修復2處(清江公園)
A54: 變更 | F54: 磺港橋頭2處(與既有銜接)
A55: 1.5.5 | B55: 清水模板，乙種 | C55: M2 | D55: 3740 | E55: 4240 | F55: 雙孔箱涵(內側) | G55: (1.3*4+2.3*2+0.495*8)*280 | H55: =(1.3*4+2.3*2+0.495*8)*280 -> 3852.8 | I55: =SUM(H55:H57) -> 4949.6072 | J55: =I55-E55 -> 709.6072
F56: 單孔箱涵(內側) | G56: 1.2*3*300 | H56: =1.2*3*300 -> 1080
F57: 人孔頸(內側) | G57: ((1.41-0.2)+(2.59-0.2)+(2.57-0.2)+(1.88-0.2))*2+(0.6*3.14*0.2*4) | H57: =((1.41-0.2)+(2.59-0.2)+(2.57-0.2)+(1.88-0.2))*2+(0.6*3.14*0.2*4) -> 16.8072
G58: 清水模板，乙種追加小計 | I58: =ROUND(SUM(J44:J57),2) -> 5844.14 | J58: =ROUND(I58*982.93,2) -> 5744380.5
A59: 1.5.6 | B59: 清水模板，丙種 | C59: M2 | D59: 38 | F59: 出流井(內側) | G59: (4.1*2.7+2.8*2.7)*2-(1.2*1.2*2)+4.1*2.8+1.75*2 | H59: =(4.1*2.7+2.8*2.7)*2-(1.2*1.2*2)+4.1*2.8+1.75*2 -> 49.36 | I59: =H59 -> 49.36 | J59: =I59-D59 -> 11.36
A60: 1.6.9 | B60: 清水模板，丙種 | C60: M2 | D60: 867 | F60: 道路側溝(內側) | G60: 計算表 | H60: 819.75 | I60: 888.102 | J60: 21.102
F61: 集水井(內側) | G61: 計算表 | H61: 68.352
G62: 清水模板，丙種追加小計 | I62: =ROUND(SUM(J59:J60),2) -> 32.46 | J62: =ROUND(I62*698.28,2) -> 22666.17
A63: 1.3.9 | B63: 普通模板，乙種 | C63: M2 | D63: 28.27 | F63: 希冀橋橋台+PC | G63: (4.67*1.15)*2+(2.88*1.15*2)+(5.05+3.1+3.9+1.9)*2*0.1+(15.7+14.75+1.9*2)*2*0.1 | H63: 27.01 | I63: 41.875 | J63: =I63-D63 -> 13.605
F64: 磺港橋進橋版 | G64: 1.6*5*2 | H64: 14.865
A65: 1.4.6 | B65: 普通模板，乙種 | C65: M2 | D65: 393 | F65: 護岸三基礎+背牆+PC | G65: ((0.6*41.1*2)+(0.6*1.7*3))+(1.7*16.5+0.6*16.5+0.6*2.2*2)+(3.63*41.1*1+(2.1*16.5*1))+(3.95*11.2*1+(0.6*11.2*2)+(0.6*1.7*1))+(41.1*2+1.7*4+11.2*2)*0.1 | H65: =((0.6*41.1*2)+(0.6*1.7*3))+(1.7*16.5+0.6*16.5+0.6*2.2*2)+(3.63*41.1*1+(2.1*16.5*1))+(3.95*11.2*1+(0.6*11.2*2)+(0.6*1.7*1))+(41.1*2+1.7*4+11.2*2)*0.1 -> 346.653 | I65: =SUM(H65:H72) -> 2197.7236 | J65: =I65-D65 -> 1804.7236
F66: 護岸二基礎 | G66: (0.45*17)*2+(2.5*0.45*2) | H66: =(0.45*17)*2+(2.5*0.45*2) -> 17.55
A67: 變更 | F67: 清江公園側擋土牆2處 | G67: (2.85+0.5)*7.6*2+(2.85+0.5)*6.35*2 | H67: =(2.85+0.5)*7.6*2+(2.85+0.5)*6.35*2 -> 93.465
A68: 變更 | F68: 保護樹微型樁繫粱A+B | G68: 0.6*(23.8+19.8)*2+0.6*0.4*4 | H68: =0.6*(23.8+19.8)*2+0.6*0.4*4 -> 53.28
A69: 變更 | F69: 既有堤牆加高 | G69: 堤牆加高計算表 | H69: 115.54
A70: 變更 | F70: 植栽槽 | G70: 0.25*2*250 | H70: =0.25*2*250 -> 125
A71: 變更 | F71: 既有堤牆加高(L=18.8M)H=40+漸變19-56cm | G71: (0.2+0.55+0.4+0.225+0.212+0.375)*18.8 | H71: =(0.2+0.55+0.4+0.225+0.212+0.375)*18.8 -> 36.8856
A72: 1.5.7 | B72: 普通模板，乙種 | C72: M2 | D72: 783 | F72: 雙孔箱涵(外側60+220) | G72: (2.8*2)*60+(2.2*2)*220+(0.7*7.05+0.35*2*3+0.35*0.35*4)*14 | H72: 1409.35 | I72: 1409.35 | J72: 626.35
G73: 普通模板，乙種追加小計 | I73: =ROUND(SUM(J63:J72),2) -> 2444.68 | J73: =ROUND(I73*626.35,2) -> 1531225.3
A74: 1.2.6 | B74: 普通模板，丙種 | C74: M2 | D74: 1926.87 | F74: 砌石擋牆A L=35.2 | G74: (0.3+2.35+0.5+0.35+2.7)*35.2 | H74: 218.24 | I74: 218.24
A76: 1.5.8 | B76: 普通模板，丙種 | C76: M2 | D76: 300 | F76: 出流井(外側) | G76: (4.7+3.4)*3.4*2-(1.2*1.2) | H76: 53.64 | I76: 761.34 | J76: 461.34
F77: 單孔箱涵(外側) | G77: 1.8*2*67+1.8*1*233+(1.8*1.8-1.2*1.2)*15 | H77: 687.6
F78: 人孔頸(外側) | G78: ((1.41-0.2)+(2.59-0.2)+(2.57-0.2)+(1.88-0.2))*2+(1.5*4*0.2*4) | H78: 20.1
A79: 1.6.10 | B79: 普通模板，丙種 | C79: M2 | D79: 1257 | F79: 道路側溝(外側) | G79: 計算表 | H79: 1046.38 | I79: 1205.9 | J79: -51.1
F80: 集水井(外側) | G80: 計算表 | H80: 159.52
G81: 普通模板，丙種追加小計 | I81: =ROUND(SUM(J74:J80),2) -> 410.24 | J81: =ROUND(I81*461.34,2) -> 189260.12
G82: 模板追加金額合計 | J82: =J81+J73+J62+J58 -> 7487532.1
A83: 1.2.4 | B83: 結構用混凝土，預拌，140kgf/cm2 | C83: M3 | D83: 107.91 | F83: 砌石擋牆A L=35.2 | G83: 1.35*35.2*0.1 | H83: =1.35*35.2*0.1 -> 4.752 | I83: =H83 -> 4.752 | J83: 尚未完成
A84: 1.3.2 | B84: 結構用混凝土，預拌，140kgf/cm2 | C84: M3 | D84: 26.33 | F84: 磺港橋橋台 | G84: (15.2*1.9*0.1)+(14.55*1.9*0.1) | H84: =(15.2*1.9*0.1)+(14.55*1.9*0.1) -> 5.6525 | J84: 尚未完成
F85: 希冀橋橋台 | G85: (3.08*4.87*0.1)+(3.7*1.7*0.1) | H85: =(3.08*4.87*0.1)+(3.7*1.7*0.1) -> 2.12896
F86: 橋台下方擋土牆 | G86: (16.2*1.5*0.1) | H86: =16.2*1.5*0.1 -> 2.43
F87: 晶化地坪、希冀橋人行道引道
A88: 1.4.1 | B88: 結構用混凝土，預拌，140kgf/cm2 | C88: M3 | D88: 22 | F88: 低水護岸246.3M+護岸三 | G88: (246.3*0.85*0.05)+(1.7*0.1*(11.2+57.6)) | H88: 22.16375 | I88: 22.16375
A89: 1.5.1 | B89: 結構用混凝土，預拌，140kgf/cm2 | C89: M3 | D89: 252 | F89: 單孔箱涵+出流井(含銜接出口)+雙孔箱涵，河床封底段未打PC | G89: (2.1*0.1*300)+(5*3.7*0.1+1.8*2.1*0.1)+(7.35*0.1*60) | H89: =(2.1*0.1*300)+(5*3.7*0.1+1.8*2.1*0.1)+(7.35*0.1*60) -> 109.328 | I89: =H89 -> 109.328 | J89: =I89-D89 -> -142.672
A90: 1.6.6 | B90: 結構用混凝土，預拌，140kgf/cm2 | C90: M3 | D90: 49 | F90: 道路側溝、集水井PC | G90: 0.8*731.4*0.05+0.9*1.1*0.05*57 | H90: =0.8*731.4*0.05+0.9*1.1*0.05*57 -> 32.0775 | I90: =H90 -> 32.0775 | J90: 尚未完成
G92: 140kgf/cm2追加小計 | I92: =ROUND(SUM(J83:J91),2) -> -142.67 | J92: =ROUND(I92*3114.97,2) -> -444412.77
A93: 1.2.5 | B93: 結構用混凝土，預拌，210kgf/cm2 | C93: M3 | D93: 564.01 | F93: 砌石擋牆A L=35.2 | G93: (1.35+2.05)*35.2*0.3+0.8*0.35*35.2 | H93: =(1.35+2.05)*35.2*0.3+0.8*0.35*35.2 -> 45.76 | I93: =SUM(H93:H94) -> 45.76
A94: 1.3.3 | B94: 結構用混凝土，預拌，210kgf/cm2 | C94: M3 | D94: 36.86 | F94: 希冀橋無障礙警示帶、希冀橋人行道引道、透空步道混凝土踏階 | J94: 尚未完成
A95: 1.4.2 | B95: 結構用混凝土，預拌，210kgf/cm2 | C95: M3 | D95: 302 | F95: 樁內灌漿112.8.30施工前會議改280依210計價 | G95: 58*8*(0.25*0.25*3.14) | H95: =58*8*(0.25*0.25*3.14) -> 91.06 | I95: =H95+H96+H97+H98+H99 -> 150.04532 | J95: =I95-D95 -> -151.95468
F96: 保護樹微型樁繫粱A+B | G96: 0.6*0.4*(23.8+19.8) | H96: =0.6*0.4*(23.8+19.8) -> 10.464
F97: 既有堤牆加高、植栽槽加高 | G97: (0.25*0.15*250)+((0.08+0.46+0.44+0.42+0.39+0.3+0.24+0.18+0.13+0.13+0.12+0.1+0.05+0.02)/14*0.2*250)+((0.2*0.55)+(0.2*0.4)+(0.375*0.2)+(0.225+0.375)*0.15/2)*18.8 | H97: =(0.25*0.15*250)+((0.08+0.46+0.44+0.42+0.39+0.3+0.24+0.18+0.13+0.13+0.12+0.1+0.05+0.02)/14*0.2*250)+((0.2*0.55)+(0.2*0.4)+(0.375*0.2)+(0.225+0.375)*0.15/2)*18.8 -> 26.131571
A98: 變更 | F98: 既有堤牆修復2處(清江公園) | G98: (2.85*(7.6+6.35)*0.3)+(0.5*(7.6+6.35)*1.5) | H98: =(2.85*(7.6+6.35)*0.3)+(0.5*(7.6+6.35)*1.5) -> 22.38975
A99: 變更 | F99: 磺港橋頭2處 | G99: 尚未施作
A100: 1.5.2 | B100: 結構用混凝土，預拌，210kgf/cm2 | C100: M3 | D100: 2490 | F100: 單孔箱涵(里程L=300) | G100: (1.8*0.3*2+1.2*0.3*2)*300 | H100: =(1.8*0.3*2+1.2*0.3*2)*300 -> 540 | I100: =SUM(H100:H103) -> 2673.7049 | J100: =I100-D100 -> 183.70488
F101: 出流井(含銜接出口) | G101: (4.7*3.4*0.3*2)+(2.7*4.7*0.3*2)+(1.75*0.2*2.8+2.8*2.45*0.2)+(2.7*2.8*0.3*2)-(2.4*1.5+1.2*1.2*2)*0.3 | H101: =(4.7*3.4*0.3*2)+(2.7*4.7*0.3*2)+(1.75*0.2*2.8+2.8*2.45*0.2)+(2.7*2.8*0.3*2)-(2.4*1.5+1.2*1.2*2)*0.3 -> 22.146
F102: 雙孔箱涵(里程L=280) | G102: (7.05*2.7-3*2*2+0.35*0.35*4)*280 | H102: =(7.05*2.7-3*2*2+0.35*0.35*4)*280 -> 2107
F103: 人孔頸及頂板 | G103: (0.45*0.45-0.3*0.3)*3.14*(1.41+2.59+2.57+1.88)+(1.5*1.5-(0.3*0.3*3.14))*0.2*4 | H103: =(0.45*0.45-0.3*0.3)*3.14*(1.41+2.59+2.57+1.88)+(1.5*1.5-(0.3*0.3*3.14))*0.2*4 -> 4.5588825
...

Sheet 變更說明
C1: 臺北市政府工務局水利工程處
C2: 變更項目對照詳細表 | R2: -4483155.4
A3: 工程名稱：磺港溪再造C段護岸及步道整建工程(三合橋至奇岩抽水站) | N3: 日期： | O3: 45621
A4: 原契約分為 10 部分 本次變更 4 部分原有 393 項 | L4: 訂約總價 | O4: 257600000
A5: 前經 2 次變更設計，計新增 9 項，減少 1 項，變更 11 項，變更後合計 402 項 | L5: 前次變更後總價(綜簽)
A6: 本次變更設計，計新增 0 項，減少 0 項，變更 97 項，變更後合計 402 項 | L6: 本次變更後總價
A7: 項次 | B7: 項目名稱 | C7: 單位 | D7: 原 定 數 量 | E7: 2變後 數 量 | F7: 3變後 數 量 | G7: 增 減 數 量 | H7: 契 約 單 價 | I7: 新 增 單 價 | J7: 新 增 單 價 | K7: 原 訂 合 價 | L7: 2變後 合價 | M7: 3變後 合價 | N7: 追加 | O7: 追減 | P7: 備註 | R7: 變更依據 | S7: 數量計算式 | T7: 變更原因
A9: 壹 | B9: 發包工程費 | C9: 式 | D9: 1 | H9: 271134529 | K9: 271134529 | L9: =L10+L351+L362+L402+L406+L425+L445+L448+L449+L451 -> 3.0497528e+08 | M9: =M10+M351+M362+M402+M406+M425+M445+M448+M449+M451 -> 3.2218369e+08 | N9: =N10+N351+N362+N402+N406+N425+N445+N448+N449+N451 -> 18734760 | O9: =O10+O351+O362+O402+O406+O425+O445+O448+O449+O451 -> -1490274.3 | P9: =N9+O9 -> 17244486
A10: 一 | B10: 工程費 | C10: 式 | D10: 1 | H10: 2.1136714e+08 | K10: 2.1136714e+08 | L10: =L11+L37+L123+L163+L192+L212+L229+L307+L341 -> 2.3286809e+08 | M10: =M11+M37+M123+M163+M192+M212+M229+M307+M341 -> 2.4680905e+08 | N10: =N11+N37+N123+N163+N192+N212+N229+N307+N341 -> 15467309 | O10: =O11+O37+O123+O163+O192+O212+O229+O307+O341 -> -1490274.3
A11: (一) | B11: 整備工程 | C11: 式 | D11: 1 | H11: 58934658 | K11: 58934658 | L11: =SUM(L12:L36) -> 61233816 | M11: =SUM(M12:M36) -> 61250848 | N11: =SUM(N12:N36) -> 17032.59 | O11: =SUM(O12:O36) -> 0
A12: 1 | B12: 機械拆除，瀝青混凝土，未含運費 | C12: M3 | D12: 720.24 | E12: 720.24 | F12: =估驗單!F8 -> 720.24 | H12: 193.11 | K12: 139085.55 | L12: =ROUND(E12*H12,2) -> 139085.55 | M12: =ROUND(F12*H12,2) -> 139085.55 | N12: =IF(L12-M12<0+AND(L12<>0),M12-L12," ") -> 0
A13: 2 | B13: 機械拆除，鋼筋混凝土，未含運費 | C13: M3 | D13: 4813.44 | E13: 4813.44 | F13: =估驗單!F9 -> 4813.44 | H13: 1046.16 | K13: 5035628.4 | L13: =ROUND(E13*H13,2) -> 5035628.4 | M13: =ROUND(F13*H13,2) -> 5035628.4 | N13: =IF(L13-M13<0+AND(L13<>0),M13-L13," ") -> 0
A14: 3 | B14: 盤踞切割 | C14: M | D14: 1743 | E14: 1743 | F14: =估驗單!F10 -> 1743 | H14: 6199.66 | K14: 10806007 | L14: =ROUND(E14*H14,2) -> 10806007 | M14: =ROUND(F14*H14,2) -> 10806007 | N14: =IF(L14-M14<0+AND(L14<>0),M14-L14," ") -> 0 | P14: #磺港路橋(奇岩抽水站旁)1533.9m、希冀橋208.6m
A15: 4 | B15: 基地及路幅開挖，未含運費，(機械挖，0.7～0.79m3開挖機) | C15: B.M3 | D15: 26370 | E15: 28009.56 | F15: =估驗單!F11 -> 28009.56 | H15: 48.28 | K15: 1273143.6 | L15: =ROUND(E15*H15,2) -> 1352301.6 | M15: =ROUND(F15*H15,2) -> 1352301.6 | N15: =IF(L15-M15<0+AND(L15<>0),M15-L15," ") -> 0 | R15: 112年12月12日 北市工水工字第1126067256號 | S15: 新設磺港橋及希冀橋橋台辦理既有基樁與新設基樁清障開挖+單孔過路段及清江公園 ((5*6*6.5*2)+(13*3.5*6.8)+(3.2*8.5*1.6))+((747.2+149.44)) | T15: 機關/現場需求 (百齡)
A16: 5 | B16: 瀝青混凝土面層刨除，刨除料運費 | C16: M3 | D16: 4726.67 | E16: 4726.67 | F16: =估驗單!F12 -> 4726.67 | H16: 599.71 | K16: 2834631.3 | L16: =ROUND(E16*H16,2) -> 2834631.3 | M16: =ROUND(F16*H16,2) -> 2834631.3 | N16: =IF(L16-M16<0+AND(L16<>0),M16-L16," ") -> 0
A17: 6 | B17: 利用填方，含夯實 | C17: M3 | D17: 13120 | E17: 13120 | F17: =估驗單!F13 -> 13120 | H17: 104.64 | K17: 1372876.8 | L17: =ROUND(E17*H17,2) -> 1372876.8 | M17: =ROUND(F17*H17,2) -> 1372876.8 | N17: =IF(L17-M17<0+AND(L17<>0),M17-L17," ") -> 0
A18: 7 | B18: 餘方遠運處理(台北港) | C18: B.M3 | D18: 13251 | E18: 13251 | F18: =估驗單!F14 -> 13251 | H18: 1027.37 | K18: 13613680 | L18: =ROUND(E18*H18,2) -> 13613680 | M18: =ROUND(F18*H18,2) -> 13613680 | N18: =IF(L18-M18<0+AND(L18<>0),M18-L18," ") -> 0 | P18: 僅含運費(運距約<20K)(土方管理費檢據核銷)
A19: 8 | B19: 餘方自行處理(房屋廢方，含水土保持) | C19: M3 | D19: 4601.44 | E19: 4601.44 | F19: =估驗單!F15 -> 4601.44 | H19: 1084.98 | K19: 4992470.4 | L19: =ROUND(E19*H19,2) -> 4992470.4 | M19: =ROUND(F19*H19,2) -> 4992470.4 | N19: =IF(L19-M19<0+AND(L19<>0),M19-L19," ") -> 0
A20: 9 | B20: 瀝青混凝土面層刨除，厚5cm，刨除機1.2m寬，含瀝青鋪面打毛(未含運費) | C20: M2 | D20: 2588.5 | E20: 2588.5 | F20: =估驗單!F16 -> 2588.5 | H20: 30.45 | K20: 78819.83 | L20: =ROUND(E20*H20,2) -> 78819.83 | M20: =ROUND(F20*H20,2) -> 78819.83 | N20: =IF(L20-M20<0+AND(L20<>0),M20-L20," ") -> 0 | P20: #含瀝青鋪面打毛
A21: 10 | B21: 瀝青混凝土面層刨除，厚10cm，刨除機2.2m寬，未含運費 | C21: M2 | D21: 9177 | E21: 9177 | F21: =估驗單!F17 -> 9177 | H21: 28.48 | K21: 261360.96 | L21: =ROUND(E21*H21,2) -> 261360.96 | M21: =ROUND(F21*H21,2) -> 261360.96 | N21: =IF(L21-M21<0+AND(L21<>0),M21-L21," ") -> 0
A22: 11 | B22: 切割瀝青混凝土或無筋混凝土，5cm≦切割深度＜10cm | C22: M | D22: 162.5 | E22: 162.5 | F22: =估驗單!F18 -> 162.5 | H22: 65.4 | K22: 10627.5 | L22: =ROUND(E22*H22,2) -> 10627.5 | M22: =ROUND(F22*H22,2) -> 10627.5 | N22: =IF(L22-M22<0+AND(L22<>0),M22-L22," ") -> 0
A23: 12 | B23: 清除及掘除，雜草雜木，含垃圾撿除，人工割 | C23: M2 | D23: 5217.7 | E23: 5217.7 | F23: =估驗單!F19 -> 5217.7 | H23: 20.19 | K23: 105345.36 | L23: =ROUND(E23*H23,2) -> 105345.36 | M23: =ROUND(F23*H23,2) -> 105345.36 | N23: =IF(L23-M23<0+AND(L23<>0),M23-L23," ") -> 0
A24: 13 | B24: 垃圾及廢棄物(以體積計)清運 | C24: M3 | D24: 782.66 | E24: 782.66 | F24: =估驗單!F20 -> 782.66 | H24: 2286.68 | K24: 1789693 | L24: =ROUND(E24*H24,2) -> 1789693 | M24: =ROUND(F24*H24,2) -> 1789693 | N24: =IF(L24-M24<0+AND(L24<>0),M24-L24," ") -> 0 | P24: #
A25: 14 | B25: 節塊吊放 | C25: 次 | D25: 425 | E25: 425 | F25: =估驗單!F21 -> 425 | H25: 521.15 | K25: 221488.75 | L25: =ROUND(E25*H25,2) -> 221488.75 | M25: =ROUND(F25*H25,2) -> 221488.75 | N25: =IF(L25-M25<0+AND(L25<>0),M25-L25," ") -> 0 | P25: #磺港路橋、共月橋、三合橋
A26: 15 | B26: 機械拆除，工地雜項拆除清理，欄杆，含運費 | C26: M | D26: 255.5 | E26: 255.5 | F26: =估驗單!F22 -> 314.3 | G26: =F26-E26 -> 58.8 | H26: 289.67 | K26: 74010.69 | L26: =ROUND(E26*H26,2) -> 74010.69 | M26: =ROUND(F26*H26,2) -> 91043.28 | N26: =IF(L26-M26<0+AND(L26<>0),M26-L26," ") -> 17032.59 | R26: 依實作數量計算
A27: 16 | B27: 土方運送(百齡抽水站) | C27: 趟 | D27: 2204 | E27: 2204 | F27: =估驗單!F23 -> 2204 | H27: 3082.11 | K27: 6792970.4 | L27: =ROUND(E27*H27,2) -> 6792970.4 | M27: =ROUND(F27*H27,2) -> 6792970.4 | N27: =IF(L27-M27<0+AND(L27<>0),M27-L27," ") -> 0
A28: 17 | B28: 既有路燈拆除繳回 | C28: 盞 | D28: 66 | E28: 66 | F28: =估驗單!F24 -> 66 | H28: 3311.26 | K28: 218543.16 | L28: =ROUND(E28*H28,2) -> 218543.16 | M28: =ROUND(F28*H28,2) -> 218543.16 | N28: =IF(L28-M28<0+AND(L28<>0),M28-L28," ") -> 0 | P28: #料繳回，含運費。
A29: 18 | B29: 座椅拆除繳回 | C29: 座 | D29: 18 | E29: 18 | F29: =估驗單!F25 -> 18 | H29: 1199.93 | K29: 21598.74 | L29: =ROUND(E29*H29,2) -> 21598.74 | M29: =ROUND(F29*H29,2) -> 21598.74 | N29: =IF(L29-M29<0+AND(L29<>0),M29-L29," ") -> 0 | P29: #料繳回，含運費。
A30: 19 | B30: 解說牌拆除 | C30: 座 | D30: 4 | E30: 4 | F30: =估驗單!F26 -> 4 | H30: 2999.84 | K30: 11999.36 | L30: =ROUND(E30*H30,2) -> 11999.36 | M30: =ROUND(F30*H30,2) -> 11999.36 | N30: =IF(L30-M30<0+AND(L30<>0),M30-L30," ") -> 0 | P30: #料繳回，含運費。
A31: 20 | B31: 自行車架拆除 | C31: 座 | D31: 20 | E31: 20 | F31: =估驗單!F27 -> 20 | H31: 2999.84 | K31: 59996.8 | L31: =ROUND(E31*H31,2) -> 59996.8 | M31: =ROUND(F31*H31,2) -> 59996.8 | N31: =IF(L31-M31<0+AND(L31<>0),M31-L31," ") -> 0 | P31: #料繳回，含運費。
A32: 21 | B32: 交通牌誌拆除 | C32: 座 | D32: 15 | E32: 15 | F32: =估驗單!F28 -> 15 | H32: 2999.84 | K32: 44997.6 | L32: =ROUND(E32*H32,2) -> 44997.6 | M32: =ROUND(F32*H32,2) -> 44997.6 | N32: =IF(L32-M32<0+AND(L32<>0),M32-L32," ") -> 0 | P32: #料繳回，含運費。
A33: 22 | B33: 既有水利設施拆除及運送 | C33: 式 | D33: 1 | E33: 1 | F33: =估驗單!F29 -> 1 | H33: 399978.19 | K33: 399978.19 | L33: =ROUND(E33*H33,2) -> 399978.19 | M33: =ROUND(F33*H33,2) -> 399978.19 | N33: =IF(L33-M33<0+AND(L33<>0),M33-L33," ") -> 0 | P33: 水閘門
A34: 23 | B34: 交通維持，道路管制人員，日間(06-22時)，義交 | C34: 時 | D34: 30800 | E34: 30800 | F34: =估驗單!F30 -> 30800 | G34: =F34-E34 -> 0 | H34: 280 | K34: 8624000 | L34: =ROUND(E34*H34,2) -> 8624000 | M34: =ROUND(F34*H34,2) -> 8624000 | N34: =IF(L34-M34<0+AND(L34<>0),M34-L34," ") -> 0 | P34: [人力工項不打折]
A35: 24 | B35: 表土清除，堆置，及回填費，t=30cm | C35: M2 | D35: 2150 | E35: 2150 | F35: =估驗單!F31 -> 2150 | G35: =F35-E35 -> 0 | H35: 70.56 | K35: 151704 | L35: =ROUND(E35*H35,2) -> 151704 | M35: =ROUND(F35*H35,2) -> 151704 | N35: =IF(L35-M35<0+AND(L35<>0),M35-L35," ") -> 0 | P35: 百齡暫置場整地需求
A36: 25 | B36: 餘土分類處理 | C36: 日 | D36: 0 | E36: 111 | F36: =估驗單!F32 -> 111 | G36: =F36-E36 -> 0 | H36: 0 | J36: 20000 | K36: 0 | L36: =ROUND(E36*J36,2) -> 2220000 | M36: =ROUND(F36*J36,2) -> 2220000 | N36: =IF(L36-M36<0+AND(L36<>0),M36-L36," ") -> 0 | P36: 新增工項 02323M00AC | R36: 北市工水工字第1126063128號 第6點 | S36: 數量=餘方遠運處理(台北港)/ 每日約120m3 | T36: 屬後續擴充5000萬工項 既有磺港路、公園開挖摻雜混合物 | V36: 監造提供數量?
A37: (二) | B37: 土建景觀工程 | C37: 式 | D37: 1 | F37: =估驗單!F33 -> 0 | G37: =F37-E37 -> 0 | H37: 30807124 | K37: 30807124 | L37: =SUM(L38:L122) -> 30807124 | M37: =SUM(M38:M122) -> 32740380 | N37: =SUM(N38:N122) -> 1933255.4 | O37: =SUM(O38:O122) -> 0
A38: 1 | B38: 構造物回填，回填及夯實(實際) | C38: C.M3 | D38: 1887.64 | E38: 1887.64 | F38: =估驗單!F34 -> 1887.64 | G38: =F38-E38 -> 0 | H38: 320.72 | K38: 605403.9 | L38: =ROUND(E38*H38,2) -> 605403.9 | M38: =ROUND(F38*H38,2) -> 605403.9 | N38: =IF(L38-M38<0+AND(L38<>0),M38-L38," ") -> 0
A39: 2 | B39: 構造物回填，回填及夯實，人工夯實 | C39: C.M3 | D39: 402.21 | E39: 402.21 | F39: =估驗單!F35 -> 402.21 | G39: =F39-E39 -> 0 | H39: 346.06 | K39: 139188.79 | L39: =ROUND(E39*H39,2) -> 139188.79 | M39: =ROUND(F39*H39,2) -> 139188.79 | N39: =IF(L39-M39<0+AND(L39<>0),M39-L39," ") -> 0
A40: 3 | B40: 鋼筋，SD280W | C40: KG | D40: 18865.76 | E40: 18865.76 | F40: =估驗單!F36 -> 18865.76 | G40: =F40-E40 -> 0 | H40: 36.4 | K40: 686713.66 | L40: =ROUND(E40*H40,2) -> 686713.66 | M40: =ROUND(F40*H40,2) -> 686713.66 | N40: =IF(L40-M40<0+AND(L40<>0),M40-L40," ") -> 0 | P40: 本項納入(鋼筋)物價指數調整
A41: 4 | B41: 結構用混凝土，預拌，140kgf/cm2 | C41: M3 | D41: 107.91 | E41: 107.91 | F41: =估驗單!F37 -> 107.91 | G41: =F41-E41 -> 0 | H41: 3114.97 | K41: 336136.41 | L41: =ROUND(E41*H41,2) -> 336136.41 | M41: =ROUND(F41*H41,2) -> 336136.41 | N41: =IF(L41-M41<0+AND(L41<>0),M41-L41," ") -> 0
A42: 5 | B42: 結構用混凝土，預拌，210kgf/cm2 | C42: M3 | D42: 564.01 | E42: 564.01 | F42: =估驗單!F38 -> 564.01 | G42: =F42-E42 -> 0 | H42: 3320.96 | K42: 1873054.6 | L42: =ROUND(E42*H42,2) -> 1873054.6 | M42: =ROUND(F42*H42,2) -> 1873054.6 | N42: =IF(L42-M42<0+AND(L42<>0),M42-L42," ") -> 0
A43: 6 | B43: 普通模板，丙種 | C43: M2 | D43: 1926.87 | E43: 1926.87 | F43: =估驗單!F39 -> 1926.87 | G43: =F43-E43 -> 0 | H43: 533.61 | K43: 1028197.1 | L43: =ROUND(E43*H43,2) -> 1028197.1 | M43: =ROUND(F43*H43,2) -> 1028197.1 | N43: =IF(L43-M43<0+AND(L43<>0),M43-L43," ") -> 0 | P43: U型構，集水井，排水箱涵等。本項納入(普通模板)物價指數調整
A44: 7 | B44: 清水模板，鋼模 | C44: M2 | D44: 301.33 | E44: 301.33 | F44: =估驗單!F40 -> 301.33 | G44: =F44-E44 -> 0 | H44: 1299.82 | K44: 391674.76 | L44: =ROUND(E44*H44,2) -> 391674.76 | M44: =ROUND(F44*H44,2) -> 391674.76 | N44: =IF(L44-M44<0+AND(L44<>0),M44-L44," ") -> 0 | P44: 本項納入「金屬製品類」物價指數調整
A45: 8 | B45: 鍍鋅鋼料 | C45: KG | D45: 5991.34 | E45: 5991.34 | F45: =估驗單!F41 -> 14260.385 | G45: =F45-E45 -> 8269.0446 | H45: 60 | K45: 359480.4 | L45: =ROUND(E45*H45,2) -> 359480.4 | M45: =ROUND(F45*H45,2) -> 855623.08 | N45: =IF(L45-M45<0+AND(L45<>0),M45-L45," ") -> 496142.68 | P45: #本項納入「金屬製品類」物價指數調整
A46: 9 | B46: 金屬材料，鋼料，裁切加工銲製(工廠加工) | C46: KG | D46: 5991.34 | E46: 5991.34 | F46: =估驗單!F42 -> 14260.385 | G46: =F46-E46 -> 8269.0446 | H46: 31.9 | K46: 191123.75 | L46: =ROUND(E46*H46,2) -> 191123.75 | M46: =ROUND(F46*H46,2) -> 454906.27 | N46: =IF(L46-M46<0+AND(L46<>0),M46-L46," ") -> 263782.52
A47: 10 | B47: 結構用鋼材，銲接結構用軋鋼料，SM400B鋼構工程及製作、組立工程(含加勁板、續接板、螺絲、螺栓、螺帽等) | C47: KG | D47: 1180.03 | E47: 1180.03 | F47: =估驗單!F43 -> 1180.03 | G47: =F47-E47 -> 0 | H47: 107.3 | K47: 126617.22 | L47: =ROUND(E47*H47,2) -> 126617.22 | M47: =ROUND(F47*H47,2) -> 126617.22 | N47: =IF(L47-M47<0+AND(L47<>0),M47-L47," ") -> 0 | P47: #本項納入「金屬製品類」物價指數調整
A48: 11 | B48: 透水磚紙模地坪 | C48: M2 | D48: 3879.21 | E48: 3879.21 | F48: =估驗單!F44 -> 3879.21 | G48: =F48-E48 -> 0 | H48: 3092.69 | K48: 11997194 | L48: =ROUND(E48*H48,2) -> 11997194 | M48: =ROUND(F48*H48,2) -> 11997194 | N48: =IF(L48-M48<0+AND(L48<>0),M48-L48," ") -> 0
A49: 12 | B49: 梯形磚鋪面，149.5x(30,20)x8cmTH | C49: M2 | D49: 462.9 | E49: 462.9 | F49: =估驗單!F45 -> 462.9 | G49: =F49-E49 -> 0 | H49: 3961.37 | K49: 1833718.2 | L49: =ROUND(E49*H49,2) -> 1833718.2 | M49: =ROUND(F49*H49,2) -> 1833718.2 | N49: =IF(L49-M49<0+AND(L49<>0),M49-L49," ") -> 0
A50: 13 | B50: 石材鋪面 | C50: M2 | D50: 5.09 | E50: 5.09 | F50: =估驗單!F46 -> 280.3 | G50: =F50-E50 -> 275.21 | H50: 3965.59 | K50: 20184.85 | L50: =ROUND(E50*H50,2) -> 20184.85 | M50: =ROUND(F50*H50,2) -> 1111554.9 | N50: =IF(L50-M50<0+AND(L50<>0),M50-L50," ") -> 1091370 | R50: 依設計圖說石材鋪面面積計算
A51: 14 | B51: 卵石鋪面 | C51: M2 | D51: 18.76 | E51: 18.76 | F51: =估驗單!F47 -> 18.76 | G51: =F51-E51 -> 0 | H51: 3391.22 | K51: 63619.29 | L51: =ROUND(E51*H51,2) -> 63619.29 | M51: =ROUND(F51*H51,2) -> 63619.29 | N51: =IF(L51-M51<0+AND(L51<>0),M51-L51," ") -> 0
A52: 15 | B52: 露骨材地坪 | C52: M2 | D52: 118.92 | E52: 118.92 | F52: =估驗單!F48 -> 118.92 | G52: =F52-E52 -> 0 | H52: 773.85 | K52: 92026.24 | L52: =ROUND(E52*H52,2) -> 92026.24 | M52: =ROUND(F52*H52,2) -> 92026.24 | N52: =IF(L52-M52<0+AND(L52<>0),M52-L52," ") -> 0
A53: 16 | B53: PC地坪 | C53: M2 | D53: 173.3 | E53: 173.3 | F53: =估驗單!F49 -> 173.3 | G53: =F53-E53 -> 0 | H53: 948.34 | K53: 164347.32 | L53: =ROUND(E53*H53,2) -> 164347.32 | M53: =ROUND(F53*H53,2) -> 164347.32 | N53: =IF(L53-M53<0+AND(L53<>0),M53-L53," ") -> 0
A54: 17 | B54: 格柵鋪面B | C54: 座 | D54: 1 | E54: 1 | F54: =估驗單!F50 -> 1 | G54: =F54-E54 -> 0 | H54: 144378.63 | K54: 144378.63 | L54: =ROUND(E54*H54,2) -> 144378.63 | M54: =ROUND(F54*H54,2) -> 144378.63 | N54: =IF(L54-M54<0+AND(L54<>0),M54-L54," ") -> 0
A55: 18 | B55: 細石子鋪面 | C55: C.M3 | D55: 156.68 | E55: 156.68 | F55: =估驗單!F51 -> 156.68 | G55: =F55-E55 -> 0 | H55: 145.21 | K55: 22751.5 | L55: =ROUND(E55*H55,2) -> 22751.5 | M55: =ROUND(F55*H55,2) -> 22751.5 | N55: =IF(L55-M55<0+AND(L55<>0),M55-L55," ") -> 0
A56: 19 | B56: 鋼板收邊A型 | C56: M | D56: 689.86 | E56: 689.86 | F56: =估驗單!F52 -> 689.86 | G56: =F56-E56 -> 0 | H56: 2755.78 | K56: 1901102.4 | L56: =ROUND(E56*H56,2) -> 1901102.4 | M56: =ROUND(F56*H56,2) -> 1901102.4 | N56: =IF(L56-M56<0+AND(L56<>0),M56-L56," ") -> 0 | P56: #
A57: 20 | B57: 鋼板收邊B型 | C57: M | D57: 12.91 | E57: 12.91 | F57: =估驗單!F53 -> 12.91 | G57: =F57-E57 -> 0 | H57: 576.77 | K57: 7446.1 | L57: =ROUND(E57*H57,2) -> 7446.1 | M57: =ROUND(F57*H57,2) -> 7446.1 | N57: =IF(L57-M57<0+AND(L57<>0),M57-L57," ") -> 0 | P57: #
A58: 21 | B58: 界石收邊 | C58: M | D58: 56.09 | E58: 56.09 | F58: =估驗單!F54 -> 56.09 | G58: =F58-E58 -> 0 | H58: 615.31 | K58: 34512.74 | L58: =ROUND(E58*H58,2) -> 34512.74 | M58: =ROUND(F58*H58,2) -> 34512.74 | N58: =IF(L58-M58<0+AND(L58<>0),M58-L58," ") -> 0
A59: 22 | B59: 緣石收邊 | C59: M | D59: 656.91 | E59: 656.91 | F59: =估驗單!F55 -> 656.91 | G59: =F59-E59 -> 0 | H59: 685.27 | K59: 450160.72 | L59: =ROUND(E59*H59,2) -> 450160.72 | M59: =ROUND(F59*H59,2) -> 450160.72 | N59: =IF(L59-M59<0+AND(L59<>0),M59-L59," ") -> 0 | P59: #
A60: 23 | B60: 道路緣石收邊 | C60: M | D60: 1254.13 | E60: 1254.13 | F60: =估驗單!F56 -> 1254.13 | G60: =F60-E60 -> 0 | H60: 699.69 | K60: 877502.22 | L60: =ROUND(E60*H60,2) -> 877502.22 | M60: =ROUND(F60*H60,2) -> 877502.22 | N60: =IF(L60-M60<0+AND(L60<>0),M60-L60," ") -> 0 | P60: #
A61: 24 | B61: 道路緣石斜坡式 | C61: M | D61: 44.64 | E61: 44.64 | F61: =估驗單!F57 -> 44.64 | G61: =F61-E61 -> 0 | H61: 1199.27 | K61: 53535.41 | L61: =ROUND(E61*H61,2) -> 53535.41 | M61: =ROUND(F61*H61,2) -> 53535.41 | N61: =IF(L61-M61<0+AND(L61<>0),M61-L61," ") -> 0 | P61: #
A62: 25 | B62: 場鑄道路緣石 | C62: M | D62: 142.26 | E62: 142.26 | F62: =估驗單!F58 -> 142.26 | G62: =F62-E62 -> 0 | H62: 57.68 | K62: 8205.56 | L62: =ROUND(E62*H62,2) -> 8205.56 | M62: =ROUND(F62*H62,2) -> 8205.56 | N62: =IF(L62-M62<0+AND(L62<>0),M62-L62," ") -> 0 | P62: #
A63: 26 | B63: 伸縮縫 | C63: M | D63: 8.5 | E63: 8.5 | F63: =估驗單!F59 -> 8.5 | G63: =F63-E63 -> 0 | H63: 138.84 | K63: 1180.14 | L63: =ROUND(E63*H63,2) -> 1180.14 | M63: =ROUND(F63*H63,2) -> 1180.14 | N63: =IF(L63-M63<0+AND(L63<>0),M63-L63," ") -> 0
A64: 27 | B64: 警示帶定位磚 | C64: M2 | D64: 20.48 | E64: 20.48 | F64: =估驗單!F60 -> 20.48 | G64: =F64-E64 -> 0 | H64: 2145.31 | K64: 43935.95 | L64: =ROUND(E64*H64,2) -> 43935.95 | M64: =ROUND(F64*H64,2) -> 43935.95 | N64: =IF(L64-M64<0+AND(L64<>0),M64-L64," ") -> 0 | P64: #
A65: 28 | B65: 座台A | C65: M | D65: 56.1 | E65: 56.1 | F65: =估驗單!F61 -> 56.1 | G65: =F65-E65 -> 0 | H65: 511.36 | K65: 28687.3 | L65: =ROUND(E65*H65,2) -> 28687.3 | M65: =ROUND(F65*H65,2) -> 28687.3 | N65: =IF(L65-M65<0+AND(L65<>0),M65-L65," ") -> 0
A66: 29 | B66: 座台D | C66: M | D66: 16.6 | E66: 16.6 | F66: =估驗單!F62 -> 16.6 | G66: =F66-E66 -> 0 | H66: 829.1 | K66: 13763.06 | L66: =ROUND(E66*H66,2) -> 13763.06 | M66: =ROUND(F66*H66,2) -> 13763.06 | N66: =IF(L66-M66<0+AND(L66<>0),M66-L66," ") -> 0
A67: 30 | B67: 座台E | C67: M | D67: 2 | E67: 2 | F67: =估驗單!F63 -> 2 | G67: =F67-E67 -> 0 | H67: 443.91 | K67: 887.82 | L67: =ROUND(E67*H67,2) -> 887.82 | M67: =ROUND(F67*H67,2) -> 887.82 | N67: =IF(L67-M67<0+AND(L67<>0),M67-L67," ") -> 0
A68: 31 | B68: 座椅A | C68: 座 | D68: 7 | E68: 7 | F68: =估驗單!F64 -> 7 | G68: =F68-E68 -> 0 | H68: 26450.3 | K68: 185152.1 | L68: =ROUND(E68*H68,2) -> 185152.1 | M68: =ROUND(F68*H68,2) -> 185152.1 | N68: =IF(L68-M68<0+AND(L68<>0),M68-L68," ") -> 0
A69: 32 | B69: 座椅B | C69: M | D69: 19.2 | E69: 19.2 | F69: =估驗單!F65 -> 19.2 | G69: =F69-E69 -> 0 | H69: 443.91 | K69: 8523.07 | L69: =ROUND(E69*H69,2) -> 8523.07 | M69: =ROUND(F69*H69,2) -> 8523.07 | N69: =IF(L69-M69<0+AND(L69<>0),M69-L69," ") -> 0 | P69: #
A70: 33 | B70: 座椅C | C70: 座 | D70: 2 | E70: 2 | F70: =估驗單!F66 -> 2 | G70: =F70-E70 -> 0 | H70: 23899.56 | K70: 47799.12 | L70: =ROUND(E70*H70,2) -> 47799.12 | M70: =ROUND(F70*H70,2) -> 47799.12 | N70: =IF(L70-M70<0+AND(L70<>0),M70-L70," ") -> 0
A71: 34 | B71: 座椅D-1 | C71: 座 | D71: 8 | E71: 8 | F71: =估驗單!F67 -> 8 | G71: =F71-E71 -> 0 | H71: 25125.57 | K71: 201004.56 | L71: =ROUND(E71*H71,2) -> 201004.56 | M71: =ROUND(F71*H71,2) -> 201004.56 | N71: =IF(L71-M71<0+AND(L71<>0),M71-L71," ") -> 0 | P71: #
A72: 35 | B72: 座椅D-2 | C72: 座 | D72: 3 | E72: 3 | F72: =估驗單!F68 -> 3 | G72: =F72-E72 -> 0 | H72: 24022.04 | K72: 72066.12 | L72: =ROUND(E72*H72,2) -> 72066.12 | M72: =ROUND(F72*H72,2) -> 72066.12 | N72: =IF(L72-M72<0+AND(L72<>0),M72-L72," ") -> 0
A73: 36 | B73: 草地座階 | C73: M | D73: 30.1 | E73: 30.1 | F73: =估驗單!F69 -> 30.1 | G73: =F73-E73 -> 0 | H73: 545.1 | K73: 16407.51 | L73: =ROUND(E73*H73,2) -> 16407.51 | M73: =ROUND(F73*H73,2) -> 16407.51 | N73: =IF(L73-M73<0+AND(L73<>0),M73-L73," ") -> 0 | P73: #
A74: 37 | B74: 砌石擋牆A | C74: M | D74: 31.2 | E74: 31.2 | F74: =估驗單!F70 -> 35.2 | G74: =F74-E74 -> 4 | H74: 8355.11 | K74: 260679.43 | L74: =ROUND(E74*H74,2) -> 260679.43 | M74: =ROUND(F74*H74,2) -> 294099.87 | N74: =IF(L74-M74<0+AND(L74<>0),M74-L74," ") -> 33420.44
A75: 38 | B75: 砌石擋牆B | C75: M | D75: 17.9 | E75: 17.9 | F75: =估驗單!F71 -> 24.3 | G75: =F75-E75 -> 6.4 | H75: 5394.64 | K75: 96564.06 | L75: =ROUND(E75*H75,2) -> 96564.06 | M75: =ROUND(F75*H75,2) -> 131089.75 | N75: =IF(L75-M75<0+AND(L75<>0),M75-L75," ") -> 34525.69
A76: 39 | B76: 鋼板擋牆 | C76: M | D76: 19.6 | E76: 19.6 | F76: =估驗單!F72 -> 19.6 | G76: =F76-E76 -> 0 | H76: 432.57 | K76: 8478.37 | L76: =ROUND(E76*H76,2) -> 8478.37 | M76: =ROUND(F76*H76,2) -> 8478.37 | N76: =IF(L76-M76<0+AND(L76<>0),M76-L76," ") -> 0
A77: 40 | B77: 擋牆b’型 | C77: M | D77: 24.9 | E77: 24.9 | F77: =估驗單!F73 -> 24.9 | G77: =F77-E77 -> 0 | H77: 1224.22 | K77: 30483.08 | L77: =ROUND(E77*H77,2) -> 30483.08 | M77: =ROUND(F77*H77,2) -> 30483.08 | N77: =IF(L77-M77<0+AND(L77<>0),M77-L77," ") -> 0
A78: 41 | B78: 擋牆c’型 | C78: M | D78: 3.5 | E78: 3.5 | F78: =估驗單!F74 -> 3.5 | G78: =F78-E78 -> 0 | H78: 1148.63 | K78: 4020.21 | L78: =ROUND(E78*H78,2) -> 4020.21 | M78: =ROUND(F78*H78,2) -> 4020.21 | N78: =IF(L78-M78<0+AND(L78<>0),M78-L78," ") -> 0
A79: 42 | B79: 樓梯E | C79: 座 | D79: 1 | E79: 1 | F79: =估驗單!F75 -> 1 | G79: =F79-E79 -> 0 | H79: 5698.63 | K79: 5698.63 | L79: =ROUND(E79*H79,2) -> 5698.63 | M79: =ROUND(F79*H79,2) -> 5698.63 | N79: =IF(L79-M79<0+AND(L79<>0),M79-L79," ") -> 0
A80: 43 | B80: 樓梯G | C80: 座 | D80: 1 | E80: 1 | F80: =估驗單!F76 -> 1 | G80: =F80-E80 -> 0 | H80: 5963.22 | K80: 5963.22 | L80: =ROUND(E80*H80,2) -> 5963.22 | M80: =ROUND(F80*H80,2) -> 5963.22 | N80: =IF(L80-M80<0+AND(L80<>0),M80-L80," ") -> 0
A81: 44 | B81: 樓梯H | C81: 座 | D81: 1 | E81: 1 | F81: =估驗單!F77 -> 1 | G81: =F81-E81 -> 0 | H81: 1421.11 | K81: 1421.11 | L81: =ROUND(E81*H81,2) -> 1421.11 | M81: =ROUND(F81*H81,2) -> 1421.11 | N81: =IF(L81-M81<0+AND(L81<>0),M81-L81," ") -> 0
A82: 45 | B82: 樓梯J | C82: 座 | D82: 1 | E82: 1 | F82: =估驗單!F78 -> 1 | G82: =F82-E82 -> 0 | H82: 4031.83 | K82: 4031.83 | L82: =ROUND(E82*H82,2) -> 4031.83 | M82: =ROUND(F82*H82,2) -> 4031.83 | N82: =IF(L82-M82<0+AND(L82<>0),M82-L82," ") -> 0
A83: 46 | B83: 樓梯K | C83: 座 | D83: 1 | E83: 1 | F83: =估驗單!F79 -> 1 | G83: =F83-E83 -> 0 | H83: 3313.67 | K83: 3313.67 | L83: =ROUND(E83*H83,2) -> 3313.67 | M83: =ROUND(F83*H83,2) -> 3313.67 | N83: =IF(L83-M83<0+AND(L83<>0),M83-L83," ") -> 0
A84: 47 | B84: 欄杆B | C84: M | D84: 149.5 | E84: 149.5 | F84: =估驗單!F80 -> 149.5 | G84: =F84-E84 -> 0 | H84: 1975.94 | K84: 295403.03 | L84: =ROUND(E84*H84,2) -> 295403.03 | M84: =ROUND(F84*H84,2) -> 295403.03 | N84: =IF(L84-M84<0+AND(L84<>0),M84-L84," ") -> 0
A85: 48 | B85: 欄杆C | C85: M | D85: 39.3 | E85: 39.3 | F85: =估驗單!F81 -> 39.3 | G85: =F85-E85 -> 0 | H85: 4874.23 | K85: 191557.24 | L85: =ROUND(E85*H85,2) -> 191557.24 | M85: =ROUND(F85*H85,2) -> 191557.24 | N85: =IF(L85-M85<0+AND(L85<>0),M85-L85," ") -> 0
A86: 49 | B86: 護欄b | C86: M | D86: 51.3 | E86: 51.3 | F86: =估驗單!F82 -> 51.3 | G86: =F86-E86 -> 0 | H86: 2938.96 | K86: 150768.65 | L86: =ROUND(E86*H86,2) -> 150768.65 | M86: =ROUND(F86*H86,2) -> 150768.65 | N86: =IF(L86-M86<0+AND(L86<>0),M86-L86," ") -> 0
A87: 50 | B87: 地圖牌 | C87: 座 | D87: 1 | E87: 1 | F87: =估驗單!F83 -> 1 | G87: =F87-E87 -> 0 | H87: 23029.53 | K87: 23029.53 | L87: =ROUND(E87*H87,2) -> 23029.53 | M87: =ROUND(F87*H87,2) -> 23029.53 | N87: =IF(L87-M87<0+AND(L87<>0),M87-L87," ") -> 0 | P87: #
A88: 51 | B88: 全區導覽牌 | C88: 座 | D88: 2 | E88: 2 | F88: =估驗單!F84 -> 2 | G88: =F88-E88 -> 0 | H88: 18604.87 | K88: 37209.74 | L88: =ROUND(E88*H88,2) -> 37209.74 | M88: =ROUND(F88*H88,2) -> 37209.74 | N88: =IF(L88-M88<0+AND(L88<>0),M88-L88," ") -> 0 | P88: #
A89: 52 | B89: 公園自治條例 | C89: 座 | D89: 1 | E89: 1 | F89: =估驗單!F85 -> 1 | G89: =F89-E89 -> 0 | H89: 18604.87 | K89: 18604.87 | L89: =ROUND(E89*H89,2) -> 18604.87 | M89: =ROUND(F89*H89,2) -> 18604.87 | N89: =IF(L89-M89<0+AND(L89<>0),M89-L89," ") -> 0
A90: 53 | B90: 方向指示牌 | C90: 座 | D90: 2 | E90: 2 | F90: =估驗單!F86 -> 2 | G90: =F90-E90 -> 0 | H90: 11654.82 | K90: 23309.64 | L90: =ROUND(E90*H90,2) -> 23309.64 | M90: =ROUND(F90*H90,2) -> 23309.64 | N90: =IF(L90-M90<0+AND(L90<>0),M90-L90," ") -> 0
A91: 54 | B91: 水位警示設施 | C91: 座 | D91: 2 | E91: 2 | F91: =估驗單!F87 -> 2 | G91: =F91-E91 -> 0 | H91: 25107.48 | K91: 50214.96 | L91: =ROUND(E91*H91,2) -> 50214.96 | M91: =ROUND(F91*H91,2) -> 50214.96 | N91: =IF(L91-M91<0+AND(L91<>0),M91-L91," ") -> 0
A92: 55 | B92: 警示設施說明牌A | C92: 座 | D92: 1 | E92: 1 | F92: =估驗單!F88 -> 1 | G92: =F92-E92 -> 0 | H92: 22415.66 | K92: 22415.66 | L92: =ROUND(E92*H92,2) -> 22415.66 | M92: =ROUND(F92*H92,2) -> 22415.66 | N92: =IF(L92-M92<0+AND(L92<>0),M92-L92," ") -> 0
A93: 56 | B93: 警示設施說明牌B | C93: 座 | D93: 1 | E93: 1 | F93: =估驗單!F89 -> 1 | G93: =F93-E93 -> 0 | H93: 21723.54 | K93: 21723.54 | L93: =ROUND(E93*H93,2) -> 21723.54 | M93: =ROUND(F93*H93,2) -> 21723.54 | N93: =IF(L93-M93<0+AND(L93<>0),M93-L93," ") -> 0
A94: 57 | B94: 警示設施說明牌C | C94: 座 | D94: 1 | E94: 1 | F94: =估驗單!F90 -> 1 | G94: =F94-E94 -> 0 | H94: 22646.36 | K94: 22646.36 | L94: =ROUND(E94*H94,2) -> 22646.36 | M94: =ROUND(F94*H94,2) -> 22646.36 | N94: =IF(L94-M94<0+AND(L94<>0),M94-L94," ") -> 0
A95: 58 | B95: 警示設施說明牌D | C95: 座 | D95: 4 | E95: 4 | F95: =估驗單!F91 -> 4 | G95: =F95-E95 -> 0 | H95: 17340.05 | K95: 69360.2 | L95: =ROUND(E95*H95,2) -> 69360.2 | M95: =ROUND(F95*H95,2) -> 69360.2 | N95: =IF(L95-M95<0+AND(L95<>0),M95-L95," ") -> 0
A96: 59 | B96: 解說牌A | C96: 座 | D96: 6 | E96: 6 | F96: =估驗單!F92 -> 6 | G96: =F96-E96 -> 0 | H96: 17340.05 | K96: 104040.3 | L96: =ROUND(E96*H96,2) -> 104040.3 | M96: =ROUND(F96*H96,2) -> 104040.3 | N96: =IF(L96-M96<0+AND(L96<>0),M96-L96," ") -> 0
A97: 60 | B97: 解說牌B | C97: 座 | D97: 1 | E97: 1 | F97: =估驗單!F93 -> 1 | G97: =F97-E97 -> 0 | H97: 17496.65 | K97: 17496.65 | L97: =ROUND(E97*H97,2) -> 17496.65 | M97: =ROUND(F97*H97,2) -> 17496.65 | N97: =IF(L97-M97<0+AND(L97<>0),M97-L97," ") -> 0
A98: 61 | B98: 解說牌C | C98: 座 | D98: 1 | E98: 1 | F98: =估驗單!F94 -> 1 | G98: =F98-E98 -> 0 | H98: 1501.66 | K98: 1501.66 | L98: =ROUND(E98*H98,2) -> 1501.66 | M98: =ROUND(F98*H98,2) -> 1501.66 | N98: =IF(L98-M98<0+AND(L98<>0),M98-L98," ") -> 0
A99: 62 | B99: 解說牌E | C99: 座 | D99: 1 | E99: 1 | F99: =估驗單!F95 -> 1 | G99: =F99-E99 -> 0 | H99: 1240.05 | K99: 1240.05 | L99: =ROUND(E99*H99,2) -> 1240.05 | M99: =ROUND(F99*H99,2) -> 1240.05 | N99: =IF(L99-M99<0+AND(L99<>0),M99-L99," ") -> 0
A100: 63 | B100: 解說牌F | C100: 座 | D100: 1 | E100: 1 | F100: =估驗單!F96 -> 1 | G100: =F100-E100 -> 0 | H100: 1470.75 | K100: 1470.75 | L100: =ROUND(E100*H100,2) -> 1470.75 | M100: =ROUND(F100*H100,2) -> 1470.75 | N100: =IF(L100-M100<0+AND(L100<>0),M100-L100," ") -> 0
... A105: 68 | B105: 標線，熱處理聚酯，反光，厚2mm，黏層劑(底漆)，第Ⅱ型 | C105: M2 | D105: 759.43 | E105: 759.43 | F105: =估驗單!F101 -> 759.43 | G105: =F105-E105 -> 0 | H105: 647.65 | K105: 491844.84 | L105: =ROUND(E105*H105,2) -> 491844.84 | M105: =ROUND(F105*H105,2) -> 491844.84 | N105: =IF(L105-M105<0+AND(L105<>0),M105-L105," ") -> 0
...

Sheet 水溝集水井
A1: U溝 | C1: U+矩溝= | D1: =E20+Q6 -> 731.4 | H1: 清水丙模 | I1: 普通丙模 | M1: 矩型溝 | T1: 清水丙模 | U1: 普通丙模
A2: 編號 | B2: 均深 | C2: 起點深 | D2: 終點深 | E2: 長度 | F2: 鋼筋(溝) | G2: 鋼筋(蓋) | H2: 模板(內) | I2: 模板(外) | J2: 免拆模 | K2: 混凝土 | M2: 編號 | N2: 均深 | O2: 起點深 | P2: 終點深 | Q2: 長度 | R2: 鋼筋(溝) | S2: 鋼筋(蓋) | T2: 模板(內) | U2: 模板(外) | V2: 免拆模 | W2: 混凝土
A3: U15 | B3: =ROUND((C3+D3)/2,2) -> 0.5 | C3: 0.5 | D3: 0.5 | E3: 43 | F3: =ROUND(((B3*2+0.7)*(1/0.15)*1.56+((B3*2+0.7)/0.15+1)*1*0.994)*E3,2) -> 1287.39 | G3: =ROUND((4.33/0.13*1.6+4.33*10+2*1.85*2*2+0.7*2*4*2+0.4*13*2)*0.994*E3/5,2) -> 1136.87 | H3: =ROUND((B3*1.1*2)*E3,2) -> 47.3 | I3: =ROUND((B3+0.2)*2*E3,2) -> 60.2 | J3: =(0.4+0.2)*E3 -> 25.8 | K3: =ROUND((B3*0.2*2+(0.4+0.2*2)*0.2*2+0.8*0.15)*E3-(E3/5*0.53*0.45*0.15),2) -> 27.21 | M3: L23 | N3: =ROUND((O3+P3)/2,2) -> 0.36 | O3: 0.3 | P3: 0.41 | Q3: 52.7 | R3: =ROUND(((N3*2+0.7)*(1/0.15)*1.56+((N3*2+0.7)/0.15+1)*1*0.994)*Q3,2) -> 1326.56 | S3: =ROUND((4.33/0.13*1.6+4.33*10+2*1.85*2*2+0.7*2*4*2+0.4*13*2)*0.994*Q3/5,2) -> 1393.33 | T3: =ROUND(N3*2*Q3,2) -> 37.94 | U3: =ROUND((N3+0.2)*2*Q3,2) -> 59.02 | V3: =(0.4+0.2)*Q3 -> 31.62 | W3: =ROUND((N3*0.2*2+(0.4+0.2*2)*0.2*2+0.8*0.15)*Q3-(E3/5*0.53*0.45*0.15),2) -> 30.47
A4: U16 | B4: =ROUND((C4+D4)/2,2) -> 0.53 | C4: 0.5 | D4: 0.55 | E4: 9.4 | F4: =ROUND(((B4*2+0.7)*(1/0.15)*1.56+((B4*2+0.7)/0.15+1)*1*0.994)*E4,2) -> 291.03 | G4: =ROUND((4.33/0.13*1.6+4.33*10+2*1.85*2*2+0.7*2*4*2+0.4*13*2)*0.994*E4/5,2) -> 248.53 | H4: =ROUND((B4*1.1*2)*E4,2) -> 10.96 | I4: =ROUND((B4+0.2)*2*E4,2) -> 13.72 | J4: =(0.4+0.2)*E4 -> 5.64 | K4: =ROUND((B4*0.2*2+(0.4+0.2*2)*0.2*2+0.8*0.15)*E4-(E4/5*0.53*0.45*0.15),2) -> 6.06 | M4: L26 | N4: =ROUND((O4+P4)/2,2) -> 0.41 | O4: 0.3 | P4: 0.52 | Q4: 48.3 | R4: =ROUND(((N4*2+0.7)*(1/0.15)*1.56+((N4*2+0.7)/0.15+1)*1*0.994)*Q4,2) -> 1298.04 | S4: =ROUND((4.33/0.13*1.6+4.33*10+2*1.85*2*2+0.7*2*4*2+0.4*13*2)*0.994*Q4/5,2) -> 1277 | T4: =ROUND(N4*2*Q4,2) -> 39.61 | U4: =ROUND((N4+0.2)*2*Q4,2) -> 58.93 | V4: =(0.4+0.2)*Q4 -> 28.98 | W4: =ROUND((N4*0.2*2+(0.4+0.2*2)*0.2*2+0.8*0.15)*Q4-(E4/5*0.53*0.45*0.15),2) -> 29.11
A5: U17 | B5: =ROUND((C5+D5)/2,2) -> 0.45 | C5: 0.4 | D5: 0.5 | E5: 42 | F5: =ROUND(((B5*2+0.7)*(1/0.15)*1.56+((B5*2+0.7)/0.15+1)*1*0.994)*E5,2) -> 1185.94 | G5: =ROUND((4.33/0.13*1.6+4.33*10+2*1.85*2*2+0.7*2*4*2+0.4*13*2)*0.994*E5/5,2) -> 1110.43 | H5: =ROUND((B5*1.1*2)*E5,2) -> 41.58 | I5: =ROUND((B5+0.2)*2*E5,2) -> 54.6 | J5: =(0.4+0.2)*E5 -> 25.2 | K5: =ROUND((B5*0.2*2+(0.4+0.2*2)*0.2*2+0.8*0.15)*E5-(E5/5*0.53*0.45*0.15),2) -> 25.74 | M5: L27 | N5: =ROUND((O5+P5)/2,2) -> 0.4 | O5: 0.4 | P5: 0.4 | Q5: 21.2 | R5: =ROUND(((N5*2+0.7)*(1/0.15)*1.56+((N5*2+0.7)/0.15+1)*1*0.994)*Q5,2) -> 562.52 | S5: =ROUND((4.33/0.13*1.6+4.33*10+2*1.85*2*2+0.7*2*4*2+0.4*13*2)*0.994*Q5/5,2) -> 560.5 | T5: =ROUND(N5*2*Q5,2) -> 16.96 | U5: =ROUND((N5+0.2)*2*Q5,2) -> 25.44 | V5: =(0.4+0.2)*Q5 -> 12.72 | W5: =ROUND((N5*0.2*2+(0.4+0.2*2)*0.2*2+0.8*0.15)*Q5-(E5/5*0.53*0.45*0.15),2) -> 12.42
A6: U18 | B6: =ROUND((C6+D6)/2,2) -> 0.43 | C6: 0.35 | D6: 0.5 | E6: 43.6 | F6: =ROUND(((B6*2+0.7)*(1/0.15)*1.56+((B6*2+0.7)/0.15+1)*1*0.994)*E6,2) -> 1201.42 | G6: =ROUND((4.33/0.13*1.6+4.33*10+2*1.85*2*2+0.7*2*4*2+0.4*13*2)*0.994*E6/5,2) -> 1152.73 | H6: =ROUND((B6*1.1*2)*E6,2) -> 41.25 | I6: =ROUND((B6+0.2)*2*E6,2) -> 54.94 | J6: =(0.4+0.2)*E6 -> 26.16 | K6: =ROUND((B6*0.2*2+(0.4+0.2*2)*0.2*2+0.8*0.15)*E6-(E6/5*0.53*0.45*0.15),2) -> 26.37 | M6: 合計 | Q6: =SUM(Q3:Q5) -> 122.2 | R6: =SUM(R3:R5) -> 3187.12 | S6: =SUM(S3:S5) -> 3230.83 | T6: =SUM(T3:T5) -> 94.51 | U6: =SUM(U3:U5) -> 143.39 | V6: =SUM(V3:V5) -> 73.32 | W6: =SUM(W3:W5) -> 72
A7: U19 | B7: =ROUND((C7+D7)/2,2) -> 0.6 | C7: 0.5 | D7: 0.7 | E7: 20.1 | F7: =ROUND(((B7*2+0.7)*(1/0.15)*1.56+((B7*2+0.7)/0.15+1)*1*0.994)*E7,2) -> 670.23 | G7: =ROUND((4.33/0.13*1.6+4.33*10+2*1.85*2*2+0.7*2*4*2+0.4*13*2)*0.994*E7/5,2) -> 531.42 | H7: =ROUND((B7*1.1*2)*E7,2) -> 26.53 | I7: =ROUND((B7+0.2)*2*E7,2) -> 32.16 | J7: =(0.4+0.2)*E7 -> 12.06 | K7: =ROUND((B7*0.2*2+(0.4+0.2*2)*0.2*2+0.8*0.15)*E7-(E7/5*0.53*0.45*0.15),2) -> 13.52
A8: U20 | B8: =ROUND((C8+D8)/2,2) -> 0.6 | C8: 0.5 | D8: 0.7 | E8: 9.1 | F8: =ROUND(((B8*2+0.7)*(1/0.15)*1.56+((B8*2+0.7)/0.15+1)*1*0.994)*E8,2) -> 303.44 | G8: =ROUND((4.33/0.13*1.6+4.33*10+2*1.85*2*2+0.7*2*4*2+0.4*13*2)*0.994*E8/5,2) -> 240.59 | H8: =ROUND((B8*1.1*2)*E8,2) -> 12.01 | I8: =ROUND((B8+0.2)*2*E8,2) -> 14.56 | J8: =(0.4+0.2)*E8 -> 5.46 | K8: =ROUND((B8*0.2*2+(0.4+0.2*2)*0.2*2+0.8*0.15)*E8-(E8/5*0.53*0.45*0.15),2) -> 6.12
A9: U21 | B9: =ROUND((C9+D9)/2,2) -> 0.8 | C9: 0.7 | D9: 0.9 | E9: 77.7 | F9: =ROUND(((B9*2+0.7)*(1/0.15)*1.56+((B9*2+0.7)/0.15+1)*1*0.994)*E9,2) -> 3120.07 | G9: =ROUND((4.33/0.13*1.6+4.33*10+2*1.85*2*2+0.7*2*4*2+0.4*13*2)*0.994*E9/5,2) -> 2054.3 | H9: =ROUND((B9*1.1*2)*E9,2) -> 136.75 | I9: =ROUND((B9+0.2)*2*E9,2) -> 155.4 | J9: =(0.4+0.2)*E9 -> 46.62 | K9: =ROUND((B9*0.2*2+(0.4+0.2*2)*0.2*2+0.8*0.15)*E9-(E9/5*0.53*0.45*0.15),2) -> 58.5
A10: U22 | B10: =ROUND((C10+D10)/2,2) -> 0.5 | C10: 0.5 | D10: 0.5 | E10: 67.4 | F10: =ROUND(((B10*2+0.7)*(1/0.15)*1.56+((B10*2+0.7)/0.15+1)*1*0.994)*E10,2) -> 2017.91 | G10: =ROUND((4.33/0.13*1.6+4.33*10+2*1.85*2*2+0.7*2*4*2+0.4*13*2)*0.994*E10/5,2) -> 1781.98 | H10: =ROUND((B10*1.1*2)*E10,2) -> 74.14 | I10: =ROUND((B10+0.2)*2*E10,2) -> 94.36 | J10: =(0.4+0.2)*E10 -> 40.44 | K10: =ROUND((B10*0.2*2+(0.4+0.2*2)*0.2*2+0.8*0.15)*E10-(E10/5*0.53*0.45*0.15),2) -> 42.65 | Q10: 清水丙模 | R10: 普通丙模
A11: U24 | B11: =ROUND((C11+D11)/2,2) -> 0.73 | C11: 0.7 | D11: 0.75 | E11: 13.8 | F11: =ROUND(((B11*2+0.7)*(1/0.15)*1.56+((B11*2+0.7)/0.15+1)*1*0.994)*E11,2) -> 521.25 | G11: =ROUND((4.33/0.13*1.6+4.33*10+2*1.85*2*2+0.7*2*4*2+0.4*13*2)*0.994*E11/5,2) -> 364.86 | H11: =ROUND((B11*1.1*2)*E11,2) -> 22.16 | I11: =ROUND((B11+0.2)*2*E11,2) -> 25.67 | J11: =(0.4+0.2)*E11 -> 8.28 | K11: =ROUND((B11*0.2*2+(0.4+0.2*2)*0.2*2+0.8*0.15)*E11-(E11/5*0.53*0.45*0.15),2) -> 10 | N11: 長度 | O11: 鋼筋(溝) | P11: 鋼筋(蓋) | Q11: 模板(內) | R11: 模板(外) | S11: 免拆模 | T11: 混凝土
A12: U25 | B12: =ROUND((C12+D12)/2,2) -> 0.63 | C12: 0.5 | D12: 0.75 | E12: 49.3 | F12: =ROUND(((B12*2+0.7)*(1/0.15)*1.56+((B12*2+0.7)/0.15+1)*1*0.994)*E12,2) -> 1694.26 | G12: =ROUND((4.33/0.13*1.6+4.33*10+2*1.85*2*2+0.7*2*4*2+0.4*13*2)*0.994*E12/5,2) -> 1303.44 | H12: =ROUND((B12*1.1*2)*E12,2) -> 68.33 | I12: =ROUND((B12+0.2)*2*E12,2) -> 81.84 | J12: =(0.4+0.2)*E12 -> 29.58 | K12: =ROUND((B12*0.2*2+(0.4+0.2*2)*0.2*2+0.8*0.15)*E12-(E12/5*0.53*0.45*0.15),2) -> 33.76 | M12: U+矩溝= | N12: =E20+Q6 -> 731.4 | O12: =F20+R6 -> 22279.3 | P12: =G20+S6 -> 19337.39 | Q12: =H20+T6 -> 819.75 | R12: =I20+U6 -> 1046.38 | S12: =J20+V6 -> 438.84 | T12: =K20+W6 -> 467.51
A13: U28 | B13: =ROUND((C13+D13)/2,2) -> 0.5 | C13: 0.5 | D13: 0.5 | E13: 24.2 | F13: =ROUND(((B13*2+0.7)*(1/0.15)*1.56+((B13*2+0.7)/0.15+1)*1*0.994)*E13,2) -> 724.53 | G13: =ROUND((4.33/0.13*1.6+4.33*10+2*1.85*2*2+0.7*2*4*2+0.4*13*2)*0.994*E13/5,2) -> 639.82 | H13: =ROUND((B13*1.1*2)*E13,2) -> 26.62 | I13: =ROUND((B13+0.2)*2*E13,2) -> 33.88 | J13: =(0.4+0.2)*E13 -> 14.52 | K13: =ROUND((B13*0.2*2+(0.4+0.2*2)*0.2*2+0.8*0.15)*E13-(E13/5*0.53*0.45*0.15),2) -> 15.31 | M13: 鋼筋合計 | O13: =O12+P12 -> 41616.69
A14: U29 | B14: =ROUND((C14+D14)/2,2) -> 0.5 | C14: 0.5 | D14: 0.5 | E14: 23.9 | F14: =ROUND(((B14*2+0.7)*(1/0.15)*1.56+((B14*2+0.7)/0.15+1)*1*0.994)*E14,2) -> 715.55 | G14: =ROUND((4.33/0.13*1.6+4.33*10+2*1.85*2*2+0.7*2*4*2+0.4*13*2)*0.994*E14/5,2) -> 631.89 | H14: =ROUND((B14*1.1*2)*E14,2) -> 26.29 | I14: =ROUND((B14+0.2)*2*E14,2) -> 33.46 | J14: =(0.4+0.2)*E14 -> 14.34 | K14: =ROUND((B14*0.2*2+(0.4+0.2*2)*0.2*2+0.8*0.15)*E14-(E14/5*0.53*0.45*0.15),2) -> 15.12
A15: U30 | B15: =ROUND((C15+D15)/2,2) -> 0.45 | C15: 0.4 | D15: 0.5 | E15: 49.8 | F15: =ROUND(((B15*2+0.7)*(1/0.15)*1.56+((B15*2+0.7)/0.15+1)*1*0.994)*E15,2) -> 1406.19 | G15: =ROUND((4.33/0.13*1.6+4.33*10+2*1.85*2*2+0.7*2*4*2+0.4*13*2)*0.994*E15/5,2) -> 1316.66 | H15: =ROUND((B15*1.1*2)*E15,2) -> 49.3 | I15: =ROUND((B15+0.2)*2*E15,2) -> 64.74 | J15: =(0.4+0.2)*E15 -> 29.88 | K15: =ROUND((B15*0.2*2+(0.4+0.2*2)*0.2*2+0.8*0.15)*E15-(E15/5*0.53*0.45*0.15),2) -> 30.52 | N15: #5 | O15: #4
A16: U31 | B16: =ROUND((C16+D16)/2,2) -> 0.4 | C16: 0.4 | D16: 0.4 | E16: 26.4 | F16: =ROUND(((B16*2+0.7)*(1/0.15)*1.56+((B16*2+0.7)/0.15+1)*1*0.994)*E16,2) -> 700.5 | G16: =ROUND((4.33/0.13*1.6+4.33*10+2*1.85*2*2+0.7*2*4*2+0.4*13*2)*0.994*E16/5,2) -> 697.99 | H16: =ROUND((B16*1.1*2)*E16,2) -> 23.23 | I16: =ROUND((B16+0.2)*2*E16,2) -> 31.68 | J16: =(0.4+0.2)*E16 -> 15.84 | K16: =ROUND((B16*0.2*2+(0.4+0.2*2)*0.2*2+0.8*0.15)*E16-(E16/5*0.53*0.45*0.15),2) -> 15.65 | N16: =ROUND((B3*2+0.7)*(1/0.15)*E3*1.56,2) -> 760.24 | O16: =((B3*2+0.7)/0.15+1)*1*0.994*E3 -> 527.15133 | Q16: 南 | R16: =E3+E4+E8+E10+E13+E14+E15+E18+E19 -> 314.9 | S16: =E13+E14+E15 -> 97.9
A17: U32 | B17: =ROUND((C17+D17)/2,2) -> 0.45 | C17: 0.5 | D17: 0.4 | E17: 21.4 | F17: =ROUND(((B17*2+0.7)*(1/0.15)*1.56+((B17*2+0.7)/0.15+1)*1*0.994)*E17,2) -> 604.26 | G17: =ROUND((4.33/0.13*1.6+4.33*10+2*1.85*2*2+0.7*2*4*2+0.4*13*2)*0.994*E17/5,2) -> 565.79 | H17: =ROUND((B17*1.1*2)*E17,2) -> 21.19 | I17: =ROUND((B17+0.2)*2*E17,2) -> 27.82 | J17: =(0.4+0.2)*E17 -> 12.84 | K17: =ROUND((B17*0.2*2+(0.4+0.2*2)*0.2*2+0.8*0.15)*E17-(E17/5*0.53*0.45*0.15),2) -> 13.11 | N17: =ROUND((B4*2+0.7)*(1/0.15)*E4*1.56,2) -> 172.06 | O17: =((B4*2+0.7)/0.15+1)*1*0.994*E4 -> 118.97517 | Q17: 北 | R17: =E20-R16 -> 294.3
A18: U33 | B18: =ROUND((C18+D18)/2,2) -> 0.55 | C18: 0.6 | D18: 0.5 | E18: 29.6 | F18: =ROUND(((B18*2+0.7)*(1/0.15)*1.56+((B18*2+0.7)/0.15+1)*1*0.994)*E18,2) -> 936.6 | G18: =ROUND((4.33/0.13*1.6+4.33*10+2*1.85*2*2+0.7*2*4*2+0.4*13*2)*0.994*E18/5,2) -> 782.59 | H18: =ROUND((B18*1.1*2)*E18,2) -> 35.82 | I18: =ROUND((B18+0.2)*2*E18,2) -> 44.4 | J18: =(0.4+0.2)*E18 -> 17.76 | K18: =ROUND((B18*0.2*2+(0.4+0.2*2)*0.2*2+0.8*0.15)*E18-(E18/5*0.53*0.45*0.15),2) -> 19.32 | N18: =ROUND((B5*2+0.7)*(1/0.15)*E5*1.56,2) -> 698.88 | O18: =((B5*2+0.7)/0.15+1)*1*0.994*E5 -> 487.06
A19: U34 | B19: =ROUND((C19+D19)/2,2) -> 0.48 | C19: 0.55 | D19: 0.4 | E19: 58.5 | F19: =ROUND(((B19*2+0.7)*(1/0.15)*1.56+((B19*2+0.7)/0.15+1)*1*0.994)*E19,2) -> 1711.61 | G19: =ROUND((4.33/0.13*1.6+4.33*10+2*1.85*2*2+0.7*2*4*2+0.4*13*2)*0.994*E19/5,2) -> 1546.67 | H19: =ROUND((B19*1.1*2)*E19,2) -> 61.78 | I19: =ROUND((B19+0.2)*2*E19,2) -> 79.56 | J19: =(0.4+0.2)*E19 -> 35.1 | K19: =ROUND((B19*0.2*2+(0.4+0.2*2)*0.2*2+0.8*0.15)*E19-(E19/5*0.53*0.45*0.15),2) -> 36.55 | N19: =ROUND((B6*2+0.7)*(1/0.15)*E6*1.56,2) -> 707.37 | O19: =((B6*2+0.7)/0.15+1)*1*0.994*E6 -> 494.05776
A20: 合計 | E20: =SUM(E3:E19) -> 609.2 | F20: =SUM(F3:F19) -> 19092.18 | G20: =SUM(G3:G19) -> 16106.56 | H20: =SUM(H3:H19) -> 725.24 | I20: =SUM(I3:I19) -> 902.99 | J20: =SUM(J3:J19) -> 365.52 | K20: =SUM(K3:K19) -> 395.51 | N20: =ROUND((B7*2+0.7)*(1/0.15)*E7*1.56,2) -> 397.18 | O20: =((B7*2+0.7)/0.15+1)*1*0.994*E7 -> 273.0518
N21: =ROUND((B8*2+0.7)*(1/0.15)*E8*1.56,2) -> 179.82 | O21: =((B8*2+0.7)/0.15+1)*1*0.994*E8 -> 123.62047
H22: 清水丙模 | I22: 普通丙模 | N22: =ROUND((B9*2+0.7)*(1/0.15)*E9*1.56,2) -> 1858.58 | O22: =((B9*2+0.7)/0.15+1)*1*0.994*E9 -> 1261.4854
B23: 集水井 | C23: 長 | D23: 寬 | E23: 高 | F23: 備註 | G23: 鋼筋 | H23: 模板(內) | I23: 模板(外) | J23: 免拆模 | K23: 混凝土 | N23: =ROUND((B10*2+0.7)*(1/0.15)*E10*1.56,2) -> 1191.63 | O23: =((B10*2+0.7)/0.15+1)*1*0.994*E10 -> 826.27907
A24: 1 | B24: S21 | C24: 0.7 | D24: 0.5 | E24: 0.65 | G24: =ROUND(((E24*2+0.8)*7+(E24*2+1)*6)*1.56+((E24/0.15*1*4)+(0.4*(1+0.8)/0.15)+(3*(0.8*2+1*2)*2))*0.994,2) -> 87.93 | H24: =(C24+D24)*E24*2-0.4*0.6*2 -> 1.08 | I24: =(C24+0.2*2+D24+0.2*2)*2*(E24+0.2+0.2)-(0.8*1)*2 -> 2.6 | J24: 0 | K24: =ROUND(C24*0.2*2*E24+0.1*0.2*2*E24+0.9*1.1*0.15*2-(0.53*0.65*0.15),2) -> 0.45 | N24: =ROUND((B11*2+0.7)*(1/0.15)*E11*1.56,2) -> 310 | O24: =((B11*2+0.7)/0.15+1)*1*0.994*E11 -> 211.24488
A25: 2 | B25: S22 | C25: 0.7 | D25: 0.5 | E25: 0.65 | G25: =ROUND(((E25*2+0.8)*7+(E25*2+1)*6)*1.56+((E25/0.15*1*4)+(0.4*(1+0.8)/0.15)+(3*(0.8*2+1*2)*2))*0.994,2) -> 87.93 | H25: =(C25+D25)*E25*2-0.4*0.6*2 -> 1.08 | I25: =(C25+0.2*2+D25+0.2*2)*2*(E25+0.2+0.2)-(0.8*1)*2 -> 2.6 | K25: =ROUND(C25*0.2*2*E25+0.1*0.2*2*E25+0.9*1.1*0.15*2-(0.53*0.65*0.15),2) -> 0.45 | N25: =ROUND((B12*2+0.7)*(1/0.15)*E12*1.56,2) -> 1004.93 | O25: =((B12*2+0.7)/0.15+1)*1*0.994*E12 -> 689.32575
A26: 3 | B26: S23 | C26: 0.7 | D26: 0.5 | E26: 0.65 | G26: =ROUND(((E26*2+0.8)*7+(E26*2+1)*6)*1.56+((E26/0.15*1*4)+(0.4*(1+0.8)/0.15)+(3*(0.8*2+1*2)*2))*0.994,2) -> 87.93 | H26: =(C26+D26)*E26*2-0.4*0.6*2 -> 1.08 | I26: =(C26+0.2*2+D26+0.2*2)*2*(E26+0.2+0.2)-(0.8*1)*2 -> 2.6 | K26: =ROUND(C26*0.2*2*E26+0.1*0.2*2*E26+0.9*1.1*0.15*2-(0.53*0.65*0.15),2) -> 0.45 | N26: =ROUND((B13*2+0.7)*(1/0.15)*E13*1.56,2) -> 427.86 | O26: =((B13*2+0.7)/0.15+1)*1*0.994*E13 -> 296.67587
A27: 4 | B27: S24 | C27: 0.7 | D27: 0.5 | E27: 0.65 | G27: =ROUND(((E27*2+0.8)*7+(E27*2+1)*6)*1.56+((E27/0.15*1*4)+(0.4*(1+0.8)/0.15)+(3*(0.8*2+1*2)*2))*0.994,2) -> 87.93 | H27: =(C27+D27)*E27*2-0.4*0.6*2 -> 1.08 | I27: =(C27+0.2*2+D27+0.2*2)*2*(E27+0.2+0.2)-(0.8*1)*2 -> 2.6 | K27: =ROUND(C27*0.2*2*E27+0.1*0.2*2*E27+0.9*1.1*0.15*2-(0.53*0.65*0.15),2) -> 0.45 | N27: =ROUND((B14*2+0.7)*(1/0.15)*E14*1.56,2) -> 422.55 | O27: =((B14*2+0.7)/0.15+1)*1*0.994*E14 -> 292.99807
A28: 5 | B28: S24-1 | C28: 0.7 | D28: 0.5 | E28: 1.8 | G28: =ROUND(((E28*2+0.8)*7+(E28*2+1)*6)*1.56+((E28/0.15*1*4)+(0.4*(1+0.8)/0.15)+(3*(0.8*2+1*2)*2))*0.994,2) -> 165.06 | H28: =(C28+D28)*E28*2-0.4*0.6*2 -> 3.84 | I28: =(C28+0.2*2+D28+0.2*2)*2*(E28+0.2+0.2)-(0.8*1)*2 -> 7.2 | K28: =ROUND(C28*0.2*2*E28+0.1*0.2*2*E28+0.9*1.1*0.15*2-(0.53*0.65*0.15),2) -> 0.82 | N28: =ROUND((B15*2+0.7)*(1/0.15)*E15*1.56,2) -> 828.67 | O28: =((B15*2+0.7)/0.15+1)*1*0.994*E15 -> 577.514
A29: 6 | B29: S25 | C29: 0.7 | D29: 0.5 | E29: 0.8 | G29: =ROUND(((E29*2+0.8)*7+(E29*2+1)*6)*1.56+((E29/0.15*1*4)+(0.4*(1+0.8)/0.15)+(3*(0.8*2+1*2)*2))*0.994,2) -> 97.99 | H29: =(C29+D29)*E29*2-0.4*0.6*2 -> 1.44 | I29: =(C29+0.2*2+D29+0.2*2)*2*(E29+0.2+0.2)-(0.8*1)*2 -> 3.2 | K29: =ROUND(C29*0.2*2*E29+0.1*0.2*2*E29+0.9*1.1*0.15*2-(0.53*0.65*0.15),2) -> 0.5 | N29: =ROUND((B16*2+0.7)*(1/0.15)*E16*1.56,2) -> 411.84 | O29: =((B16*2+0.7)/0.15+1)*1*0.994*E16 -> 288.6576
A30: 7 | B30: S26 | C30: 0.7 | D30: 0.5 | E30: 0.65 | G30: =ROUND(((E30*2+0.8)*7+(E30*2+1)*6)*1.56+((E30/0.15*1*4)+(0.4*(1+0.8)/0.15)+(3*(0.8*2+1*2)*2))*0.994,2) -> 87.93 | H30: =(C30+D30)*E30*2-0.4*0.6*2 -> 1.08 | I30: =(C30+0.2*2+D30+0.2*2)*2*(E30+0.2+0.2)-(0.8*1)*2 -> 2.6 | K30: =ROUND(C30*0.2*2*E30+0.1*0.2*2*E30+0.9*1.1*0.15*2-(0.53*0.65*0.15),2) -> 0.45 | N30: =ROUND((B17*2+0.7)*(1/0.15)*E17*1.56,2) -> 356.1 | O30: =((B17*2+0.7)/0.15+1)*1*0.994*E17 -> 248.16867
A31: 8 | B31: S27 | C31: 0.7 | D31: 0.5 | E31: 0.65 | G31: =ROUND(((E31*2+0.8)*7+(E31*2+1)*6)*1.56+((E31/0.15*1*4)+(0.4*(1+0.8)/0.15)+(3*(0.8*2+1*2)*2))*0.994,2) -> 87.93 | H31: =(C31+D31)*E31*2-0.4*0.6*2 -> 1.08 | I31: =(C31+0.2*2+D31+0.2*2)*2*(E31+0.2+0.2)-(0.8*1)*2 -> 2.6 | K31: =ROUND(C31*0.2*2*E31+0.1*0.2*2*E31+0.9*1.1*0.15*2-(0.53*0.65*0.15),2) -> 0.45 | N31: =ROUND((B18*2+0.7)*(1/0.15)*E18*1.56,2) -> 554.11 | O31: =((B18*2+0.7)/0.15+1)*1*0.994*E18 -> 382.4912
A32: 9 | B32: S28 | C32: 0.7 | D32: 0.5 | E32: 0.65 | G32: =ROUND(((E32*2+0.8)*7+(E32*2+1)*6)*1.56+((E32/0.15*1*4)+(0.4*(1+0.8)/0.15)+(3*(0.8*2+1*2)*2))*0.994,2) -> 87.93 | H32: =(C32+D32)*E32*2-0.4*0.6*2 -> 1.08 | I32: =(C32+0.2*2+D32+0.2*2)*2*(E32+0.2+0.2)-(0.8*1)*2 -> 2.6 | K32: =ROUND(C32*0.2*2*E32+0.1*0.2*2*E32+0.9*1.1*0.15*2-(0.53*0.65*0.15),2) -> 0.45 | N32: =ROUND((B19*2+0.7)*(1/0.15)*E19*1.56,2) -> 1009.94 | O32: =((B19*2+0.7)/0.15+1)*1*0.994*E19 -> 701.6646
A33: 10 | B33: S29 | C33: 0.7 | D33: 0.5 | E33: 0.55 | F33: 0.41 | G33: =ROUND(((E33*2+0.8)*7+(E33*2+1)*6)*1.56+((E33/0.15*1*4)+(0.4*(1+0.8)/0.15)+(3*(0.8*2+1*2)*2))*0.994,2) -> 81.22 | H33: =(C33+D33)*E33*2-0.4*0.6*2 -> 0.84 | I33: =(C33+0.2*2+D33+0.2*2)*2*(E33+0.2+0.2)-(0.8*1)*2 -> 2.2 | K33: =ROUND(C33*0.2*2*E33+0.1*0.2*2*E33+0.9*1.1*0.15*2-(0.53*0.65*0.15),2) -> 0.42
A34: 11 | B34: S29-1 | C34: 0.7 | D34: 0.5 | E34: 0.67 | F34: 0.51 | G34: =ROUND(((E34*2+0.8)*7+(E34*2+1)*6)*1.56+((E34/0.15*1*4)+(0.4*(1+0.8)/0.15)+(3*(0.8*2+1*2)*2))*0.994,2) -> 89.27 | H34: =(C34+D34)*E34*2-0.4*0.6*2 -> 1.128 | I34: =(C34+0.2*2+D34+0.2*2)*2*(E34+0.2+0.2)-(0.8*1)*2 -> 2.68 | K34: =ROUND(C34*0.2*2*E34+0.1*0.2*2*E34+0.9*1.1*0.15*2-(0.53*0.65*0.15),2) -> 0.46 | N34: =ROUND((N3*2+0.7)*(1/0.15)*Q3*1.56,2) -> 778.27 | O34: =((N3*2+0.7)/0.15+1)*1*0.994*Q3 -> 548.28377
A35: 12 | B35: S29-2 | C35: 0.7 | D35: 0.5 | E35: 0.7 | G35: =ROUND(((E35*2+0.8)*7+(E35*2+1)*6)*1.56+((E35/0.15*1*4)+(0.4*(1+0.8)/0.15)+(3*(0.8*2+1*2)*2))*0.994,2) -> 91.28 | H35: =(C35+D35)*E35*2-0.4*0.6*2 -> 1.2 | I35: =(C35+0.2*2+D35+0.2*2)*2*(E35+0.2+0.2)-(0.8*1)*2 -> 2.8 | K35: =ROUND(C35*0.2*2*E35+0.1*0.2*2*E35+0.9*1.1*0.15*2-(0.53*0.65*0.15),2) -> 0.47 | N35: =ROUND((N4*2+0.7)*(1/0.15)*Q4*1.56,2) -> 763.53 | O35: =((N4*2+0.7)/0.15+1)*1*0.994*Q4 -> 534.51356
A36: 13 | B36: S30 | C36: 0.7 | D36: 0.5 | E36: 0.65 | G36: =ROUND(((E36*2+0.8)*7+(E36*2+1)*6)*1.56+((E36/0.15*1*4)+(0.4*(1+0.8)/0.15)+(3*(0.8*2+1*2)*2))*0.994,2) -> 87.93 | H36: =(C36+D36)*E36*2-0.4*0.6*2 -> 1.08 | I36: =(C36+0.2*2+D36+0.2*2)*2*(E36+0.2+0.2)-(0.8*1)*2 -> 2.6 | K36: =ROUND(C36*0.2*2*E36+0.1*0.2*2*E36+0.9*1.1*0.15*2-(0.53*0.65*0.15),2) -> 0.45 | N36: =ROUND((N5*2+0.7)*(1/0.15)*Q5*1.56,2) -> 330.72 | O36: =((N5*2+0.7)/0.15+1)*1*0.994*Q5 -> 231.8008
A37: 14 | B37: S31 | C37: 0.7 | D37: 0.5 | E37: 1.15 | F37: 0.8 | G37: =ROUND(((E37*2+0.8)*7+(E37*2+1)*6)*1.56+((E37/0.15*1*4)+(0.4*(1+0.8)/0.15)+(3*(0.8*2+1*2)*2))*0.994,2) -> 121.46 | H37: =(C37+D37)*E37*2-0.4*0.6*2 -> 2.28 | I37: =(C37+0.2*2+D37+0.2*2)*2*(E37+0.2+0.2)-(0.8*1)*2 -> 4.6 | K37: =ROUND(C37*0.2*2*E37+0.1*0.2*2*E37+0.9*1.1*0.15*2-(0.53*0.65*0.15),2) -> 0.61 | M37: 水溝小計 | N37: =SUM(N16:N36) -> 13164.28 | O37: =SUM(O16:O36)+G20+S6 -> 28452.41
A38: 15 | B38: S32 | C38: 0.7 | D38: 0.5 | E38: 0.75 | F38: 2.6 | G38: =ROUND(((E38*2+0.8)*7+(E38*2+1)*6)*1.56+((E38/0.15*1*4)+(0.4*(1+0.8)/0.15)+(3*(0.8*2+1*2)*2))*0.994,2) -> 94.64 | H38: =(C38+D38)*E38*2-0.4*0.6*2 -> 1.32 | I38: =(C38+0.2*2+D38+0.2*2)*2*(E38+0.2+0.2)-(0.8*1)*2 -> 3 | K38: =ROUND(C38*0.2*2*E38+0.1*0.2*2*E38+0.9*1.1*0.15*2-(0.53*0.65*0.15),2) -> 0.49
A39: 16 | B39: S32-1 | C39: 1 | D39: 1 | E39: 3.31 | F39: 取消 | N39: =ROUND(((E24*2+0.8)*7+(E24*2+1)*6)*1.56,2) -> 44.46 | O39: =((E24/0.15*1*4)+(0.4*(1+0.8)/0.15)+(3*(0.8*2+1*2)*2))*0.994 -> 43.470933
A40: 17 | B40: S33 | C40: 1 | D40: 1 | E40: 2.53 | F40: 取消 | N40: =ROUND(((E25*2+0.8)*7+(E25*2+1)*6)*1.56,2) -> 44.46 | O40: =((E25/0.15*1*4)+(0.4*(1+0.8)/0.15)+(3*(0.8*2+1*2)*2))*0.994 -> 43.470933
A41: 18 | B41: S34 | C41: 0.7 | D41: 0.5 | E41: 0.75 | G41: =ROUND(((E41*2+0.8)*7+(E41*2+1)*6)*1.56+((E41/0.15*1*4)+(0.4*(1+0.8)/0.15)+(3*(0.8*2+1*2)*2))*0.994,2) -> 94.64 | H41: =(C41+D41)*E41*2-0.4*0.6*2 -> 1.32 | I41: =(C41+0.2*2+D41+0.2*2)*2*(E41+0.2+0.2)-(0.8*1)*2 -> 3 | K41: =ROUND(C41*0.2*2*E41+0.1*0.2*2*E41+0.9*1.1*0.15*2-(0.53*0.65*0.15),2) -> 0.49 | N41: =ROUND(((E26*2+0.8)*7+(E26*2+1)*6)*1.56,2) -> 44.46 | O41: =((E26/0.15*1*4)+(0.4*(1+0.8)/0.15)+(3*(0.8*2+1*2)*2))*0.994 -> 43.470933
A42: 19 | B42: S35 | C42: 0.7 | D42: 0.5 | E42: 0.65 | G42: =ROUND(((E42*2+0.8)*7+(E42*2+1)*6)*1.56+((E42/0.15*1*4)+(0.4*(1+0.8)/0.15)+(3*(0.8*2+1*2)*2))*0.994,2) -> 87.93 | H42: =(C42+D42)*E42*2-0.4*0.6*2 -> 1.08 | I42: =(C42+0.2*2+D42+0.2*2)*2*(E42+0.2+0.2)-(0.8*1)*2 -> 2.6 | K42: =ROUND(C42*0.2*2*E42+0.1*0.2*2*E42+0.9*1.1*0.15*2-(0.53*0.65*0.15),2) -> 0.45 | N42: =ROUND(((E27*2+0.8)*7+(E27*2+1)*6)*1.56,2) -> 44.46 | O42: =((E27/0.15*1*4)+(0.4*(1+0.8)/0.15)+(3*(0.8*2+1*2)*2))*0.994 -> 43.470933
A43: 20 | B43: S36 | C43: 0.7 | D43: 0.5 | E43: 0.7 | G43: =ROUND(((E43*2+0.8)*7+(E43*2+1)*6)*1.56+((E43/0.15*1*4)+(0.4*(1+0.8)/0.15)+(3*(0.8*2+1*2)*2))*0.994,2) -> 91.28 | H43: =(C43+D43)*E43*2-0.4*0.6*2 -> 1.2 | I43: =(C43+0.2*2+D43+0.2*2)*2*(E43+0.2+0.2)-(0.8*1)*2 -> 2.8 | K43: =ROUND(C43*0.2*2*E43+0.1*0.2*2*E43+0.9*1.1*0.15*2-(0.53*0.65*0.15),2) -> 0.47 | N43: =ROUND(((E28*2+0.8)*7+(E28*2+1)*6)*1.56,2) -> 91.1 | O43: =((E28/0.15*1*4)+(0.4*(1+0.8)/0.15)+(3*(0.8*2+1*2)*2))*0.994 -> 73.9536
A44: 21 | B44: S37 | C44: 0.7 | D44: 0.5 | E44: 0.55 | G44: =ROUND(((E44*2+0.8)*7+(E44*2+1)*6)*1.56+((E44/0.15*1*4)+(0.4*(1+0.8)/0.15)+(3*(0.8*2+1*2)*2))*0.994,2) -> 81.22 | H44: =(C44+D44)*E44*2-0.4*0.6*2 -> 0.84 | I44: =(C44+0.2*2+D44+0.2*2)*2*(E44+0.2+0.2)-(0.8*1)*2 -> 2.2 | K44: =ROUND(C44*0.2*2*E44+0.1*0.2*2*E44+0.9*1.1*0.15*2-(0.53*0.65*0.15),2) -> 0.42 | N44: =ROUND(((E29*2+0.8)*7+(E29*2+1)*6)*1.56,2) -> 50.54 | O44: =((E29/0.15*1*4)+(0.4*(1+0.8)/0.15)+(3*(0.8*2+1*2)*2))*0.994 -> 47.446933
A45: 22 | B45: SL21-1 | C45: 0.7 | D45: 0.5 | E45: 0.9 | F45: 設施表無此項 | G45: =ROUND(((E45*2+0.8)*7+(E45*2+1)*6)*1.56+((E45/0.15*1*4)+(0.4*(1+0.8)/0.15)+(3*(0.8*2+1*2)*2))*0.994,2) -> 104.7 | H45: =(C45+D45)*E45*2-0.4*0.6*2 -> 1.68 | I45: =(C45+0.2*2+D45+0.2*2)*2*(E45+0.2+0.2)-(0.8*1)*2 -> 3.6 | K45: =ROUND(C45*0.2*2*E45+0.1*0.2*2*E45+0.9*1.1*0.15*2-(0.53*0.65*0.15),2) -> 0.53 | N45: =ROUND(((E30*2+0.8)*7+(E30*2+1)*6)*1.56,2) -> 44.46 | O45: =((E30/0.15*1*4)+(0.4*(1+0.8)/0.15)+(3*(0.8*2+1*2)*2))*0.994 -> 43.470933
A46: 23 | B46: SL21-2 | C46: 0.7 | D46: 0.5 | E46: 0.9 | F46: 設施表無此項 | G46: =ROUND(((E46*2+0.8)*7+(E46*2+1)*6)*1.56+((E46/0.15*1*4)+(0.4*(1+0.8)/0.15)+(3*(0.8*2+1*2)*2))*0.994,2) -> 104.7 | H46: =(C46+D46)*E46*2-0.4*0.6*2 -> 1.68 | I46: =(C46+0.2*2+D46+0.2*2)*2*(E46+0.2+0.2)-(0.8*1)*2 -> 3.6 | K46: =ROUND(C46*0.2*2*E46+0.1*0.2*2*E46+0.9*1.1*0.15*2-(0.53*0.65*0.15),2) -> 0.53 | N46: =ROUND(((E31*2+0.8)*7+(E31*2+1)*6)*1.56,2) -> 44.46 | O46: =((E31/0.15*1*4)+(0.4*(1+0.8)/0.15)+(3*(0.8*2+1*2)*2))*0.994 -> 43.470933
A47: 24 | B47: SL21-3 | C47: 0.7 | D47: 0.5 | E47: 0.9 | F47: 設施表無此項 | G47: =ROUND(((E47*2+0.8)*7+(E47*2+1)*6)*1.56+((E47/0.15*1*4)+(0.4*(1+0.8)/0.15)+(3*(0.8*2+1*2)*2))*0.994,2) -> 104.7 | H47: =(C47+D47)*E47*2-0.4*0.6*2 -> 1.68 | I47: =(C47+0.2*2+D47+0.2*2)*2*(E47+0.2+0.2)-(0.8*1)*2 -> 3.6 | K47: =ROUND(C47*0.2*2*E47+0.1*0.2*2*E47+0.9*1.1*0.15*2-(0.53*0.65*0.15),2) -> 0.53 | N47: =ROUND(((E32*2+0.8)*7+(E32*2+1)*6)*1.56,2) -> 44.46 | O47: =((E32/0.15*1*4)+(0.4*(1+0.8)/0.15)+(3*(0.8*2+1*2)*2))*0.994 -> 43.470933
A48: 25 | B48: SL21-4 | C48: 0.7 | D48: 0.5 | E48: 0.9 | F48: 設施表無此項 | G48: =ROUND(((E48*2+0.8)*7+(E48*2+1)*6)*1.56+((E48/0.15*1*4)+(0.4*(1+0.8)/0.15)+(3*(0.8*2+1*2)*2))*0.994,2) -> 104.7 | H48: =(C48+D48)*E48*2-0.4*0.6*2 -> 1.68 | I48: =(C48+0.2*2+D48+0.2*2)*2*(E48+0.2+0.2)-(0.8*1)*2 -> 3.6 | K48: =ROUND(C48*0.2*2*E48+0.1*0.2*2*E48+0.9*1.1*0.15*2-(0.53*0.65*0.15),2) -> 0.53 | N48: =ROUND(((E33*2+0.8)*7+(E33*2+1)*6)*1.56,2) -> 40.4 | O48: =((E33/0.15*1*4)+(0.4*(1+0.8)/0.15)+(3*(0.8*2+1*2)*2))*0.994 -> 40.820267
A49: 26 | B49: SL21-5 | C49: 0.7 | D49: 0.5 | E49: 0.9 | F49: 設施表無此項 | G49: =ROUND(((E49*2+0.8)*7+(E49*2+1)*6)*1.56+((E49/0.15*1*4)+(0.4*(1+0.8)/0.15)+(3*(0.8*2+1*2)*2))*0.994,2) -> 104.7 | H49: =(C49+D49)*E49*2-0.4*0.6*2 -> 1.68 | I49: =(C49+0.2*2+D49+0.2*2)*2*(E49+0.2+0.2)-(0.8*1)*2 -> 3.6 | K49: =ROUND(C49*0.2*2*E49+0.1*0.2*2*E49+0.9*1.1*0.15*2-(0.53*0.65*0.15),2) -> 0.53 | N49: =ROUND(((E34*2+0.8)*7+(E34*2+1)*6)*1.56,2) -> 45.27 | O49: =((E34/0.15*1*4)+(0.4*(1+0.8)/0.15)+(3*(0.8*2+1*2)*2))*0.994 -> 44.001067
A50: 27 | B50: SL21-6 | C50: 0.7 | D50: 0.5 | E50: 0.9 | F50: 設施表無此項 | G50: =ROUND(((E50*2+0.8)*7+(E50*2+1)*6)*1.56+((E50/0.15*1*4)+(0.4*(1+0.8)/0.15)+(3*(0.8*2+1*2)*2))*0.994,2) -> 104.7 | H50: =(C50+D50)*E50*2-0.4*0.6*2 -> 1.68 | I50: =(C50+0.2*2+D50+0.2*2)*2*(E50+0.2+0.2)-(0.8*1)*2 -> 3.6 | K50: =ROUND(C50*0.2*2*E50+0.1*0.2*2*E50+0.9*1.1*0.15*2-(0.53*0.65*0.15),2) -> 0.53 | N50: =ROUND(((E35*2+0.8)*7+(E35*2+1)*6)*1.56,2) -> 46.49 | O50: =((E35/0.15*1*4)+(0.4*(1+0.8)/0.15)+(3*(0.8*2+1*2)*2))*0.994 -> 44.796267
A51: 28 | B51: SL21-7 | C51: 0.7 | D51: 0.5 | E51: 0.9 | F51: 設施表無此項 | G51: =ROUND(((E51*2+0.8)*7+(E51*2+1)*6)*1.56+((E51/0.15*1*4)+(0.4*(1+0.8)/0.15)+(3*(0.8*2+1*2)*2))*0.994,2) -> 104.7 | H51: =(C51+D51)*E51*2-0.4*0.6*2 -> 1.68 | I51: =(C51+0.2*2+D51+0.2*2)*2*(E51+0.2+0.2)-(0.8*1)*2 -> 3.6 | K51: =ROUND(C51*0.2*2*E51+0.1*0.2*2*E51+0.9*1.1*0.15*2-(0.53*0.65*0.15),2) -> 0.53 | N51: =ROUND(((E36*2+0.8)*7+(E36*2+1)*6)*1.56,2) -> 44.46 | O51: =((E36/0.15*1*4)+(0.4*(1+0.8)/0.15)+(3*(0.8*2+1*2)*2))*0.994 -> 43.470933
A52: 29 | B52: SL21-8 | C52: 0.7 | D52: 0.5 | E52: 0.9 | F52: 設施表無此項 | G52: =ROUND(((E52*2+0.8)*7+(E52*2+1)*6)*1.56+((E52/0.15*1*4)+(0.4*(1+0.8)/0.15)+(3*(0.8*2+1*2)*2))*0.994,2) -> 104.7 | H52: =(C52+D52)*E52*2-0.4*0.6*2 -> 1.68 | I52: =(C52+0.2*2+D52+0.2*2)*2*(E52+0.2+0.2)-(0.8*1)*2 -> 3.6 | K52: =ROUND(C52*0.2*2*E52+0.1*0.2*2*E52+0.9*1.1*0.15*2-(0.53*0.65*0.15),2) -> 0.53 | N52: =ROUND(((E37*2+0.8)*7+(E37*2+1)*6)*1.56,2) -> 64.74 | O52: =((E37/0.15*1*4)+(0.4*(1+0.8)/0.15)+(3*(0.8*2+1*2)*2))*0.994 -> 56.724267
A53: 30 | B53: SL21-9 | C53: 0.7 | D53: 0.5 | E53: 0.9 | F53: 設施表無此項 | G53: =ROUND(((E53*2+0.8)*7+(E53*2+1)*6)*1.56+((E53/0.15*1*4)+(0.4*(1+0.8)/0.15)+(3*(0.8*2+1*2)*2))*0.994,2) -> 104.7 | H53: =(C53+D53)*E53*2-0.4*0.6*2 -> 1.68 | I53: =(C53+0.2*2+D53+0.2*2)*2*(E53+0.2+0.2)-(0.8*1)*2 -> 3.6 | K53: =ROUND(C53*0.2*2*E53+0.1*0.2*2*E53+0.9*1.1*0.15*2-(0.53*0.65*0.15),2) -> 0.53 | N53: =ROUND(((E38*2+0.8)*7+(E38*2+1)*6)*1.56,2) -> 48.52 | O53: =((E38/0.15*1*4)+(0.4*(1+0.8)/0.15)+(3*(0.8*2+1*2)*2))*0.994 -> 46.1216
A54: 31 | B54: SL21-10 | C54: 0.7 | D54: 0.5 | E54: 0.9 | F54: 設施表無此項 | G54: =ROUND(((E54*2+0.8)*7+(E54*2+1)*6)*1.56+((E54/0.15*1*4)+(0.4*(1+0.8)/0.15)+(3*(0.8*2+1*2)*2))*0.994,2) -> 104.7 | H54: =(C54+D54)*E54*2-0.4*0.6*2 -> 1.68 | I54: =(C54+0.2*2+D54+0.2*2)*2*(E54+0.2+0.2)-(0.8*1)*2 -> 3.6 | K54: =ROUND(C54*0.2*2*E54+0.1*0.2*2*E54+0.9*1.1*0.15*2-(0.53*0.65*0.15),2) -> 0.53
A55: 32 | B55: SL23-1 | C55: 0.7 | D55: 0.5 | E55: 0.43 | G55: =ROUND(((E55*2+0.8)*7+(E55*2+1)*6)*1.56+((E55/0.15*1*4)+(0.4*(1+0.8)/0.15)+(3*(0.8*2+1*2)*2))*0.994,2) -> 73.18 | H55: =(C55+D55)*E55*2-0.4*0.6*2 -> 0.552 | I55: =(C55+0.2*2+D55+0.2*2)*2*(E55+0.2+0.2)-(0.8*1)*2 -> 1.72 | K55: =ROUND(C55*0.2*2*E55+0.1*0.2*2*E55+0.9*1.1*0.15*2-(0.53*0.65*0.15),2) -> 0.38
A56: 33 | B56: SL23-2 | C56: 0.7 | D56: 0.5 | E56: 0.74 | G56: =ROUND(((E56*2+0.8)*7+(E56*2+1)*6)*1.56+((E56/0.15*1*4)+(0.4*(1+0.8)/0.15)+(3*(0.8*2+1*2)*2))*0.994,2) -> 93.97 | H56: =(C56+D56)*E56*2-0.4*0.6*2 -> 1.296 | I56: =(C56+0.2*2+D56+0.2*2)*2*(E56+0.2+0.2)-(0.8*1)*2 -> 2.96 | K56: =ROUND(C56*0.2*2*E56+0.1*0.2*2*E56+0.9*1.1*0.15*2-(0.53*0.65*0.15),2) -> 0.48 | N56: =ROUND(((E41*2+0.8)*7+(E41*2+1)*6)*1.56,2) -> 48.52 | O56: =((E41/0.15*1*4)+(0.4*(1+0.8)/0.15)+(3*(0.8*2+1*2)*2))*0.994 -> 46.1216
A57: 34 | B57: SL23-3 | C57: 0.7 | D57: 0.5 | E57: 0.43 | G57: =ROUND(((E57*2+0.8)*7+(E57*2+1)*6)*1.56+((E57/0.15*1*4)+(0.4*(1+0.8)/0.15)+(3*(0.8*2+1*2)*2))*0.994,2) -> 73.18 | H57: =(C57+D57)*E57*2-0.4*0.6*2 -> 0.552 | I57: =(C57+0.2*2+D57+0.2*2)*2*(E57+0.2+0.2)-(0.8*1)*2 -> 1.72 | K57: =ROUND(C57*0.2*2*E57+0.1*0.2*2*E57+0.9*1.1*0.15*2-(0.53*0.65*0.15),2) -> 0.38 | N57: =ROUND(((E42*2+0.8)*7+(E42*2+1)*6)*1.56,2) -> 44.46 | O57: =((E42/0.15*1*4)+(0.4*(1+0.8)/0.15)+(3*(0.8*2+1*2)*2))*0.994 -> 43.470933
A58: 35 | B58: SL23-4 | C58: 0.7 | D58: 0.5 | E58: 0.43 | G58: =ROUND(((E58*2+0.8)*7+(E58*2+1)*6)*1.56+((E58/0.15*1*4)+(0.4*(1+0.8)/0.15)+(3*(0.8*2+1*2)*2))*0.994,2) -> 73.18 | H58: =(C58+D58)*E58*2-0.4*0.6*2 -> 0.552 | I58: =(C58+0.2*2+D58+0.2*2)*2*(E58+0.2+0.2)-(0.8*1)*2 -> 1.72 | K58: =ROUND(C58*0.2*2*E58+0.1*0.2*2*E58+0.9*1.1*0.15*2-(0.53*0.65*0.15),2) -> 0.38 | N58: =ROUND(((E43*2+0.8)*7+(E43*2+1)*6)*1.56,2) -> 46.49 | O58: =((E43/0.15*1*4)+(0.4*(1+0.8)/0.15)+(3*(0.8*2+1*2)*2))*0.994 -> 44.796267
A59: 36 | B59: SL23-5 | C59: 0.7 | D59: 0.5 | E59: 0.43 | G59: =ROUND(((E59*2+0.8)*7+(E59*2+1)*6)*1.56+((E59/0.15*1*4)+(0.4*(1+0.8)/0.15)+(3*(0.8*2+1*2)*2))*0.994,2) -> 73.18 | H59: =(C59+D59)*E59*2-0.4*0.6*2 -> 0.552 | I59: =(C59+0.2*2+D59+0.2*2)*2*(E59+0.2+0.2)-(0.8*1)*2 -> 1.72 | K59: =ROUND(C59*0.2*2*E59+0.1*0.2*2*E59+0.9*1.1*0.15*2-(0.53*0.65*0.15),2) -> 0.38 | N59: =ROUND(((E44*2+0.8)*7+(E44*2+1)*6)*1.56,2) -> 40.4 | O59: =((E44/0.15*1*4)+(0.4*(1+0.8)/0.15)+(3*(0.8*2+1*2)*2))*0.994 -> 40.820267
A60: 37 | B60: SL23-6 | C60: 0.7 | D60: 0.5 | E60: 0.43 | G60: =ROUND(((E60*2+0.8)*7+(E60*2+1)*6)*1.56+((E60/0.15*1*4)+(0.4*(1+0.8)/0.15)+(3*(0.8*2+1*2)*2))*0.994,2) -> 73.18 | H60: =(C60+D60)*E60*2-0.4*0.6*2 -> 0.552 | I60: =(C60+0.2*2+D60+0.2*2)*2*(E60+0.2+0.2)-(0.8*1)*2 -> 1.72 | K60: =ROUND(C60*0.2*2*E60+0.1*0.2*2*E60+0.9*1.1*0.15*2-(0.53*0.65*0.15),2) -> 0.38 | N60: =ROUND(((E45*2+0.8)*7+(E45*2+1)*6)*1.56,2) -> 54.6 | O60: =((E45/0.15*1*4)+(0.4*(1+0.8)/0.15)+(3*(0.8*2+1*2)*2))*0.994 -> 50.0976
A61: 38 | B61: SL23-7 | C61: 0.7 | D61: 0.5 | E61: 0.42 | G61: =ROUND(((E61*2+0.8)*7+(E61*2+1)*6)*1.56+((E61/0.15*1*4)+(0.4*(1+0.8)/0.15)+(3*(0.8*2+1*2)*2))*0.994,2) -> 72.51 | H61: =(C61+D61)*E61*2-0.4*0.6*2 -> 0.528 | I61: =(C61+0.2*2+D61+0.2*2)*2*(E61+0.2+0.2)-(0.8*1)*2 -> 1.68 | K61: =ROUND(C61*0.2*2*E61+0.1*0.2*2*E61+0.9*1.1*0.15*2-(0.53*0.65*0.15),2) -> 0.38 | N61: =ROUND(((E46*2+0.8)*7+(E46*2+1)*6)*1.56,2) -> 54.6 | O61: =((E46/0.15*1*4)+(0.4*(1+0.8)/0.15)+(3*(0.8*2+1*2)*2))*0.994 -> 50.0976
A62: 39 | B62: SL23-8 | C62: 0.7 | D62: 0.5 | E62: 0.42 | G62: =ROUND(((E62*2+0.8)*7+(E62*2+1)*6)*1.56+((E62/0.15*1*4)+(0.4*(1+0.8)/0.15)+(3*(0.8*2+1*2)*2))*0.994,2) -> 72.51 | H62: =(C62+D62)*E62*2-0.4*0.6*2 -> 0.528 | I62: =(C62+0.2*2+D62+0.2*2)*2*(E62+0.2+0.2)-(0.8*1)*2 -> 1.68 | K62: =ROUND(C62*0.2*2*E62+0.1*0.2*2*E62+0.9*1.1*0.15*2-(0.53*0.65*0.15),2) -> 0.38 | N62: =ROUND(((E47*2+0.8)*7+(E47*2+1)*6)*1.56,2) -> 54.6 | O62: =((E47/0.15*1*4)+(0.4*(1+0.8)/0.15)+(3*(0.8*2+1*2)*2))*0.994 -> 50.0976
A63: 40 | B63: SL23-9 | C63: 0.7 | D63: 0.5 | E63: 0.41 | G63: =ROUND(((E63*2+0.8)*7+(E63*2+1)*6)*1.56+((E63/0.15*1*4)+(0.4*(1+0.8)/0.15)+(3*(0.8*2+1*2)*2))*0.994,2) -> 71.83 | H63: =(C63+D63)*E63*2-0.4*0.6*2 -> 0.504 | I63: =(C63+0.2*2+D63+0.2*2)*2*(E63+0.2+0.2)-(0.8*1)*2 -> 1.64 | K63: =ROUND(C63*0.2*2*E63+0.1*0.2*2*E63+0.9*1.1*0.15*2-(0.53*0.65*0.15),2) -> 0.38 | N63: =ROUND(((E48*2+0.8)*7+(E48*2+1)*6)*1.56,2) -> 54.6 | O63: =((E48/0.15*1*4)+(0.4*(1+0.8)/0.15)+(3*(0.8*2+1*2)*2))*0.994 -> 50.0976
A64: 41 | B64: SL23-10 | C64: 0.7 | D64: 0.5 | E64: 0.41 | G64: =ROUND(((E64*2+0.8)*7+(E64*2+1)*6)*1.56+((E64/0.15*1*4)+(0.4*(1+0.8)/0.15)+(3*(0.8*2+1*2)*2))*0.994,2) -> 71.83 | H64: =(C64+D64)*E64*2-0.4*0.6*2 -> 0.504 | I64: =(C64+0.2*2+D64+0.2*2)*2*(E64+0.2+0.2)-(0.8*1)*2 -> 1.64 | K64: =ROUND(C64*0.2*2*E64+0.1*0.2*2*E64+0.9*1.1*0.15*2-(0.53*0.65*0.15),2) -> 0.38 | N64: =ROUND(((E49*2+0.8)*7+(E49*2+1)*6)*1.56,2) -> 54.6 | O64: =((E49/0.15*1*4)+(0.4*(1+0.8)/0.15)+(3*(0.8*2+1*2)*2))*0.994 -> 50.0976
A65: 42 | B65: SL24-1 | C65: 0.7 | D65: 0.5 | E65: 0.65 | F65: 設施表無此項 | G65: =ROUND(((E65*2+0.8)*7+(E65*2+1)*6)*1.56+((E65/0.15*1*4)+(0.4*(1+0.8)/0.15)+(3*(0.8*2+1*2)*2))*0.994,2) -> 87.93 | H65: =(C65+D65)*E65*2-0.4*0.6*2 -> 1.08 | I65: =(C65+0.2*2+D65+0.2*2)*2*(E65+0.2+0.2)-(0.8*1)*2 -> 2.6 | K65: =ROUND(C65*0.2*2*E65+0.1*0.2*2*E65+0.9*1.1*0.15*2-(0.53*0.65*0.15),2) -> 0.45 | N65: =ROUND(((E50*2+0.8)*7+(E50*2+1)*6)*1.56,2) -> 54.6 | O65: =((E50/0.15*1*4)+(0.4*(1+0.8)/0.15)+(3*(0.8*2+1*2)*2))*0.994 -> 50.0976
A66: 43 | B66: SL24-2 | C66: 0.7 | D66: 0.5 | E66: 0.65 | F66: 設施表無此項 | G66: =ROUND(((E66*2+0.8)*7+(E66*2+1)*6)*1.56+((E66/0.15*1*4)+(0.4*(1+0.8)/0.15)+(3*(0.8*2+1*2)*2))*0.994,2) -> 87.93 | H66: =(C66+D66)*E66*2-0.4*0.6*2 -> 1.08 | I66: =(C66+0.2*2+D66+0.2*2)*2*(E66+0.2+0.2)-(0.8*1)*2 -> 2.6 | K66: =ROUND(C66*0.2*2*E66+0.1*0.2*2*E66+0.9*1.1*0.15*2-(0.53*0.65*0.15),2) -> 0.45 | N66: =ROUND(((E51*2+0.8)*7+(E51*2+1)*6)*1.56,2) -> 54.6 | O66: =((E51/0.15*1*4)+(0.4*(1+0.8)/0.15)+(3*(0.8*2+1*2)*2))*0.994 -> 50.0976
A67: 44 | B67: SL25-1 | C67: 0.7 | D67: 0.5 | E67: 0.85 | G67: =ROUND(((E67*2+0.8)*7+(E67*2+1)*6)*1.56+((E67/0.15*1*4)+(0.4*(1+0.8)/0.15)+(3*(0.8*2+1*2)*2))*0.994,2) -> 101.34 | H67: =(C67+D67)*E67*2-0.4*0.6*2 -> 1.56 | I67: =(C67+0.2*2+D67+0.2*2)*2*(E67+0.2+0.2)-(0.8*1)*2 -> 3.4 | K67: =ROUND(C67*0.2*2*E67+0.1*0.2*2*E67+0.9*1.1*0.15*2-(0.53*0.65*0.15),2) -> 0.52 | N67: =ROUND(((E52*2+0.8)*7+(E52*2+1)*6)*1.56,2) -> 54.6 | O67: =((E52/0.15*1*4)+(0.4*(1+0.8)/0.15)+(3*(0.8*2+1*2)*2))*0.994 -> 50.0976
A68: 45 | B68: SL25-2 | C68: 0.7 | D68: 0.5 | E68: 0.85 | G68: =ROUND(((E68*2+0.8)*7+(E68*2+1)*6)*1.56+((E68/0.15*1*4)+(0.4*(1+0.8)/0.15)+(3*(0.8*2+1*2)*2))*0.994,2) -> 101.34 | H68: =(C68+D68)*E68*2-0.4*0.6*2 -> 1.56 | I68: =(C68+0.2*2+D68+0.2*2)*2*(E68+0.2+0.2)-(0.8*1)*2 -> 3.4 | K68: =ROUND(C68*0.2*2*E68+0.1*0.2*2*E68+0.9*1.1*0.15*2-(0.53*0.65*0.15),2) -> 0.52 | N68: =ROUND(((E53*2+0.8)*7+(E53*2+1)*6)*1.56,2) -> 54.6 | O68: =((E53/0.15*1*4)+(0.4*(1+0.8)/0.15)+(3*(0.8*2+1*2)*2))*0.994 -> 50.0976
A69: 46 | B69: SL25-3 | C69: 0.7 | D69: 0.5 | E69: 0.85 | G69: =ROUND(((E69*2+0.8)*7+(E69*2+1)*6)*1.56+((E69/0.15*1*4)+(0.4*(1+0.8)/0.15)+(3*(0.8*2+1*2)*2))*0.994,2) -> 101.34 | H69: =(C69+D69)*E69*2-0.4*0.6*2 -> 1.56 | I69: =(C69+0.2*2+D69+0.2*2)*2*(E69+0.2+0.2)-(0.8*1)*2 -> 3.4 | K69: =ROUND(C69*0.2*2*E69+0.1*0.2*2*E69+0.9*1.1*0.15*2-(0.53*0.65*0.15),2) -> 0.52 | N69: =ROUND(((E54*2+0.8)*7+(E54*2+1)*6)*1.56,2) -> 54.6 | O69: =((E54/0.15*1*4)+(0.4*(1+0.8)/0.15)+(3*(0.8*2+1*2)*2))*0.994 -> 50.0976
A70: 47 | B70: SL25-4 | C70: 0.7 | D70: 0.5 | E70: 0.85 | G70: =ROUND(((E70*2+0.8)*7+(E70*2+1)*6)*1.56+((E70/0.15*1*4)+(0.4*(1+0.8)/0.15)+(3*(0.8*2+1*2)*2))*0.994,2) -> 101.34 | H70: =(C70+D70)*E70*2-0.4*0.6*2 -> 1.56 | I70: =(C70+0.2*2+D70+0.2*2)*2*(E70+0.2+0.2)-(0.8*1)*2 -> 3.4 | K70: =ROUND(C70*0.2*2*E70+0.1*0.2*2*E70+0.9*1.1*0.15*2-(0.53*0.65*0.15),2) -> 0.52 | N70: =ROUND(((E55*2+0.8)*7+(E55*2+1)*6)*1.56,2) -> 35.54 | O70: =((E55/0.15*1*4)+(0.4*(1+0.8)/0.15)+(3*(0.8*2+1*2)*2))*0.994 -> 37.639467
A71: 48 | B71: SL25-5 | C71: 0.7 | D71: 0.5 | E71: 0.85 | G71: =ROUND(((E71*2+0.8)*7+(E71*2+1)*6)*1.56+((E71/0.15*1*4)+(0.4*(1+0.8)/0.15)+(3*(0.8*2+1*2)*2))*0.994,2) -> 101.34 | H71: =(C71+D71)*E71*2-0.4*0.6*2 -> 1.56 | I71: =(C71+0.2*2+D71+0.2*2)*2*(E71+0.2+0.2)-(0.8*1)*2 -> 3.4 | K71: =ROUND(C71*0.2*2*E71+0.1*0.2*2*E71+0.9*1.1*0.15*2-(0.53*0.65*0.15),2) -> 0.52 | N71: =ROUND(((E56*2+0.8)*7+(E56*2+1)*6)*1.56,2) -> 48.11 | O71: =((E56/0.15*1*4)+(0.4*(1+0.8)/0.15)+(3*(0.8*2+1*2)*2))*0.994 -> 45.856533
A72: 49 | B72: SL26-1 | C72: 0.7 | D72: 0.5 | E72: 0.29 | G72: =ROUND(((E72*2+0.8)*7+(E72*2+1)*6)*1.56+((E72/0.15*1*4)+(0.4*(1+0.8)/0.15)+(3*(0.8*2+1*2)*2))*0.994,2) -> 63.79 | H72: =(C72+D72)*E72*2-0.4*0.6*2 -> 0.216 | I72: =(C72+0.2*2+D72+0.2*2)*2*(E72+0.2+0.2)-(0.8*1)*2 -> 1.16 | K72: =ROUND(C72*0.2*2*E72+0.1*0.2*2*E72+0.9*1.1*0.15*2-(0.53*0.65*0.15),2) -> 0.34 | N72: =ROUND(((E57*2+0.8)*7+(E57*2+1)*6)*1.56,2) -> 35.54 | O72: =((E57/0.15*1*4)+(0.4*(1+0.8)/0.15)+(3*(0.8*2+1*2)*2))*0.994 -> 37.639467
A73: 50 | B73: SL26-2 | C73: 0.7 | D73: 0.5 | E73: 0.29 | G73: =ROUND(((E73*2+0.8)*7+(E73*2+1)*6)*1.56+((E73/0.15*1*4)+(0.4*(1+0.8)/0.15)+(3*(0.8*2+1*2)*2))*0.994,2) -> 63.79 | H73: =(C73+D73)*E73*2-0.4*0.6*2 -> 0.216 | I73: =(C73+0.2*2+D73+0.2*2)*2*(E73+0.2+0.2)-(0.8*1)*2 -> 1.16 | K73: =ROUND(C73*0.2*2*E73+0.1*0.2*2*E73+0.9*1.1*0.15*2-(0.53*0.65*0.15),2) -> 0.34 | N73: =ROUND(((E58*2+0.8)*7+(E58*2+1)*6)*1.56,2) -> 35.54 | O73: =((E58/0.15*1*4)+(0.4*(1+0.8)/0.15)+(3*(0.8*2+1*2)*2))*0.994 -> 37.639467
A74: 51 | B74: SL27-1 | C74: 0.7 | D74: 0.5 | E74: 0.7 | F74: 設施表無此項 | G74: =ROUND(((E74*2+0.8)*7+(E74*2+1)*6)*1.56+((E74/0.15*1*4)+(0.4*(1+0.8)/0.15)+(3*(0.8*2+1*2)*2))*0.994,2) -> 91.28 | H74: =(C74+D74)*E74*2-0.4*0.6*2 -> 1.2 | I74: =(C74+0.2*2+D74+0.2*2)*2*(E74+0.2+0.2)-(0.8*1)*2 -> 2.8 | K74: =ROUND(C74*0.2*2*E74+0.1*0.2*2*E74+0.9*1.1*0.15*2-(0.53*0.65*0.15),2) -> 0.47 | N74: =ROUND(((E59*2+0.8)*7+(E59*2+1)*6)*1.56,2) -> 35.54 | O74: =((E59/0.15*1*4)+(0.4*(1+0.8)/0.15)+(3*(0.8*2+1*2)*2))*0.994 -> 37.639467
A75: 52 | B75: SL27-2 | C75: 0.7 | D75: 0.5 | E75: 0.7 | F75: 設施表無此項 | G75: =ROUND(((E75*2+0.8)*7+(E75*2+1)*6)*1.56+((E75/0.15*1*4)+(0.4*(1+0.8)/0.15)+(3*(0.8*2+1*2)*2))*0.994,2) -> 91.28 | H75: =(C75+D75)*E75*2-0.4*0.6*2 -> 1.2 | I75: =(C75+0.2*2+D75+0.2*2)*2*(E75+0.2+0.2)-(0.8*1)*2 -> 2.8 | K75: =ROUND(C75*0.2*2*E75+0.1*0.2*2*E75+0.9*1.1*0.15*2-(0.53*0.65*0.15),2) -> 0.47 | N75: =ROUND(((E60*2+0.8)*7+(E60*2+1)*6)*1.56,2) -> 35.54 | O75: =((E60/0.15*1*4)+(0.4*(1+0.8)/0.15)+(3*(0.8*2+1*2)*2))*0.994 -> 37.639467
A76: 53 | B76: SL27-3 | C76: 0.7 | D76: 0.5 | E76: 0.7 | F76: 設施表無此項 | G76: =ROUND(((E76*2+0.8)*7+(E76*2+1)*6)*1.56+((E76/0.15*1*4)+(0.4*(1+0.8)/0.15)+(3*(0.8*2+1*2)*2))*0.994,2) -> 91.28 | H76: =(C76+D76)*E76*2-0.4*0.6*2 -> 1.2 | I76: =(C76+0.2*2+D76+0.2*2)*2*(E76+0.2+0.2)-(0.8*1)*2 -> 2.8 | K76: =ROUND(C76*0.2*2*E76+0.1*0.2*2*E76+0.9*1.1*0.15*2-(0.53*0.65*0.15),2) -> 0.47 | N76: =ROUND(((E61*2+0.8)*7+(E61*2+1)*6)*1.56,2) -> 35.13 | O76: =((E61/0.15*1*4)+(0.4*(1+0.8)/0.15)+(3*(0.8*2+1*2)*2))*0.994 -> 37.3744
A77: 54 | B77: SJ1 | C77: 0.7 | D77: 0.5 | E77: 0.85 | G77: =ROUND(((E77*2+0.8)*7+(E77*2+1)*6)*1.56+((E77/0.15*1*4)+(0.4*(1+0.8)/0.15)+(3*(0.8*2+1*2)*2))*0.994,2) -> 101.34 | H77: =(C77+D77)*E77*2-0.4*0.6*2 -> 1.56 | I77: =(C77+0.2*2+D77+0.2*2)*2*(E77+0.2+0.2)-(0.8*1)*2 -> 3.4 | K77: =ROUND(C77*0.2*2*E77+0.1*0.2*2*E77+0.9*1.1*0.15*2-(0.53*0.65*0.15),2) -> 0.52 | N77: =ROUND(((E62*2+0.8)*7+(E62*2+1)*6)*1.56,2) -> 35.13 | O77: =((E62/0.15*1*4)+(0.4*(1+0.8)/0.15)+(3*(0.8*2+1*2)*2))*0.994 -> 37.3744
A78: 55 | B78: SJ2 | C78: 0.7 | D78: 0.5 | E78: 1.05 | G78: =ROUND(((E78*2+0.8)*7+(E78*2+1)*6)*1.56+((E78/0.15*1*4)+(0.4*(1+0.8)/0.15)+(3*(0.8*2+1*2)*2))*0.994,2) -> 114.76 | H78: =(C78+D78)*E78*2-0.4*0.6*2 -> 2.04 | I78: =(C78+0.2*2+D78+0.2*2)*2*(E78+0.2+0.2)-(0.8*1)*2 -> 4.2 | K78: =ROUND(C78*0.2*2*E78+0.1*0.2*2*E78+0.9*1.1*0.15*2-(0.53*0.65*0.15),2) -> 0.58 | N78: =ROUND(((E63*2+0.8)*7+(E63*2+1)*6)*1.56,2) -> 34.73 | O78: =((E63/0.15*1*4)+(0.4*(1+0.8)/0.15)+(3*(0.8*2+1*2)*2))*0.994 -> 37.109333
A79: 56 | B79: SJ3 | C79: 0.7 | D79: 0.5 | E79: 0.9 | G79: =ROUND(((E79*2+0.8)*7+(E79*2+1)*6)*1.56+((E79/0.15*1*4)+(0.4*(1+0.8)/0.15)+(3*(0.8*2+1*2)*2))*0.994,2) -> 104.7 | H79: =(C79+D79)*E79*2-0.4*0.6*2 -> 1.68 | I79: =(C79+0.2*2+D79+0.2*2)*2*(E79+0.2+0.2)-(0.8*1)*2 -> 3.6 | K79: =ROUND(C79*0.2*2*E79+0.1*0.2*2*E79+0.9*1.1*0.15*2-(0.53*0.65*0.15),2) -> 0.53 | N79: =ROUND(((E64*2+0.8)*7+(E64*2+1)*6)*1.56,2) -> 34.73 | O79: =((E64/0.15*1*4)+(0.4*(1+0.8)/0.15)+(3*(0.8*2+1*2)*2))*0.994 -> 37.109333
A80: 57 | B80: SB3 | C80: 0.7 | D80: 0.5 | E80: 0.55 | G80: =ROUND(((E80*2+0.8)*7+(E80*2+1)*6)*1.56+((E80/0.15*1*4)+(0.4*(1+0.8)/0.15)+(3*(0.8*2+1*2)*2))*0.994,2) -> 81.22 | H80: =(C80+D80)*E80*2-0.4*0.6*2 -> 0.84 | I80: =(C80+0.2*2+D80+0.2*2)*2*(E80+0.2+0.2)-(0.8*1)*2 -> 2.2 | K80: =ROUND(C80*0.2*2*E80+0.1*0.2*2*E80+0.9*1.1*0.15*2-(0.53*0.65*0.15),2) -> 0.42 | N80: =ROUND(((E65*2+0.8)*7+(E65*2+1)*6)*1.56,2) -> 44.46 | O80: =((E65/0.15*1*4)+(0.4*(1+0.8)/0.15)+(3*(0.8*2+1*2)*2))*0.994 -> 43.470933
A81: 58 | B81: SB4 | C81: 0.7 | D81: 0.5 | E81: 0.65 | G81: =ROUND(((E81*2+0.8)*7+(E81*2+1)*6)*1.56+((E81/0.15*1*4)+(0.4*(1+0.8)/0.15)+(3*(0.8*2+1*2)*2))*0.994,2) -> 87.93 | H81: =(C81+D81)*E81*2-0.4*0.6*2 -> 1.08 | I81: =(C81+0.2*2+D81+0.2*2)*2*(E81+0.2+0.2)-(0.8*1)*2 -> 2.6 | K81: =ROUND(C81*0.2*2*E81+0.1*0.2*2*E81+0.9*1.1*0.15*2-(0.53*0.65*0.15),2) -> 0.45 | N81: =ROUND(((E66*2+0.8)*7+(E66*2+1)*6)*1.56,2) -> 44.46 | O81: =((E66/0.15*1*4)+(0.4*(1+0.8)/0.15)+(3*(0.8*2+1*2)*2))*0.994 -> 43.470933
A82: 59 | B82: SB5 | C82: 0.7 | D82: 0.5 | E82: 0.55 | G82: =ROUND(((E82*2+0.8)*7+(E82*2+1)*6)*1.56+((E82/0.15*1*4)+(0.4*(1+0.8)/0.15)+(3*(0.8*2+1*2)*2))*0.994,2) -> 81.22 | H82: =(C82+D82)*E82*2-0.4*0.6*2 -> 0.84 | I82: =(C82+0.2*2+D82+0.2*2)*2*(E82+0.2+0.2)-(0.8*1)*2 -> 2.2 | K82: =ROUND(C82*0.2*2*E82+0.1*0.2*2*E82+0.9*1.1*0.15*2-(0.53*0.65*0.15),2) -> 0.42 | N82: =ROUND(((E67*2+0.8)*7+(E67*2+1)*6)*1.56,2) -> 52.57 | O82: =((E67/0.15*1*4)+(0.4*(1+0.8)/0.15)+(3*(0.8*2+1*2)*2))*0.994 -> 48.772267
F83: 合計 | G83: =SUM(G24:G82) -> 5250.13 | H83: =SUM(H24:H82) -> 70.08 | I83: =SUM(I24:I82) -> 162.4 | K83: =SUM(K24:K82) -> 26.91 | N83: =ROUND(((E68*2+0.8)*7+(E68*2+1)*6)*1.56,2) -> 52.57 | O83: =((E68/0.15*1*4)+(0.4*(1+0.8)/0.15)+(3*(0.8*2+1*2)*2))*0.994 -> 48.772267
N84: =ROUND(((E69*2+0.8)*7+(E69*2+1)*6)*1.56,2) -> 52.57 | O84: =((E69/0.15*1*4)+(0.4*(1+0.8)/0.15)+(3*(0.8*2+1*2)*2))*0.994 -> 48.772267
N85: =ROUND(((E70*2+0.8)*7+(E70*2+1)*6)*1.56,2) -> 52.57 | O85: =((E70/0.15*1*4)+(0.4*(1+0.8)/0.15)+(3*(0.8*2+1*2)*2))*0.994 -> 48.772267
N86: =ROUND(((E71*2+0.8)*7+(E71*2+1)*6)*1.56,2) -> 52.57 | O86: =((E71/0.15*1*4)+(0.4*(1+0.8)/0.15)+(3*(0.8*2+1*2)*2))*0.994 -> 48.772267
N87: =ROUND(((E72*2+0.8)*7+(E72*2+1)*6)*1.56,2) -> 29.86 | O87: =((E72/0.15*1*4)+(0.4*(1+0.8)/0.15)+(3*(0.8*2+1*2)*2))*0.994 -> 33.928533
F88: 清水丙模 | G88: 普通丙模 | N88: =ROUND(((E73*2+0.8)*7+(E73*2+1)*6)*1.56,2) -> 29.86 | O88: =((E73/0.15*1*4)+(0.4*(1+0.8)/0.15)+(3*(0.8*2+1*2)*2))*0.994 -> 33.928533
C89: 長度 | D89: 鋼筋(溝) | E89: 鋼筋(蓋) | F89: 模板(內) | G89: 模板(外) | H89: 免拆模 | I89: 混凝土 | N89: =ROUND(((E74*2+0.8)*7+(E74*2+1)*6)*1.56,2) -> 46.49 | O89: =((E74/0.15*1*4)+(0.4*(1+0.8)/0.15)+(3*(0.8*2+1*2)*2))*0.994 -> 44.796267
B90: U+矩溝= | C90: =N12 -> 731.4 | D90: =O12 -> 22279.3 | E90: =P12 -> 19337.39 | F90: =Q12 -> 819.75 | G90: =R12 -> 1046.38 | H90: =S12 -> 438.84 | I90: =T12 -> 467.51 | N90: =ROUND(((E75*2+0.8)*7+(E75*2+1)*6)*1.56,2) -> 46.49 | O90: =((E75/0.15*1*4)+(0.4*(1+0.8)/0.15)+(3*(0.8*2+1*2)*2))*0.994 -> 44.796267
B91: 集水井= | D91: =G83 -> 5250.13 | F91: =H83 -> 70.08 | G91: =I83 -> 162.4 | I91: =K83 -> 26.91 | N91: =ROUND(((E76*2+0.8)*7+(E76*2+1)*6)*1.56,2) -> 46.49 | O91: =((E76/0.15*1*4)+(0.4*(1+0.8)/0.15)+(3*(0.8*2+1*2)*2))*0.994 -> 44.796267
B92: 合計= | D92: =D90+E90+D91 -> 46866.82 | F92: =F90+F91 -> 889.83 | G92: =G90+G91 -> 1208.78 | H92: =H90+H91 -> 438.84 | I92: =I90+I91 -> 494.42 | N92: =ROUND(((E77*2+0.8)*7+(E77*2+1)*6)*1.56,2) -> 52.57 | O92: =((E77/0.15*1*4)+(0.4*(1+0.8)/0.15)+(3*(0.8*2+1*2)*2))*0.994 -> 48.772267
A93: U+矩溝= | B93: 每M3/3.2KG | C93: 工作筋 | D93: ='數量計算(FOR4變)'!H387*3.2 -> 1496.032 | E93: =D90+E90+D93 -> 43112.722 | F93: 應該不能加 | N93: =ROUND(((E78*2+0.8)*7+(E78*2+1)*6)*1.56,2) -> 60.68 | O93: =((E78/0.15*1*4)+(0.4*(1+0.8)/0.15)+(3*(0.8*2+1*2)*2))*0.994 -> 54.0736
A94: 集水井= | B94: 每M3/3.2KG | C94: 工作筋 | D94: ='數量計算(FOR4變)'!H388*3.2 -> 86.112 | E94: =D91+D94 -> 5336.242 | N94: =ROUND(((E79*2+0.8)*7+(E79*2+1)*6)*1.56,2) -> 54.6 | O94: =((E79/0.15*1*4)+(0.4*(1+0.8)/0.15)+(3*(0.8*2+1*2)*2))*0.994 -> 50.0976
N95: =ROUND(((E80*2+0.8)*7+(E80*2+1)*6)*1.56,2) -> 40.4 | O95: =((E80/0.15*1*4)+(0.4*(1+0.8)/0.15)+(3*(0.8*2+1*2)*2))*0.994 -> 40.820267
N96: =ROUND(((E81*2+0.8)*7+(E81*2+1)*6)*1.56,2) -> 44.46 | O96: =((E81/0.15*1*4)+(0.4*(1+0.8)/0.15)+(3*(0.8*2+1*2)*2))*0.994 -> 43.470933
N97: =ROUND(((E82*2+0.8)*7+(E82*2+1)*6)*1.56,2) -> 40.4 | O97: =((E82/0.15*1*4)+(0.4*(1+0.8)/0.15)+(3*(0.8*2+1*2)*2))*0.994 -> 40.820267
M98: 集水井小計 | N98: =SUM(N39:N97) -> 2678.21 | O98: =SUM(O39:O97) -> 2571.9419
M99: 合計 | N99: =N37+N98 -> 15842.49 | O99: =O37+O98 -> 31024.352

Sheet 希冀橋
A1: 翼板耐候鋼 | B1: G1-1 | C1: G1-2 | D1: G1-3 | E1: G2-1 | F1: G2-2 | G1: G3-1 | H1: G3-2 | I1: G3-3
A2: 第1段 | B2: 56.2 | C2: 294 | D2: 616 | E2: 820.1 | F2: 909.7 | G2: 849.7 | H2: 722.2 | I2: 710
A3: 第2段 | B3: 1789.2 | C3: 1325.9 | D3: 690.7 | E3: 288.5 | F3: 111.7 | G3: 229.4 | H3: 480.9 | I3: 606.5
A4: 第3段 | B4: 540 | C4: 540 | D4: 540 | E4: 540 | F4: 540 | G4: 540 | H4: 540 | I4: 540
A5: 合計 | B5: =SUM(B2:B4) -> 2385.4 | C5: =SUM(C2:C4) -> 2159.9 | D5: =SUM(D2:D4) -> 1846.7 | E5: =SUM(E2:E4) -> 1648.6 | F5: =SUM(F2:F4) -> 1561.4 | G5: =SUM(G2:G4) -> 1619.1 | H5: =SUM(H2:H4) -> 1743.1 | I5: =SUM(I2:I4) -> 1856.5
A8: 翼板耐候鋼
B9: (1) | C9: (2) | D9: (3) | E9: (1)+(2)+(3) | F9: 單元長度(M) | G9: 平均寬度M | H9: 單位重(KG)
A10: G1-1 | B10: 56.2 | C10: 1789.2 | D10: 540 | E10: =SUM(B10:D10) -> 2385.4 | H10: =2190/(1.525*6.096) -> 235.57506 | I10: =ROUND(F10*G10*H10,2) -> 0
A11: G1-2 | B11: 294 | C11: 1325.9 | D11: 540 | E11: =SUM(B11:D11) -> 2159.9 | F11: 3.6 | G11: =ROUND((E10+E11)/2/1000,2) -> 2.27 | H11: =2190/(1.525*6.096) -> 235.57506 | I11: =ROUND(F11*G11*H11,2) -> 1925.12
A12: G1-3 | B12: 616 | C12: 690.7 | D12: 540 | E12: =SUM(B12:D12) -> 1846.7 | F12: 5.9 | G12: =ROUND((E11+E12)/2/1000,2) -> 2 | H12: =2190/(1.525*6.096) -> 235.57506 | I12: =ROUND(F12*G12*H12,2) -> 2779.79
A13: G2-1 | B13: 820.1 | C13: 288.5 | D13: 540 | E13: =SUM(B13:D13) -> 1648.6 | F13: 6.8 | G13: =ROUND((E12+E13)/2/1000,2) -> 1.75 | H13: =2190/(1.525*6.096) -> 235.57506 | I13: =ROUND(F13*G13*H13,2) -> 2803.34
A14: G2-2 | B14: 909.7 | C14: 111.7 | D14: 540 | E14: =SUM(B14:D14) -> 1561.4 | F14: 4 | G14: =ROUND((E13+E14)/2/1000,2) -> 1.61 | H14: =2190/(1.525*6.096) -> 235.57506 | I14: =ROUND(F14*G14*H14,2) -> 1517.1
A15: G3-1 | B15: 849.7 | C15: 229.4 | D15: 540 | E15: =SUM(B15:D15) -> 1619.1 | F15: 2.2 | G15: =ROUND((E14+E15)/2/1000,2) -> 1.59 | H15: =2190/(1.525*6.096) -> 235.57506 | I15: =ROUND(F15*G15*H15,2) -> 824.04
A16: G3-2 | B16: 722.2 | C16: 480.9 | D16: 540 | E16: =SUM(B16:D16) -> 1743.1 | F16: 6.5 | G16: =ROUND((E15+E16)/2/1000,2) -> 1.68 | H16: =2190/(1.525*6.096) -> 235.57506 | I16: =ROUND(F16*G16*H16,2) -> 2572.48
A17: G3-3 | B17: 710 | C17: 606.5 | D17: 540 | E17: =SUM(B17:D17) -> 1856.5 | F17: 3.6 | G17: =ROUND((E16+E17)/2/1000,2) -> 1.8 | H17: =2190/(1.525*6.096) -> 235.57506 | I17: =ROUND(F17*G17*H17,2) -> 1526.53
I18: =SUM(I10:I17) -> 13948.4
A20: 翼板不鏽鋼 | B20: G1-1 | C20: G1-2 | D20: G1-3 | E20: G2-1 | F20: G2-2 | G20: G3-1 | H20: G3-2 | I20: G3-3
A21: 第1段 | B21: 537.5 | C21: 0 | D21: 0 | E21: 0 | F21: 0 | G21: 0 | H21: 0 | I21: 537.5
A22: 第2段 | B22: 137.9 | C22: 756 | D22: 756 | E22: 756 | F22: 756 | G22: 756 | H22: 756 | I22: 137.9
A23: 合計 | B23: =B21+B22 -> 675.4 | C23: =C21+C22 -> 756 | D23: =D21+D22 -> 756 | E23: =E21+E22 -> 756 | F23: =F21+F22 -> 756 | G23: =G21+G22 -> 756 | H23: =H21+H22 -> 756 | I23: =I21+I22 -> 675.4
G26: 重量=寬*厚*0.00793(不銹鋼比重7.93g/cm3)
A27: 翼板不鏽鋼 | B27: (1) | C27: (2) | D27: (1)+(2) | E27: 單元長度(MM) | F27: 平均寬度 | G27: 重量
A28: G1-1 | B28: 537.5 | C28: 137.9 | D28: =B28+C28 -> 675.4 | G28: =ROUND(F28*6*0.00793*E28,2) -> 0
A29: G1-2 | B29: 0 | C29: 756 | D29: =B29+C29 -> 756 | E29: =3.6*1000 -> 3600 | F29: =ROUND((D28+D29)/2,2) -> 715.7 | G29: =ROUND(F29*6*0.00793*E29/1000,2) -> 122.59
A30: G1-3 | B30: 0 | C30: 756 | D30: =B30+C30 -> 756 | E30: =5.9*1000 -> 5900 | F30: =ROUND((D29+D30)/2,2) -> 756 | G30: =ROUND(F30*6*0.00793*E30/1000,2) -> 212.23
A31: G2-1 | B31: 0 | C31: 756 | D31: =B31+C31 -> 756 | E31: =6.8*1000 -> 6800 | F31: =ROUND((D30+D31)/2,2) -> 756 | G31: =ROUND(F31*6*0.00793*E31/1000,2) -> 244.6
A32: G2-2 | B32: 0 | C32: 756 | D32: =B32+C32 -> 756 | E32: =4*1000 -> 4000 | F32: =ROUND((D31+D32)/2,2) -> 756 | G32: =ROUND(F32*6*0.00793*E32/1000,2) -> 143.88
A33: G3-1 | B33: 0 | C33: 756 | D33: =B33+C33 -> 756 | E33: =2.2*1000 -> 2200 | F33: =ROUND((D32+D33)/2,2) -> 756 | G33: =ROUND(F33*6*0.00793*E33/1000,2) -> 79.14
A34: G3-2 | B34: 0 | C34: 756 | D34: =B34+C34 -> 756 | E34: =6.5*1000 -> 6500 | F34: =ROUND((D33+D34)/2,2) -> 756 | G34: =ROUND(F34*6*0.00793*E34/1000,2) -> 233.81
A35: G3-3 | B35: 537.5 | C35: 137.9 | D35: =B35+C35 -> 675.4 | E35: =3.6*1000 -> 3600 | F35: =ROUND((D34+D35)/2,2) -> 715.7 | G35: =ROUND(F35*6*0.00793*E35/1000,2) -> 122.59
A36: 合計 | G36: =SUM(G28:G35) -> 1158.84

Sheet 鋼筋
A1: 鋼筋取樣數量明細表
A2: 分類 | B2: 契約項次 | C2: 契約數量 | D2: 鋼種 | E2: 代表數量(1) | F2: 代表數量(2) | G2: 代表數量(3) | H2: 代表數量(4) | I2: 代表數量(5) | J2: 代表數量(6) | K2: 代表數量(7) | L2: 代表數量(8) | M2: 代表數量(9) | N2: 累計數量
C3: 取樣日期 | E3: 112.12.05 | F3: 113.01.08 | G3: 113.01.30 | H3: 113.04.19 | I3: 113.04.(24)29 | J3: 113.05.27 | K3: 113.06.24 | L3: 113.07.30
A4: 橋工 | B4: 1.3.5 | C4: 6240.88 | D4: 280W | N4: =SUM(E4:M4) -> 0 | O4: =C4-N4 -> 6240.88
A5: 橋工 | B5: 1.3.6 | C5: 102796.95 | D5: 420W | G5: 18695 | H5: 7520 | L5: =3360+10360+18510+3650 -> 35880 | N5: =SUM(E5:M5) -> 62095 | O5: =C5-N5 -> 40701.95
A6: 基樁 | B6: 1.3.20 | C6: 45080 | D6: 420W | E6: =14505+36440 -> 50945 | N6: =SUM(E6:M6) -> 50945 | O6: =C6-N6 -> -5865
A7: 河工 | B7: 1.4.7 | C7: 13138 | D7: 280W | F7: 6450 | H7: 16651 | N7: =SUM(E7:M7) -> 23101 | O7: =C7-N7 -> -9963
A8: 河工 | B8: 1.4.8 | C8: 15589 | D8: 420W | H8: 23840 | N8: =SUM(E8:M8) -> 23840 | O8: =C8-N8 -> -8251
A9: 下水道 | B9: 1.5.9 | C9: 137462 | D9: 280W | F9: 16650 | G9: 23095 | H9: 394 | I9: 16715 | J9: 45120 | K9: =44780+20900 -> 65680 | L9: =21900+8440 -> 30340 | M9: 23895 | N9: =SUM(E9:M9) -> 221889 | O9: =C9-N9 -> -84427
A10: 下水道 | B10: 1.5.10 | C10: 116638 | D10: 420W | F10: 26170 | G10: 14390 | H10: 5695 | K10: 57640 | L10: 29305 | M10: 45750 | N10: =SUM(E10:M10) -> 178950 | O10: =C10-N10 -> -62312
A11: 景觀 | B11: 1.2.3 | C11: 18865.76 | D11: 280W | J11: 3130 | M11: =1500+1720 -> 3220 | N11: =SUM(E11:M11) -> 6350 | O11: =C11-N11 -> 12515.76
A12: 交通 | B12: 1.6.11 | C12: 12810 | D12: 280W | O12: =C12-N12 -> 12810
C14: =SUM(C4:C13) -> 468620.59 | D14: 小計 | E14: =SUM(E4:E13) -> 50945 | F14: =SUM(F4:F13) -> 49270 | G14: =SUM(G4:G13) -> 56180 | H14: =SUM(H4:H13) -> 54100 | I14: =SUM(I4:I13) -> 16715 | J14: =SUM(J4:J13) -> 48250 | K14: =SUM(K4:K13) -> 123320 | L14: =SUM(L4:L13) -> 95525 | ... N14: =SUM(N4:N13) -> 567170
O15: 契約-進場
C16: 進場數量 | D16: 280W | E16: =E4+E7+E9+E11 -> 0 | F16: =F4+F7+F9+F11 -> 23100 | G16: =G4+G7+G9+G11 -> 23095 | H16: =H4+H7+H9+H11 -> 17045 | I16: =I4+I7+I9+I11 -> 16715 | J16: =J4+J7+J9+J11 -> 48250 | K16: =K4+K7+K9+K11 -> 65680 | L16: =L4+L7+L9+L11 -> 30340 | M16: =M4+M7+M9+M11+M12 -> 27115 | N16: =N4+N7+N9+N11 -> 251340 | O16: =N16-C20 -> 62823.36
D17: 420W | E17: =E5+E6+E8+E10 -> 50945 | F17: =F5+F6+F8+F10 -> 26170 | G17: =G5+G6+G8+G10 -> 33085 | H17: =H5+H6+H8+H10 -> 37055 | I17: =I5+I6+I8+I10 -> 0 | J17: =J5+J6+J8+J10 -> 0 | K17: =K5+K6+K8+K10 -> 57640 | L17: =L5+L6+L8+L10 -> 65185 | ... N17: =N5+N6+N8+N10 -> 315830 | O17: =N17-C21 -> 35726.05
B19: 契約量
B20: SD280W | C20: =C4+C7+C9+C11+C12 -> 188516.64 | E20: =197.94*1000 -> 197940 | N20: =N16+N17 -> 567170
B21: SD420W | C21: =C5+C6+C8+C10 -> 280103.95 | E21: =308.11*1000 -> 308110
C22: =C20+C21 -> 468620.59 | L22: 280 | M22: =N7+N9 -> 244990
L23: 420 | M23: =N8+N10 -> 202790
C25: 單孔箱涵扣工作筋、寬止筋、斜撐重量 | E25: 380 | F25: =300/20 -> 15 | G25: =E25*F25 -> 5700
C26: 雙孔箱涵扣工作筋、寬止筋、斜撐重量 | E26: =119+315+48+140+46+70+119+101 -> 958 | F26: =280/20 -> 14 | G26: =E26*F26 -> 13412 | H26: =N9 -> 221889 | I26: =H26-G25-G27-G29 -> 207083
B27: 雙孔分280、420重量扣 | D27: SD280W | E27: =E26-E28 -> 643 | F27: =280/20 -> 14 | G27: =E27*F27 -> 9002 | H27: =N10 -> 178950 | I27: =H27-G28-G30 -> 174262
D28: SD420W | E28: 315 | F28: =280/20 -> 14 | G28: =E28*F27 -> 4410
C29: 出流井扣 | D29: SD280W | E29: =16+24+48+16 -> 104 | F29: 1 | G29: =E29*F29 -> 104
D30: SD420W | E30: =73+66+73+66 -> 278 | G30: =E30*F29 -> 278
C31: 橋面板扣 | D31: SD420W | E31: =630+313+608 -> 1551 | F31: 1 | G31: =E31*F31 -> 1551
B33: 4 | C33: 5 | D33: 6 | E33: 7 | F33: 8 | G33: 9 | H33: 10 | J33: 4 | K33: 5 | L33: 6 | M33: 7 | N33: 8 | O33: 9 | P33: 10
B34: 0.994 | C34: 1.56 | D34: 2.25 | E34: 3.04 | F34: 3.98 | G34: 5.08 | H34: 6.39 | J34: 0.994 | K34: 1.56 | L34: 2.25 | M34: 3.04 | N34: 3.98 | O34: 5.08 | P34: 6.39
B35: 磺港橋 | C35: A1 | H35: 磺港橋 | I35: A2 | N35: 防震塊 | O35: 18個 | P35: (含希冀橋)
A36: 編號 | B36: 號數 | C36: 長度 | D36: 支數 | E36: 重量 | G36: 編號 | H36: 號數 | I36: 長度 | J36: 支數 | K36: 重量 | M36: 編號 | N36: 號數 | O36: 長度 | P36: 支數 | Q36: 重量
A37: 1 | B37: 10 | C37: =6.8+9.5+0.7*2 -> 17.7 | D37: 15 | E37: =C37*D37*H34 -> 1696.545 | G37: 1 | H37: 10 | I37: =6.8+10.7+0.7*2 -> 18.9 | J37: 15 | K37: =I37*J37*P34 -> 1811.565 | M37: 1 | N37: 6 | O37: =1.78+0.26*2 -> 2.3 | P37: =4*18 -> 72 | Q37: =O37*P37*L34 -> 372.6
A38: 2 | B38: 10 | C38: =6.8+8.9+0.7*2 -> 17.1 | D38: 15 | E38: =C38*D38*H34 -> 1639.035 | G38: 2 | H38: 10 | I38: =6.8+10.1+0.7*2 -> 18.3 | J38: 15 | K38: =I38*J38*P34 -> 1754.055 | M38: 4 | N38: 10 | O38: =1.08+0.46 -> 1.54 | P38: =7*18 -> 126 | Q38: =O38*P38*P34 -> 1239.9156
A39: 3 | B39: 8 | C39: =6.3+9.1+1.2*2 -> 17.8 | D39: 12 | E39: =C39*D39*F34 -> 850.128 | G39: 3 | H39: 8 | I39: =6.3+10.3+1.2*2 -> 19 | J39: 12 | K39: =I39*J39*N34 -> 907.44 | M39: 5 | N39: 6 | O39: =0.8+0.7+0.21+0.26 -> 1.97 | P39: =7*18 -> 126 | Q39: =O39*P39*L34 -> 558.495
A40: 4 | B40: 5 | C40: =0.87*2+1.35+0.15*2 -> 3.39 | D40: 95 | E40: =C40*D40*C34 -> 502.398 | G40: 4 | H40: 5 | I40: =0.87*2+1.35+0.15*2 -> 3.39 | J40: 104 | K40: =I40*J40*K34 -> 549.9936 | M40: 6 | N40: 5 | O40: =0.6+0.62*2 -> 1.84 | P40: =7*18 -> 126 | Q40: =O40*P40*K34 -> 361.6704
B41: 5 | C41: 1.65 | D41: 95 | E41: =C41*D41*C34 -> 244.53 | H41: 5 | I41: 1.65 | J41: 104 | K41: =I41*J41*K34 -> 267.696 | N41: 5 | O41: =0.6+0.82*2 -> 2.24 | P41: =8*18 -> 144 | Q41: =O41*P41*K34 -> 503.1936
A42: 5 | B42: 5 | C42: =0.87*2+1.35+0.15*2 -> 3.39 | D42: 95 | E42: =C42*D42*C34 -> 502.398 | G42: 5 | H42: 5 | I42: =0.87*2+1.35+0.15*2 -> 3.39 | J42: 104 | K42: =I42*J42*K34 -> 549.9936 | M42: 補強筋 | N42: 6 | O42: 0.8 | P42: =8*18 -> 144 | Q42: =O42*P42*L34 -> 259.2
A43: 6 | B43: 8 | C43: =7.5 -> 7.5 | D43: 6 | E43: =C43*D43*F34 -> 179.1 | G43: 6 | H43: 8 | I43: =7.5 -> 7.5 | J43: 6 | K43: =I43*J43*N34 -> 179.1 | M43: 補強筋 | N43: 6 | O43: 1 | P43: =6*18 -> 108 | Q43: =O43*P43*L34 -> 243
B44: 5 | C44: 2.8 | D44: 30 | E44: =C44*D44*C34 -> 131.04 | H44: 5 | I44: 2.8 | J44: 30 | K44: =I44*J44*K34 -> 131.04 | M44: 支承 | N44: 6 | O44: =0.36+0.65*2 -> 1.66 | P44: =6*18 -> 108 | Q44: =O44*P44*L34 -> 403.38
B45: 8 | C45: =0.95*2+0.25 -> 2.15 | D45: 20 | E45: =C45*D45*F34 -> 171.14 | H45: 8 | I45: =0.95*2+0.25 -> 2.15 | J45: 20 | K45: =I45*J45*N34 -> 171.14 | N45: 6 | O45: =0.28+0.65*2 -> 1.58 | P45: =6*18 -> 108 | Q45: =O45*P45*L34 -> 383.94
A46: 7 | B46: 5 | C46: =1.95+0.25*2 -> 2.45 | D46: 95 | E46: =C46*D46*C34 -> 363.09 | G46: 7 | H46: 5 | I46: =1.95+0.25*2 -> 2.45 | J46: 104 | K46: =I46*J46*K34 -> 397.488 | P46: 計 | Q46: =SUM(Q37:Q45) -> 4325.3946
A47: 8 | B47: 4 | C47: =1.95+0.2*2 -> 2.35 | D47: 95 | E47: =C47*D47*B34 -> 221.9105 | G47: 8 | H47: 4 | I47: =1.95+0.2*2 -> 2.35 | J47: 104 | K47: =I47*J47*J34 -> 242.9336
A48: 9 | B48: 4 | C48: =4+6+5.2+0.2*2 -> 15.6 | D48: 22 | E48: =C48*D48*B34 -> 341.1408 | G48: 9 | H48: 4 | I48: =4.6+6+5.8+0.2*2 -> 16.8 | J48: 22 | K48: =I48*J48*J34 -> 367.3824
A49: 10 | B49: 4 | C49: =0.77+0.85+0.15*2 -> 1.92 | D49: 95 | E49: =C49*D49*B34 -> 181.3056 | G49: 10 | H49: 4 | I49: =0.77+0.85+0.15*2 -> 1.92 | J49: 104 | K49: =I49*J49*J34 -> 198.48192
A50: 11 | B50: 4 | C50: =4+6+5.2+0.2*2 -> 15.6 | D50: 4 | E50: =C50*D50*B34 -> 62.0256 | G50: 11 | H50: 4 | I50: =4.6+6+5.8+0.2*2 -> 16.8 | J50: 4 | K50: =I50*J50*J34 -> 66.7968
A51: 12 | B51: 6 | C51: =0.85*2+0.18 -> 1.88 | D51: 14 | E51: =C51*D51*D34 -> 59.22 | G51: 12 | H51: 6 | I51: =0.85*2+0.18 -> 1.88 | J51: 14 | K51: =I51*J51*L34 -> 59.22
A52: 13 | B52: 5 | C52: =0.18*2+0.9 -> 1.26 | D52: 16 | E52: =C52*D52*C34 -> 31.4496 | G52: 13 | H52: 5 | I52: =0.18*2+0.9 -> 1.26 | J52: 16 | K52: =I52*J52*K34 -> 31.4496
A53: 14 | B53: 4 | C53: =0.3*3 -> 0.9 | D53: 20 | E53: =C53*D53*B34 -> 17.892 | G53: 14 | H53: 4 | I53: =0.3*3 -> 0.9 | J53: 20 | K53: =I53*J53*J34 -> 17.892
E54: =SUM(E37:E53) -> 7194.3481 | J54: 計 | K54: =SUM(K37:K53) -> 7703.6675
H55: 每M3/3.2KG | I55: 工作筋 | J55: =('數量計算(FOR4變)'!H194+'數量計算(FOR4變)'!H198+'數量計算(FOR4變)'!H199+'數量計算(FOR4變)'!H200)*3.2 -> 664.7532 | K55: =E54+K54+Q46 -> 19223.41
K56: =K55+J55 -> 19888.163
B58: 希冀橋 | C58: A1 | H58: 希冀橋 | I58: A1 | M58: 磺港 | N58: 橋台下方檔牆
A59: 編號 | B59: 號數 | C59: 長度 | D59: 支數 | E59: 重量 | G59: 編號 | H59: 號數 | I59: 長度 | J59: 支數 | K59: 重量 | M59: 編號 | N59: 號數 | O59: 長度 | P59: 支數 | Q59: 重量
A60: 1 | B60: 8 | C60: =4.52+0.7*2 -> 5.92 | D60: 40 | E60: =C60*D60*F34 -> 942.464 | G60: 1 | H60: 8 | I60: =3.35+0.7*2 -> 4.75 | J60: 22 | K60: =I60*J60*N34 -> 415.91 | N60: 5 | O60: =7.7+6.9 -> 14.6 | P60: =2*18 -> 36 | Q60: =O60*P60*K34 -> 819.936
A61: 2 | B61: 5 | C61: =4.5+2.7+1*2 -> 9.2 | D61: 12 | E61: =C61*D61*C34 -> 172.224 | G61: 2 | H61: 5 | I61: =3.3+1.3+1*2 -> 6.6 | J61: 12 | K61: =I61*J61*K34 -> 123.552 | N61: 5 | O61: =3.45+2.9+0.2*2 -> 6.75 | P61: 80 | Q61: =O61*P61*K34 -> 842.4
A62: 3 | B62: 5 | C62: =2.73+1.02*2 -> 4.77 | D62: 31 | E62: =C62*D62*C34 -> 230.6772 | G62: 3 | H62: 5 | I62: =1.35+1.02*2 -> 3.39 | J62: 23 | K62: =I62*J62*K34 -> 121.6332 | N62: 5 | O62: =3.45+0.2 -> 3.65 | P62: 80 | Q62: =O62*P62*K34 -> 455.52
B63: 5 | C63: =2.73+0.15*2 -> 3.03 | D63: 31 | E63: =C63*D63*C34 -> 146.5308 | H63: 5 | I63: =2.73+0.15*2 -> 3.03 | J63: 23 | K63: =I63*J63*K34 -> 108.7164 | N63: 5 | O63: =1.35+0.2*2 -> 1.75 | P63: 80 | Q63: =O63*P63*K34 -> 218.4
A64: 4 | B64: 5 | C64: 2.8 | D64: 30 | E64: =C64*D64*C34 -> 131.04 | G64: 4 | H64: 5 | I64: 2.8 | J64: 30 | K64: =I64*J64*K34 -> 131.04 | N64: 5 | O64: 14.6 | P64: 12 | Q64: =O64*P64*K34 -> 273.312
B65: 5 | C65: 4.7 | D65: 10 | E65: =C65*D65*C34 -> 73.32 | H65: 5 | I65: 3.5 | J65: 10 | K65: =I65*J65*K34 -> 54.6
B66: 6 | C66: =0.25+0.95*2 -> 2.15 | D66: 8 | E66: =C66*D66*D34 -> 38.7 | H66: 6 | I66: =0.25+0.95*2 -> 2.15 | J66: 6 | K66: =I66*J66*L34 -> 29.025 | P66: 計 | Q66: =SUM(Q60:Q65) -> 2609.568
A67: 5 | B67: 5 | C67: =1.82+0.25*2 -> 2.32 | D67: 50 | E67: =C67*D67*C34 -> 180.96 | G67: 5 | H67: 5 | I67: =1.82+0.25*2 -> 2.32 | J67: 23 | K67: =I67*J67*K34 -> 83.2416 | O67: 每M3/3.2KG | P67: 工作筋 | Q67: ='數量計算(FOR4變)'!H196*3.2 -> 76.5984
A68: 6 | B68: 4 | C68: =1.82+0.4 -> 2.22 | D68: 50 | E68: =C68*D68*B34 -> 110.334 | G68: 6 | H68: 4 | I68: =1.82+0.4 -> 2.22 | J68: 23 | K68: =I68*J68*J34 -> 50.75364 | Q68: =Q66+Q67 -> 2686.1664
A69: 7 | B69: 4 | C69: =2.22+0.4 -> 2.62 | D69: 40 | E69: =C69*D69*B34 -> 104.1712 | G69: 7 | H69: 4 | I69: =3.35+0.4 -> 3.75 | J69: 24 | K69: =I69*J69*J34 -> 89.46
A70: 8 | B70: 4 | C70: =3.52+0.2*2 -> 3.92 | D70: 20 | E70: =C70*D70*B34 -> 77.9296 | G70: 8 | H70: 4 | I70: 0.9 | J70: 4 | K70: =I70*J70*J34 -> 3.5784
A71: 9 | B71: 4 | C71: =0.3*3 -> 0.9 | D71: 8 | E71: =C71*D71*B34 -> 7.1568 | G71: 9 | H71: 4 | I71: =0.85+0.77+0.15*2 -> 1.92 | J71: 23 | K71: =I71*J71*J34 -> 43.89504
G72: 10 | H72: 6 | I72: =0.18+0.85*2 -> 1.88 | J72: 14 | K72: =I72*J72*L34 -> 59.22
G73: 11 | H73: 5 | I73: =0.9+0.18*2 -> 1.26 | J73: 16 | K73: =I73*J73*K34 -> 31.4496
E74: =SUM(E60:E73) -> 2215.5076 | K74: =SUM(K60:K73) -> 1346.0749
L75: 計 | M75: =E74+K74 -> 3561.5825
K76: 每M3/3.2KG | L76: 工作筋 | M76: ='數量計算(FOR4變)'!H195*3.2 -> 99.518528
M77: =M75+M76 -> 3661.101
B78: 低水護岸每100M | E78: 246.3 | F78: M | J78: 護岸二 | K78: L17M
A79: 編號 | B79: 號數 | C79: 長度 | D79: 支數 | E79: 重量246.3M | I79: 編號 | J79: 號數 | K79: 長度 | L79: 支數 | M79: 重量
B80: 5 | C80: 4.66 | D80: 334 | E80: 5980.2783 | J80: 8 | K80: 2.95 | L80: 228 | M80: 2676.948
B81: 4 | C81: 5 | D81: 16 | E81: 195.85776 | J81: 4 | K81: 5 | L81: 16 | M81: 79.52
B82: 4 | C82: 6 | D82: 250 | E82: 3672.333 | J82: 4 | K82: 6 | L82: 112 | M82: 667.968
B83: 5 | C83: 1.8 | D83: 60 | E83: 414.96624 | J83: 4 | K83: 1.15 | L83: 45 | M83: 51.4395
J84: 4 | K84: 0.45 | L84: 25 | M84: 11.1825
D85: SD280 | E85: 10263.435 | J85: 4 | K85: 6 | L85: 20 | M85: 119.28
C86: 每M3/3.2KG | D86: 工作筋 | E86: ='數量計算(FOR4變)'!H326*3.2 -> 886.68 | J86: 8 | K86: 2.4 | L86: 15 | M86: 143.28
E87: =E85+E86 -> 11150.115 | J87: 8 | K87: 4.35 | L87: 228 | M87: 3947.364
B88: 護岸三R | C88: L12M | J88: 4 | K88: 5 | L88: 22 | M88: 109.34
A89: 編號 | B89: 號數 | C89: 長度 | D89: 支數 | E89: 重量 | J89: 4 | K89: 6 | L89: 162 | M89: 966.168
B90: 6 | C90: 2.35 | D90: 122 | E90: 645.075 | J90: 5 | K90: 3.5 | L90: 30 | M90: 163.8
B91: 4 | C91: 5 | D91: 21 | E91: 104.37 | J91: 4 | K91: 0.6 | L91: 15 | M91: 8.946
B92: 4 | C92: 6 | D92: 114 | E92: 679.896
B93: 4 | C93: 1.59 | D93: 30 | E93: 47.4138 | K93: 每M3/3.2KG | L93: 工作筋 | M93: ='數量計算(FOR4變)'!H327*3.2 -> 220.9728 | N93: =M93+M94 -> 2398.6168
B94: 4 | C94: 0.6 | D94: 20 | E94: 11.928 | L94: SD280 | M94: 2177.644
B95: 4 | C95: 6 | D95: 10 | E95: 59.64 | L95: SD420 | M95: 6767.592
B96: 6 | C96: 1.65 | D96: 10 | E96: 37.125
B97: 4 | C97: 5 | D97: 2 | E97: 9.94
B98: 4 | C98: 6 | D98: 10 | E98: 59.64 | J98: 護岸三L每20M | M98: L=41.1M
B99: 6 | C99: 6.15 | D99: 61 | E99: 844.0875 | I99: 編號 | J99: 號數 | K99: 長度 | L99: 支數 | M99: 重量
B100: 5 | C100: 3.5 | D100: 10 | E100: 54.6 | J100: 6 | K100: 2.35 | L100: 202 | M100: 2194.8941
J101: 4 | K101: 5 | L101: 10 | M101: 102.1335
B102: 三左右岸 | C102: 每M3/3.2KG | D102: 工作筋 | E102: ='數量計算(FOR4變)'!H328*3.2 -> 678.04848 | J102: 4 | K102: 6 | L102: 78 | M102: 955.96956
D103: SD280 | E103: 1027.4278 | F103: =E102+E103 -> 1705.4763 | J103: 4 | K103: 1.55 | L103: 45 | M103: 142.47623
D104: SD420 | E104: 1526.2875 | J104: 4 | K104: 0.6 | L104: 40 | M104: 23.856
J105: 4 | K105: 6 | L105: 12 | M105: 147.07224
...

Sheet 土方挖填及拆除
A1: 土石方挖填數量表
A2: 樁號 | B2: 長度(L) | C2: 挖方(M2) | D2: 挖方(M3) | E2: 填方(M2) | F2: 填方(M3) | G2: 機械拆除(M2) | H2: 機械拆除(M3)
A3: 0K+000 | B3: 0 | C3: 34.59 | D3: 0 | E3: 25.61 | F3: 0 | G3: 15.12 | H3: 0
A4: 0K+020 | B4: 20 | C4: 364.27 | D4: =ROUND((C3+C4)/2*B4,2) -> 3988.6 | E4: 83.57 | F4: =ROUND((E3+E4)/2*B4,2) -> 1091.8 | G4: 0.23 | H4: =ROUND((G3+G4)/2*B4,2) -> 153.5
A5: 0K+040 | B5: 20 | C5: 73.82 | D5: =ROUND((C4+C5)/2*B5,2) -> 4380.9 | E5: 43.75 | F5: =ROUND((E4+E5)/2*B5,2) -> 1273.2 | G5: 0.23 | H5: =ROUND((G4+G5)/2*B5,2) -> 4.6
A6: 0K+060 | B6: 20 | C6: 56.39 | D6: =ROUND((C5+C6)/2*B6,2) -> 1302.1 | E6: 34.27 | F6: =ROUND((E5+E6)/2*B6,2) -> 780.2 | G6: 0.23 | H6: =ROUND((G5+G6)/2*B6,2) -> 4.6
A7: 0K+080 | B7: 20 | C7: 104.29 | D7: =ROUND((C6+C7)/2*B7,2) -> 1606.8 | E7: 82.09 | F7: =ROUND((E6+E7)/2*B7,2) -> 1163.6 | G7: 0.23 | H7: =ROUND((G6+G7)/2*B7,2) -> 4.6
A8: 0K+100 | B8: 20 | C8: 71.33 | D8: =ROUND((C7+C8)/2*B8,2) -> 1756.2 | E8: 15.24 | F8: =ROUND((E7+E8)/2*B8,2) -> 973.3 | G8: 0.23 | H8: =ROUND((G7+G8)/2*B8,2) -> 4.6
A9: 0K+120 | B9: 20 | C9: 87 | D9: =ROUND((C8+C9)/2*B9,2) -> 1583.3 | E9: 25.29 | F9: =ROUND((E8+E9)/2*B9,2) -> 405.3 | G9: 0.23 | H9: =ROUND((G8+G9)/2*B9,2) -> 4.6
A10: 0K+140 | B10: 20 | C10: 89.99 | D10: =ROUND((C9+C10)/2*B10,2) -> 1769.9 | E10: 13.35 | F10: =ROUND((E9+E10)/2*B10,2) -> 386.4 | G10: 0.23 | H10: =ROUND((G9+G10)/2*B10,2) -> 4.6
A11: 0K+160 | B11: 20 | C11: 83.84 | D11: =ROUND((C10+C11)/2*B11,2) -> 1738.3 | E11: 12.74 | F11: =ROUND((E10+E11)/2*B11,2) -> 260.9 | G11: 0.23 | H11: =ROUND((G10+G11)/2*B11,2) -> 4.6
A12: 0K+180 | B12: 20 | C12: 56.64 | D12: =ROUND((C11+C12)/2*B12,2) -> 1404.8 | E12: 13.21 | F12: =ROUND((E11+E12)/2*B12,2) -> 259.5 | G12: 0.23 | H12: =ROUND((G11+G12)/2*B12,2) -> 4.6
A13: 0K+200 | B13: 20 | C13: 64.95 | D13: =ROUND((C12+C13)/2*B13,2) -> 1215.9 | E13: 12.8 | F13: =ROUND((E12+E13)/2*B13,2) -> 260.1 | G13: 0.23 | H13: =ROUND((G12+G13)/2*B13,2) -> 4.6
A14: 0K+220 | B14: 20 | C14: 68.47 | D14: =ROUND((C13+C14)/2*B14,2) -> 1334.2 | E14: 11.21 | F14: =ROUND((E13+E14)/2*B14,2) -> 240.1 | G14: 0.23 | H14: =ROUND((G13+G14)/2*B14,2) -> 4.6
A15: 0K+240 | B15: 20 | C15: 58.08 | D15: =ROUND((C14+C15)/2*B15,2) -> 1265.5 | E15: 22.53 | F15: =ROUND((E14+E15)/2*B15,2) -> 337.4 | G15: 0.23 | H15: =ROUND((G14+G15)/2*B15,2) -> 4.6
... A18: 0K+300 | B18: 20 | C18: 22.26 | D18: =ROUND((C17+C18)/2*B18,2) -> 780.5 | E18: 40.74 | F18: =ROUND((E17+E18)/2*B18,2) -> 708.5 | G18: 0 | H18: =ROUND((G17+G18)/2*B18,2) -> 2.3
A19: 合計 | C19: =SUM(C3:C18) -> 1346.94 | D19: =SUM(D3:D18) -> 26370.3 | E19: =SUM(E3:E18) -> 487.35 | F19: =SUM(F3:F18) -> 9083.5 | G19: =SUM(G3:G18) -> 18.34 | H19: =SUM(H3:H18) -> 215.6

Sheet 回填
A1: 回填面積及土方量計算表
A2: 樁號 | B2: (雙) | C2: 面積 (RT) | D2: 回填 高度M | E2: 分層數 | F2: 回填 土方M3 | G2: 面積 (LT) | H2: 回填 高度M | I2: 回填 土方M3 | J2: 雙孔箱涵上面積 | K2: 回填 高度M | L2: 回填 土方M3 | M2: 單孔箱涵上+CLSM處面積 | N2: 回填 高度M | O2: 回填 土方M3 | P2: 樁號 | Q2: (單) | R2: 面積 (RT) | S2: 回填 高度M | T2: 回填 土方M3 | U2: 分層數 | V2: 面積 (LT) | W2: 回填 高度M | X2: 回填 土方M3
A3: A0K+ | B3: 0 | D3: 2.8 | E3: =ROUNDUP(D3/0.3,0) -> 10 | H3: =[2]高程及工密!K2-[2]高程及工密!H2 -> 2.7 | K3: =[2]高程及工密!L2 -> 2.7 | N3: =[2]高程及工密!M2 -> 3.5 | P3: B0K+ | Q3: 0 | S3: 1.9 | T3: =ROUND(R3*S3,2) -> 0
B4: 20 | C4: 90.51 | D4: 2.8 | E4: =ROUNDUP(D4/0.3,0) -> 10 | F4: =ROUND(C4*(D3+D4)/2,2) -> 253.43 | G4: 26.08 | H4: =[2]高程及工密!K3-[2]高程及工密!H3 -> 2.75 | I4: =ROUND(G4*(H3+H4)/2,2) -> 71.07 | J4: =(3*2+0.35*3)*20 -> 141 | K4: =[2]高程及工密!L3 -> 2.75 | L4: =ROUND(J4*(K3+K4)/2,2) -> 384.23 | M4: 0 | N4: =[2]高程及工密!M3 -> 3.55 | O4: =ROUND(M4*(N3+N4)/2,2) -> 0 | Q4: 20 | R4: 18 | S4: =1.2+0.3*2+0.1 -> 1.9 | T4: =ROUND(R4*S4,2) -> 34.2 | U4: 7 | V4: 20.62 | W4: =1.2+0.3*2+0.1 -> 1.9 | X4: =ROUND(V4*W4,2) -> 39.18 | Y4: =H3+H4 -> 5.45 | Z4: =Y4/2 -> 2.725 | AA4: =G4*Z4 -> 71.068
B5: 40 | C5: 128.71 | D5: 2.8 | E5: =ROUNDUP(D4/0.3,0) -> 10 | F5: =ROUND(C5*(D4+D5)/2,2) -> 360.39 | G5: 124.71 | H5: =[2]高程及工密!K4-[2]高程及工密!H4 -> 2.11 | I5: =ROUND(G5*(H4+H5)/2,2) -> 303.05 | J5: =(3*2+0.35*3)*20 -> 141 | K5: =[2]高程及工密!L4 -> 2.11 | L5: =ROUND(J5*(K4+K5)/2,2) -> 342.63 | M5: 0 | N5: =[2]高程及工密!M4 -> 2.71 | O5: =ROUND(M5*(N4+N5)/2,2) -> 0 | Q5: 40 | R5: 19.22 | S5: =1.2+0.3*2+0.1 -> 1.9 | T5: =ROUND(R5*S5,2) -> 36.52 | U5: 7 | V5: 20.1 | W5: =1.2+0.3*2+0.1 -> 1.9 | X5: =ROUND(V5*W5,2) -> 38.19
B6: 60 | C6: 75 | D6: =2+0.35*2 -> 2.7 | E6: =D6/0.3 -> 9 | F6: =ROUND(C6*(D5+D6)/2,2) -> 206.25 | G6: 52.76 | H6: =[2]高程及工密!K5-[2]高程及工密!H5 -> 1.21 | I6: =ROUND(G6*(H5+H6)/2,2) -> 87.58 | J6: =(3*2+0.35*3)*20 -> 141 | K6: =[2]高程及工密!L5 -> 1.21 | L6: =ROUND(J6*(K5+K6)/2,2) -> 234.06 | M6: 0 | N6: =[2]高程及工密!M5 -> 1.76 | O6: =ROUND(M6*(N5+N6)/2,2) -> 0 | Q6: 64.74 | R6: 24.61 | S6: =1.2+0.3*2+0.1 -> 1.9 | T6: =ROUND(R6*S6,2) -> 46.76 | U6: 7 | V6: 25.08 | W6: =1.2+0.3*2+0.1 -> 1.9 | X6: =ROUND(V6*W6,2) -> 47.65
B7: 80 | C7: 74.38 | D7: =2+0.35*2 -> 2.7 | E7: =D7/0.3 -> 9 | F7: =ROUND(C7*(D6+D7)/2,2) -> 200.83 | J7: =(3*2+0.35*3)*20 -> 141 | K7: =[2]高程及工密!L6 -> 0.47 | L7: =ROUND(J7*(K6+K7)/2,2) -> 118.44 | M7: =((1.2+0.3*2)+1.075)*(80-64.7) -> 43.9875 | N7: =[2]高程及工密!M6 -> 0.87 | O7: =ROUND(M7*(N6+N7)/2,2) -> 57.84
B8: 100 | C8: 75.01 | D8: =2+0.35*2 -> 2.7 | E8: =D8/0.3 -> 9 | F8: =ROUND(C8*(D7+D8)/2,2) -> 202.53 | J8: =(3*2+0.35*3)*20 -> 141 | K8: 0.3 | L8: =ROUND(J8*(K7+K8)/2,2) -> 54.29 | M8: =((1.2+0.3*2)+1.075)*20 -> 57.5 | N8: =[2]高程及工密!M7 -> 0.38 | O8: =ROUND(M8*(N7+N8)/2,2) -> 35.94 | Q8: 0 | S8: =5.18-S3 -> 3.28 | T8: =ROUND(R8*S8,2) -> 0
B9: 120 | C9: 73.24 | D9: =2+0.35*2 -> 2.7 | E9: =D9/0.3 -> 9 | F9: =ROUND(C9*(D8+D9)/2,2) -> 197.75 | J9: =(3*2+0.35*3)*20 -> 141 | K9: 0.3 | L9: =ROUND(J9*(K8+K9)/2,2) -> 42.3 | M9: =((1.2+0.3*2)+1.075)*20 -> 57.5 | N9: =[2]高程及工密!M8 -> 0.28 | O9: =ROUND(M9*(N8+N9)/2,2) -> 18.98 | Q9: 20 | R9: =R4+(1.2+0.3+0.3)*20 -> 54 | S9: =5.18-S4 -> 3.28 | T9: =ROUND(R9*S9,2) -> 177.12 | Y9: =1.8*20 -> 36
B10: 140 | C10: 76.86 | D10: =2+0.35*2 -> 2.7 | E10: =D10/0.3 -> 9 | F10: =ROUND(C10*(D9+D10)/2,2) -> 207.52 | J10: =(3*2+0.35*3)*20 -> 141 | K10: 0.3 | L10: =ROUND(J10*(K9+K10)/2,2) -> 42.3 | M10: =((1.2+0.3*2)+1.075)*20 -> 57.5 | N10: =[2]高程及工密!M9 -> 0.3 | O10: =ROUND(M10*(N9+N10)/2,2) -> 16.68 | Q10: 40 | R10: =R5+(1.2+0.3+0.3)*20 -> 55.22 | S10: =5.18-S5 -> 3.28 | T10: =ROUND(R10*S10,2) -> 181.12
B11: 160 | C11: 77.34 | D11: =2+0.35*2 -> 2.7 | E11: =D11/0.3 -> 9 | F11: =ROUND(C11*(D10+D11)/2,2) -> 208.82 | J11: =(3*2+0.35*3)*20 -> 141 | K11: 0.3 | L11: =ROUND(J11*(K10+K11)/2,2) -> 42.3 | M11: =((1.2+0.3*2)+1.075)*20 -> 57.5 | N11: =[2]高程及工密!M10 -> 0.29 | O11: =ROUND(M11*(N10+N11)/2,2) -> 16.96 | Q11: 64.74 | R11: =R6+(1.2+0.3+0.3)*20 -> 60.61 | S11: =6.53-S6 -> 4.63 | T11: =ROUND(R11*S11,2) -> 280.62
B12: 180 | C12: 73.69 | D12: =2+0.35*2 -> 2.7 | E12: =D12/0.3 -> 9 | F12: =ROUND(C12*(D11+D12)/2,2) -> 198.96 | J12: =(3*2+0.35*3)*20 -> 141 | K12: 0.3 | L12: =ROUND(J12*(K11+K12)/2,2) -> 42.3 | M12: =((1.2+0.3*2)+1.075)*20 -> 57.5 | N12: =[2]高程及工密!M11 -> 0.3 | O12: =ROUND(M12*(N11+N12)/2,2) -> 16.96
B13: 200 | C13: 74.25 | D13: =2+0.35*2 -> 2.7 | E13: =D13/0.3 -> 9 | F13: =ROUND(C13*(D12+D13)/2,2) -> 200.48 | J13: =(3*2+0.35*3)*20 -> 141 | K13: 0.3 | L13: =ROUND(J13*(K12+K13)/2,2) -> 42.3 | M13: =((1.2+0.3*2)+1.075)*20 -> 57.5 | N13: =[2]高程及工密!M12 -> 0.34 | O13: =ROUND(M13*(N12+N13)/2,2) -> 18.4
B14: 220 | C14: 79.05 | D14: =2+0.35*2 -> 2.7 | E14: =D14/0.3 -> 9 | F14: =ROUND(C14*(D13+D14)/2,2) -> 213.44 | J14: =(3*2+0.35*3)*20 -> 141 | K14: 0.3 | L14: =ROUND(J14*(K13+K14)/2,2) -> 42.3 | M14: =((1.2+0.3*2)+1.075)*20 -> 57.5 | N14: =[2]高程及工密!M13 -> 0.26 | O14: =ROUND(M14*(N13+N14)/2,2) -> 17.25
B15: 240 | C15: 81.41 | D15: =2+0.35*2 -> 2.7 | E15: =D15/0.3 -> 9 | F15: =ROUND(C15*(D14+D15)/2,2) -> 219.81 | J15: =(3*2+0.35*3)*20 -> 141 | K15: 0.3 | L15: =ROUND(J15*(K14+K15)/2,2) -> 42.3 | M15: =((1.2+0.3*2)+1.075)*20 -> 57.5 | N15: =[2]高程及工密!M14 -> 0.5 | O15: =ROUND(M15*(N14+N15)/2,2) -> 21.85
B16: 260 | C16: 78.83 | D16: =2+0.35*2 -> 2.7 | E16: =D16/0.3 -> 9 | F16: =ROUND(C16*(D15+D16)/2,2) -> 212.84 | J16: =(3*2+0.35*3)*20 -> 141 | K16: =[2]高程及工密!L15 -> 0.55 | L16: =ROUND(J16*(K15+K16)/2,2) -> 59.93 | M16: =((1.2+0.3*2)+1.075)*20 -> 57.5 | N16: =[2]高程及工密!M15 -> 0.77 | O16: =ROUND(M16*(N15+N16)/2,2) -> 36.51
B17: 280 | C17: 77.06 | D17: =2+0.35*2 -> 2.7 | E17: =D17/0.3 -> 9 | F17: =ROUND(C17*(D16+D17)/2,2) -> 208.06 | J17: =(3*2+0.35*3)*20 -> 141 | K17: =[2]高程及工密!L16 -> 1.12 | L17: =ROUND(J17*(K16+K17)/2,2) -> 117.74 | M17: =((1.2+0.3*2)+1.075)*20 -> 57.5 | N17: =[2]高程及工密!M16 -> 1.31 | O17: =ROUND(M17*(N16+N17)/2,2) -> 59.8
B18: 300 | C18: 13.04 | F18: =ROUND(C18*D18,2) -> 0 | M18: =((1.2+0.3*2)+1.075)*20 -> 57.5 | N18: =[2]高程及工密!M17 -> 0.82 | O18: =ROUND(M18*(N17+N18)/2,2) -> 61.24 | Y18: =C19+G19+J19+M19+R19+V19 -> 4299.8775 | Z18: =Y18*0.3 -> 1289.9632 | AA18: =Y18/1000 -> 4.2998775
A19: 小計 | C19: =SUM(C4:C18) -> 1148.38 | F19: =SUM(F4:F18) -> 3091.11 | G19: =SUM(G4:G18) -> 203.55 | I19: =SUM(I4:I18) -> 461.7 | J19: =SUM(J4:J18) -> 1974 | L19: =SUM(L4:L18) -> 1607.42 | M19: =SUM(M4:M18) -> 676.4875 | O19: =SUM(O4:O18) -> 378.41 | R19: =SUM(R4:R18) -> 231.66 | T19: =SUM(T4:T18) -> 756.34 | V19: =SUM(V4:V18) -> 65.8 | X19: =SUM(X4:X18) -> 125.02 | Y19: =F19+I19+L19+O19+T19+X19 -> 6420 | Z19: =Y19-T19 -> 5663.66
A20: 總計 | E20: 回填土方量 | F20: =F19+I19+L19+O19+T19+X19 -> 6420
B21: 註1: | C21: 單孔箱涵與雙孔箱涵中間回填CLSM，寬度約1.05-1.1M平均1.075M，總長度=7.14+220+6.28=233.42M，1.075*233.42*(1.2+0.3*2)=451.67M3 | Y21: =Y19/0.3 -> 21400 | Z21: =Z19/0.3 -> 18878.867
C22: 箱涵上M2 | Y22: =Y21/1000 -> 21.4 | Z22: =Z21/1000 -> 18.878867
B23: 0
B24: 20 | C24: 159.36
B25: 40 | C25: 265.84
B26: 52.9 | C26: 179.14
B27: 60 | C27: 68.51
B28: 80 | C28: 194.04
B29: 100 | C29: 190.45
B30: 120 | C30: 192.1
B31: 140 | C31: 19.19
B32: 160 | C32: 185.3
B33: 180 | C33: 187.59
B34: 200 | C34: 188.95
B35: 220 | C35: 191.47
... B38: 280 | C38: 195.31
B39: 分界 | C39: 63.66
C41: 渠底高程 | D41: 箱涵頂 | R41: 渠底高程 | S41: 箱涵頂
A42: A0K+ | B42: 0 | C42: 1.75 | D42: =C42+2+0.35 -> 4.1 | P42: B0K+ | Q42: 0 | R42: 1.8 | S42: =R42+1.2+0.3 -> 3.3
B43: 20 | C43: 1.79 | D43: =C43+2+0.35 -> 4.14 | Q43: 20 | R43: 1.84 | S43: =R43+1.2+0.3 -> 3.34
B44: 40 | C44: 2.1 | D44: =C44+2+0.35 -> 4.45 | Q44: 40 | R44: 2.35 | S44: =R44+1.2+0.3 -> 3.85
B45: 60 | C45: 2.14 | D45: =C45+2+0.35 -> 4.49 | Q45: 64.74 | R45: 2.44 | S45: =R45+1.2+0.3 -> 3.94
B46: 80 | C46: 2.16 | D46: =C46+2+0.35 -> 4.51 | Q46: 80 | R46: 2.61 | S46: =R46+1.2+0.3 -> 4.11
B47: 100 | C47: 2.18 | D47: =C47+2+0.35 -> 4.53 | Q47: 100 | R47: 2.68 | S47: =R47+1.2+0.3 -> 4.18
B48: 120 | C48: 2.21 | D48: =C48+2+0.35 -> 4.56 | Q48: 120 | R48: 2.74 | S48: =R48+1.2+0.3 -> 4.24
B49: 140 | C49: 2.23 | D49: =C49+2+0.35 -> 4.58 | Q49: 140 | R49: 2.76 | S49: =R49+1.2+0.3 -> 4.26
B50: 160 | C50: 2.25 | D50: =C50+2+0.35 -> 4.6 | Q50: 160 | R50: 2.79 | S50: =R50+1.2+0.3 -> 4.29
B51: 180 | C51: 2.27 | D51: =C51+2+0.35 -> 4.62 | Q51: 180 | R51: 2.81 | S51: =R51+1.2+0.3 -> 4.31
B52: 200 | C52: 2.29 | D52: =C52+2+0.35 -> 4.64 | Q52: 200 | R52: 2.87 | S52: =R52+1.2+0.3 -> 4.37
B53: 220 | C53: 2.31 | D53: =C53+2+0.35 -> 4.66 | Q53: 220 | R53: 2.89 | S53: =R53+1.2+0.3 -> 4.39
B54: 240 | C54: 2.33 | D54: =C54+2+0.35 -> 4.68 | Q54: 240 | R54: 2.93 | S54: =R54+1.2+0.3 -> 4.43
... B56: 280 | C56: 2.36 | D56: =C56+2+0.35 -> 4.71 | Q56: 280 | R56: 3.02 | S56: =R56+1.2+0.3 -> 4.52
B57: 300 | Q57: 300 | R57: 3.04 | S57: =R57+1.2+0.3 -> 4.54

Sheet 堤牆加高
A1: 堤牆加高數量表
A2: 樁號 | C2: 長度(L) | D2: 高度 | E2: 厚度 | F2: CON | G2: 模板 | H2: 鋼筋
A3: 0K+ | B3: 29 | C3: 0 | D3: 0.08 | E3: 0.2 | F3: =C3*D3*E3 -> 0 | G3: =(D3+D4)/2*2*C3 -> 0
A4: 0K+ | B4: 40 | C4: =B4-B3 -> 11 | D4: 0.46 | E4: 0.2 | F4: =C4*((D4+D3)/2)*E4 -> 0.594 | G4: =(D3+D4)/2*2*C4 -> 5.94 | H4: =(C4/0.5*0.6+2*C4)*0.994 -> 34.9888
A5: 0K+ | B5: 60 | C5: =B5-B4 -> 20 | D5: 0.44 | E5: 0.2 | F5: =C5*((D5+D4)/2)*E5 -> 1.8 | G5: =(D4+D5)/2*2*C5 -> 18 | H5: =(C5/0.5*0.6+2*C5)*0.994 -> 63.616
A6: 0K+ | B6: 80 | C6: =B6-B5 -> 20 | D6: 0.42 | E6: 0.2 | F6: =C6*((D6+D5)/2)*E6 -> 1.72 | G6: =(D5+D6)/2*2*C6 -> 17.2 | H6: =(C6/0.5*0.6+2*C6)*0.994 -> 63.616
A7: 0K+ | B7: 100 | C7: =B7-B6 -> 20 | D7: 0.39 | E7: 0.2 | F7: =C7*((D7+D6)/2)*E7 -> 1.62 | G7: =(D6+D7)/2*2*C7 -> 16.2 | H7: =(C7/0.5*0.6+2*C7)*0.994 -> 63.616
A8: 0K+ | B8: 120 | C8: =B8-B7 -> 20 | D8: 0.3 | E8: 0.2 | F8: =C8*((D8+D7)/2)*E8 -> 1.38 | G8: =(D7+D8)/2*2*C8 -> 13.8 | H8: =(C8/0.5*0.6+2*C8)*0.994 -> 63.616
A9: 0K+ | B9: 140 | C9: =B9-B8 -> 20 | D9: 0.24 | E9: 0.2 | F9: =C9*((D9+D8)/2)*E9 -> 1.08 | G9: =(D8+D9)/2*2*C9 -> 10.8 | H9: =(C9/0.5*0.6+1*C9)*0.994 -> 43.736
A10: 0K+ | B10: 160 | C10: =B10-B9 -> 20 | D10: 0.18 | E10: 0.2 | F10: =C10*((D10+D9)/2)*E10 -> 0.84 | G10: =(D9+D10)/2*2*C10 -> 8.4 | H10: =(C10/0.5*0.6+1*C10)*0.994 -> 43.736
A11: 0K+ | B11: 180 | C11: =B11-B10 -> 20 | D11: 0.13 | E11: 0.2 | F11: =C11*((D11+D10)/2)*E11 -> 0.62 | G11: =(D10+D11)/2*2*C11 -> 6.2 | H11: =(C11/0.5*0.6+1*C11)*0.994 -> 43.736
A12: 0K+ | B12: 200 | C12: =B12-B11 -> 20 | D12: 0.13 | E12: 0.2 | F12: =C12*((D12+D11)/2)*E12 -> 0.52 | G12: =(D11+D12)/2*2*C12 -> 5.2 | H12: =(C12/0.5*0.6+1*C12)*0.994 -> 43.736
A13: 0K+ | B13: 220 | C13: =B13-B12 -> 20 | D13: 0.12 | E13: 0.2 | F13: =C13*((D13+D12)/2)*E13 -> 0.5 | G13: =(D12+D13)/2*2*C13 -> 5 | H13: =(C13/0.5*0.6+1*C13)*0.994 -> 43.736
A14: 0K+ | B14: 240 | C14: =B14-B13 -> 20 | D14: 0.1 | E14: 0.2 | F14: =C14*((D14+D13)/2)*E14 -> 0.44 | G14: =(D13+D14)/2*2*C14 -> 4.4 | H14: =(C14/0.5*0.6+1*C14)*0.994 -> 43.736
A15: 0K+ | B15: 260 | C15: =B15-B14 -> 20 | D15: 0.05 | E15: 0.2 | F15: =C15*((D15+D14)/2)*E15 -> 0.3 | G15: =(D14+D15)/2*2*C15 -> 3 | H15: =(C15/0.5*0.6+0*C15)*0.994 -> 23.856
A16: 0K+ | B16: 280 | C16: =B16-B15 -> 20 | D16: 0.02 | E16: 0.2 | F16: =C16*((D16+D15)/2)*E16 -> 0.14 | G16: =(D15+D16)/2*2*C16 -> 1.4 | H16: =(C16/0.5*0.6+0*C16)*0.994 -> 23.856
A19: 合計 | C19: =SUM(C3:C18) -> 251 | D19: =SUM(D3:D18) -> 3.06 | F19: =SUM(F3:F18) -> 11.554 | G19: =SUM(G3:G18) -> 115.54 | H19: =SUM(H3:H18) -> 599.5808

Sheet 砌石
A1: 砌石合約與實作數量比較表
A2: 位置 | B2: 合約 | C2: 合約單位 | D2: 數量 | E2: 單分砌石數量 | F2: 單價 | G2: 實作數量 | H2: 實作砌石數量M2 | I2: 每進行米體積 | J2: 合約-實作
A3: 護岸(一)(二)(三)第二層 | B3: 砌排石工，混凝土砌石 | C3: M2 | D3: 776 | F3: 2510.64 | G3: 775.885 | J3: 0.115
A4: 低水護岸 | B4: 低水護岸，拋石，塊石，硬石 | C4: C.M3 | D4: 235 | F4: 3297.86 | G4: 251.85 | J4: -16.85
A5: 固床工+點綴 | B5: 固床工，砌排石工，乾砌塊石 | C5: M2 | D5: 102 | E5: 合約單位M2，數量計算書單位C.M3，有會勘紀錄要追加點綴數量 | F5: 2952.01 | G5: 173.82 | J5: -71.82
A6: 景觀砌石擋牆A每米0.95LM3 | B6: 砌石擋牆A(合約無鋼線網單一計價項目，都在單分中) | C6: M | D6: 31.2 | E6: 31.2*0.95=29.64 | F6: 8355.11 | G6: 35.2 | H6: 170.83 | I6: 2.82
A7: 景觀砌石擋牆B每米0.83LM3 | B7: 砌石擋牆B(合約無鋼線網單一計價項目，都在單分中) | C7: M | D7: 17.9 | E7: 17.9*0.83=14.857 | F7: 5394.64 | G7: 24.3 | H7: 153.09 | I7: 2.52
A8: 護岸(一)(二)(三)第一層 | B8: 砌排石工，混凝土砌石(卵石均厚70cm) | C8: M2 | D8: 634.14 | G8: 559.715 | J8: 74.425
A11: 河道左右側 | C11: R1=第1層、R2=第2層(L同理)，轉角以第2層計算，第1層粒徑平均70cm(屬變更項目)
A12: R1樁號 | B12: 長度(L) | C12: 高度(M) | D12: 面積(M2) | E12: R2樁號 | F12: 長度(L) | G12: 高度(M) | H12: 面積(M2) | I12: L1樁號 | J12: 長度(L) | K12: 高度(M) | L12: 面積(M2) | M12: L2樁號 | N12: 長度(L) | O12: 高度(M) | P12: 面積(M2) | Q12: 樁號 | R12: 高(M) | S12: 底(M) | T12: 面積(M2)
A13: 0K+000 | B13: 0 | C13: 1.5 | D13: 0 | E13: 0K+000 | F13: 0 | G13: 3.3 | H13: 0 | I13: 0K+043.9 | J13: 43.9 | K13: 2.1 | L13: 92.19 | M13: 0K+049 | N13: 49 | O13: 3.3 | P13: 161.7 | Q13: 護岸轉角(三角形) | R13: 4.4 | S13: 3.3 | T13: 7.26
A14: 0K+020 | B14: 20 | C14: 1.6 | D14: 31 | E14: 0K+020 | F14: 20 | G14: 2.1 | H14: 54
A15: 0K+040 | B15: 20 | C15: 1.5 | D15: 31 | E15: 0K+040 | F15: 20 | G15: 2.1 | H15: 42 | M15: L2箱涵 | N15: 4.8 | O15: 1.5 | P15: 7.2
A16: 0K+060 | B16: 20 | C16: 1.53 | D16: 30.3 | E16: 0K+060 | F16: 20 | G16: 2.2 | H16: 43
A17: 0K+080 | B17: 20 | C17: 1.6 | D17: 31.3 | E17: 0K+080 | F17: 20 | G17: 2.15 | H17: 43.5
A18: 0K+100 | B18: 20 | C18: 1.59 | D18: 31.9 | E18: 0K+100 | F18: 20 | G18: 2.2 | H18: 43.5
A19: 0K+120 | B19: 20 | C19: 1.53 | D19: 31.2 | E19: 0K+120 | F19: 20 | G19: 2.2 | H19: 44
A20: 0K+140 | B20: 20 | C20: 1.58 | D20: 31.1 | E20: 0K+140 | F20: 20 | G20: 2.2 | H20: 44
A21: 0K+160 | B21: 20 | C21: 1.53 | D21: 31.1 | E21: 0K+160 | F21: 20 | G21: 2.2 | H21: 44
A22: 0K+180 | B22: 20 | C22: 1.5 | D22: 30.3 | E22: 0K+180 | F22: 20 | G22: 2.2 | H22: 44
A23: 0K+200 | B23: 20 | C23: 1.6 | D23: 31 | E23: 0K+200 | F23: 20 | G23: 2.25 | H23: 44.5
A24: 0K+220 | B24: 20 | C24: 1.6 | D24: 32 | E24: 0K+220 | F24: 20 | G24: 2.25 | H24: 45
A25: 0K+240 | B25: 20 | C25: 1.7 | D25: 33 | E25: 0K+240 | F25: 20 | G25: 2.25 | H25: 45
A26: 0K+260 | B26: 20 | C26: 1.95 | D26: 36.5 | E26: 0K+260 | F26: 20 | G26: 2.25 | H26: 45
A27: 0K+289 | B27: 29 | C27: 1.9 | D27: 55.825 | E27: 0K+274.5 | F27: 14.5 | G27: 2.25 | H27: 32.625
A28: 合計 | D28: 467.525 | H28: 614.125 | L28: 92.19 | P28: 154.5 | T28: 7.26 | U28: 1335.6
C29: 第1層 | D29: 559.715 | H29: 第2層 | I29: 775.885
A31: 低水護岸 | B31: 計價單位C.M3 | G31: 固床工 | L31: 點綴
A32: 樁號 | B32: 長度(L) | C32: 寬度(M) | D32: 面積(M2) | E32: C.M3 | G32: 樁號 | H32: 長度(M) | I32: 寬度(M) | J32: 面積(M2) | L32: 樁號 | M32: 長度(M) | N32: 寬度(M) | O32: 面積(M2)
A33: 0K+040 | B33: 0 | C33: 2 | D33: 0 | E33: 0 | G33: 0K+100 | H33: 9.1 | I33: 8 | J33: 72.8 | L33: 0K+010 | M33: 2 | N33: 3 | O33: 6
A34: 0K+060 | B34: 20 | C34: 2 | D34: 40 | E34: 20 | G34: 0K+180 | H34: 4.5 | I34: 4.9 | J34: 22.05 | L34: 0K+020 | M34: 2 | N34: 3 | O34: 6
A35: 0K+080 | B35: 20 | C35: 2.3 | D35: 43 | E35: 21.5 | L35: 0K+030 | M35: 3.3 | N35: 2.1 | O35: 6.93
A36: 0K+100 | B36: 20 | C36: 2 | D36: 43 | E36: 21.5 | G36: 合計 | J36: 94.85 | L36: 0K+065 | M36: 2.3 | N36: 2.5 | O36: 5.75
A37: 0K+120 | B37: 20 | C37: 2.2 | D37: 42 | E37: 21 | L37: 0K+078 | M37: 2 | N37: 2.8 | O37: 5.6
A38: 0K+140 | B38: 20 | C38: 2 | D38: 42 | E38: 21 | J38: =J36+O46 -> 173.82 | L38: 0K+085 | M38: 2.3 | N38: 3.1 | O38: 7.13
A39: 0K+160 | B39: 20 | C39: 2.4 | D39: 44 | E39: 22 | L39: 0K+090 | M39: 2 | N39: 2.6 | O39: 5.2
A40: 0K+180 | B40: 20 | C40: 2 | D40: 44 | E40: 22 | L40: 0K+095 | M40: 2 | N40: 2.6 | O40: 5.2
A41: 0K+200 | B41: 20 | C41: 2.5 | D41: 45 | E41: 22.5 | L41: 0K+120 | M41: 2 | N41: 4.1 | O41: 8.2
A42: 0K+220 | B42: 20 | C42: 1.75 | D42: 42.5 | E42: 21.25 | L42: 0K+130 | M42: 2.2 | N42: 3.4 | O42: 7.48
A43: 0K+240 | B43: 20 | C43: 2.06 | D43: 38.1 | E43: 19.05 | L43: 0K+150 | M43: 3.2 | N43: 2.5 | O43: 8
A44: 0K+260 | B44: 20 | C44: 2.05 | D44: 41.1 | E44: 20.55 | L44: 0K+265 | M44: 1.2 | N44: 1.4 | O44: 1.68
A45: 0K+280 | B45: 20 | C45: 1.85 | D45: 39 | E45: 19.5 | L45: 0K+270 | M45: 2 | N45: 2.9 | O45: 5.8
A46: 合計 | D46: 503.7 | E46: 251.85 | L46: 合計 | O46: 78.97
A48: 保護樹
A49: 樁號 | B49: 長度(M) | C49: 上游高度(M) | D49: 中游高度(M) | E49: 下游高度(M) | F49: 面積(M2) | G49: 平均H | H49: 粒徑平均 | I49: L.M3 | J49: 說明
A50: 保護樹A(上層) | B50: 35.2 | C50: 2 | D50: 2 | E50: 2 | F50: 70.4 | G50: 2 | H50: 0.45 | I50: 0.9 | J50: 原合約 | K50: 2.82
A51: 保護樹A(下層) | B51: 26.2 | C51: 3.8 | D51: 3.7 | E51: 4 | F51: 100.43333 | G51: 3.83 | H51: 0.5 | I51: 1.92 | J51: 變更增加
A52: 保護樹B | B52: 24.3 | C52: 8.1 | D52: 4.3 | E52: 6.5 | F52: 153.09 | G52: 6.3 | H52: 0.4 | I52: 2.52 | J52: 變更高度 | K52: 2.52
A54: 合計 | F54: 323.92333

Sheet 圍籬
A36: 第1階段施工圍籬施作位置示意圖

Sheet 土方回填
A1: 回填面積及土方量計算表
A2: 樁號 | B2: (雙) | C2: 面積 (RT) | D2: 回填 高度M | E2: 分層數 | F2: 回填 土方M3 | G2: 面積 (LT) | H2: 回填 高度M | I2: 回填 土方M3 | J2: 雙孔箱涵上面積 | K2: 回填 高度M | L2: 回填 土方M3 | M2: 單孔箱涵上+CLSM處面積 | N2: 回填 高度M | O2: 回填 土方M3 | P2: 樁號 | Q2: (單) | R2: 面積 (RT) | S2: 回填 高度M | T2: 回填 土方M3 | U2: 分層數 | V2: 面積 (LT) | W2: 回填 高度M | X2: 回填 土方M3
A3: A0K+ | B3: 0 | D3: 2.8 | E3: =ROUNDUP(D3/0.3,0) -> 10 | H3: =#REF!-#REF! -> #REF! | K3: =#REF! -> #REF! | N3: =#REF! -> #REF! | P3: B0K+ | Q3: 0 | S3: 1.9 | T3: =ROUND(R3*S3,2) -> 0
B4: 20 | C4: 90.51 | D4: 2.8 | E4: =ROUNDUP(D4/0.3,0) -> 10 | F4: =ROUND(C4*(D3+D4)/2,2) -> 253.43 | G4: 26.08 | H4: =#REF!-#REF! -> #REF! | I4: =ROUND(G4*(H3+H4)/2,2) -> #REF! | J4: =(3*2+0.35*3)*20 -> 141 | K4: =#REF! -> #REF! | L4: =ROUND(J4*(K3+K4)/2,2) -> #REF! | M4: 0 | N4: =#REF! -> #REF! | O4: =ROUND(M4*(N3+N4)/2,2) -> #REF! | Q4: 20 | R4: 18 | S4: =1.2+0.3*2+0.1 -> 1.9 | T4: =ROUND(R4*S4,2) -> 34.2 | U4: 7 | V4: 20.62 | W4: =1.2+0.3*2+0.1 -> 1.9 | X4: =ROUND(V4*W4,2) -> 39.18 | Y4: =H3+H4 -> #REF! | Z4: =Y4/2 -> #REF! | AA4: =G4*Z4 -> #REF!
B5: 40 | C5: 128.71 | D5: 2.8 | E5: =ROUNDUP(D4/0.3,0) -> 10 | F5: =ROUND(C5*(D4+D5)/2,2) -> 360.39 | G5: 124.71 | H5: =#REF!-#REF! -> #REF! | I5: =ROUND(G5*(H4+H5)/2,2) -> #REF! | J5: =(3*2+0.35*3)*20 -> 141 | K5: =#REF! -> #REF! | L5: =ROUND(J5*(K4+K5)/2,2) -> #REF! | M5: 0 | N5: =#REF! -> #REF! | O5: =ROUND(M5*(N4+N5)/2,2) -> #REF! | Q5: 40 | R5: 19.22 | S5: =1.2+0.3*2+0.1 -> 1.9 | T5: =ROUND(R5*S5,2) -> 36.52 | U5: 7 | V5: 20.1 | W5: =1.2+0.3*2+0.1 -> 1.9 | X5: =ROUND(V5*W5,2) -> 38.19
B6: 60 | C6: 75 | D6: =2+0.35*2 -> 2.7 | E6: =D6/0.3 -> 9 | F6: =ROUND(C6*(D5+D6)/2,2) -> 206.25 | G6: 52.76 | H6: =#REF!-#REF! -> #REF! | I6: =ROUND(G6*(H5+H6)/2,2) -> #REF! | J6: =(3*2+0.35*3)*20 -> 141 | K6: =#REF! -> #REF! | L6: =ROUND(J6*(K5+K6)/2,2) -> #REF! | M6: 0 | N6: =#REF! -> #REF! | O6: =ROUND(M6*(N5+N6)/2,2) -> #REF! | Q6: 64.74 | R6: 24.61 | S6: =1.2+0.3*2+0.1 -> 1.9 | T6: =ROUND(R6*S6,2) -> 46.76 | U6: 7 | V6: 25.08 | W6: =1.2+0.3*2+0.1 -> 1.9 | X6: =ROUND(V6*W6,2) -> 47.65
B7: 80 | C7: 74.38 | D7: =2+0.35*2 -> 2.7 | E7: =D7/0.3 -> 9 | F7: =ROUND(C7*(D6+D7)/2,2) -> 200.83 | J7: =(3*2+0.35*3)*20 -> 141 | K7: =#REF! -> #REF! | L7: =ROUND(J7*(K6+K7)/2,2) -> #REF! | M7: =((1.2+0.3*2)+1.075)*(80-64.7) -> 43.9875 | N7: =#REF! -> #REF! | O7: =ROUND(M7*(N6+N7)/2,2) -> #REF!
B8: 100 | C8: 75.01 | D8: =2+0.35*2 -> 2.7 | E8: =D8/0.3 -> 9 | F8: =ROUND(C8*(D7+D8)/2,2) -> 202.53 | J8: =(3*2+0.35*3)*20 -> 141 | K8: 0.3 | L8: =ROUND(J8*(K7+K8)/2,2) -> #REF! | M8: =((1.2+0.3*2)+1.075)*20 -> 57.5 | N8: =#REF! -> #REF! | O8: =ROUND(M8*(N7+N8)/2,2) -> #REF! | Q8: 0 | S8: =5.18-S3 -> 3.28 | T8: =ROUND(R8*S8,2) -> 0
B9: 120 | C9: 73.24 | D9: =2+0.35*2 -> 2.7 | E9: =D9/0.3 -> 9 | F9: =ROUND(C9*(D8+D9)/2,2) -> 197.75 | J9: =(3*2+0.35*3)*20 -> 141 | K9: 0.3 | L9: =ROUND(J9*(K8+K9)/2,2) -> 42.3 | M9: =((1.2+0.3*2)+1.075)*20 -> 57.5 | N9: =#REF! -> #REF! | O9: =ROUND(M9*(N8+N9)/2,2) -> #REF! | Q9: 20 | R9: =R4+(1.2+0.3+0.3)*20 -> 54 | S9: =5.18-S4 -> 3.28 | T9: =ROUND(R9*S9,2) -> 177.12 | Y9: =1.8*20 -> 36
B10: 140 | C10: 76.86 | D10: =2+0.35*2 -> 2.7 | E10: =D10/0.3 -> 9 | F10: =ROUND(C10*(D9+D10)/2,2) -> 207.52 | J10: =(3*2+0.35*3)*20 -> 141 | K10: 0.3 | L10: =ROUND(J10*(K9+K10)/2,2) -> 42.3 | M10: =((1.2+0.3*2)+1.075)*20 -> 57.5 | N10: =#REF! -> #REF! | O10: =ROUND(M10*(N9+N10)/2,2) -> #REF! | Q10: 40 | R10: =R5+(1.2+0.3+0.3)*20 -> 55.22 | S10: =5.18-S5 -> 3.28 | T10: =ROUND(R10*S10,2) -> 181.12
B11: 160 | C11: 77.34 | D11: =2+0.35*2 -> 2.7 | E11: =D11/0.3 -> 9 | F11: =ROUND(C11*(D10+D11)/2,2) -> 208.82 | J11: =(3*2+0.35*3)*20 -> 141 | K11: 0.3 | L11: =ROUND(J11*(K10+K11)/2,2) -> 42.3 | M11: =((1.2+0.3*2)+1.075)*20 -> 57.5 | N11: =#REF! -> #REF! | O11: =ROUND(M11*(N10+N11)/2,2) -> #REF! | Q11: 64.74 | R11: =R6+(1.2+0.3+0.3)*20 -> 60.61 | S11: =6.53-S6 -> 4.63 | T11: =ROUND(R11*S11,2) -> 280.62
B12: 180 | C12: 73.69 | D12: =2+0.35*2 -> 2.7 | E12: =D12/0.3 -> 9 | F12: =ROUND(C12*(D11+D12)/2,2) -> 198.96 | J12: =(3*2+0.35*3)*20 -> 141 | K12: 0.3 | L12: =ROUND(J12*(K11+K12)/2,2) -> 42.3 | M12: =((1.2+0.3*2)+1.075)*20 -> 57.5 | N12: =#REF! -> #REF! | O12: =ROUND(M12*(N11+N12)/2,2) -> #REF!
B13: 200 | C13: 74.25 | D13: =2+0.35*2 -> 2.7 | E13: =D13/0.3 -> 9 | F13: =ROUND(C13*(D12+D13)/2,2) -> 200.48 | J13: =(3*2+0.35*3)*20 -> 141 | K13: 0.3 | L13: =ROUND(J13*(K12+K13)/2,2) -> 42.3 | M13: =((1.2+0.3*2)+1.075)*20 -> 57.5 | N13: =#REF! -> #REF! | O13: =ROUND(M13*(N12+N13)/2,2) -> #REF!
B14: 220 | C14: 79.05 | D14: =2+0.35*2 -> 2.7 | E14: =D14/0.3 -> 9 | F14: =ROUND(C14*(D13+D14)/2,2) -> 213.44 | J14: =(3*2+0.35*3)*20 -> 141 | K14: 0.3 | L14: =ROUND(J14*(K13+K14)/2,2) -> 42.3 | M14: =((1.2+0.3*2)+1.075)*20 -> 57.5 | N14: =#REF! -> #REF! | O14: =ROUND(M14*(N13+N14)/2,2) -> #REF!
B15: 240 | C15: 81.41 | D15: =2+0.35*2 -> 2.7 | E15: =D15/0.3 -> 9 | F15: =ROUND(C15*(D14+D15)/2,2) -> 219.81 | J15: =(3*2+0.35*3)*20 -> 141 | K15: 0.3 | L15: =ROUND(J15*(K14+K15)/2,2) -> 42.3 | M15: =((1.2+0.3*2)+1.075)*20 -> 57.5 | N15: =#REF! -> #REF! | O15: =ROUND(M15*(N14+N15)/2,2) -> #REF!
B16: 260 | C16: 78.83 | D16: =2+0.35*2 -> 2.7 | E16: =D16/0.3 -> 9 | F16: =ROUND(C16*(D15+D16)/2,2) -> 212.84 | J16: =(3*2+0.35*3)*20 -> 141 | K16: =#REF! -> #REF! | L16: =ROUND(J16*(K15+K16)/2,2) -> #REF! | M16: =((1.2+0.3*2)+1.075)*20 -> 57.5 | N16: =#REF! -> #REF! | O16: =ROUND(M16*(N15+N16)/2,2) -> #REF!
B17: 280 | C17: 77.06 | D17: =2+0.35*2 -> 2.7 | E17: =D17/0.3 -> 9 | F17: =ROUND(C17*(D16+D17)/2,2) -> 208.06 | J17: =(3*2+0.35*3)*20 -> 141 | K17: =#REF! -> #REF! | L17: =ROUND(J17*(K16+K17)/2,2) -> #REF! | M17: =((1.2+0.3*2)+1.075)*20 -> 57.5 | N17: =#REF! -> #REF! | O17: =ROUND(M17*(N16+N17)/2,2) -> #REF!
B18: 300 | C18: 13.04 | F18: =ROUND(C18*D18,2) -> 0 | M18: =((1.2+0.3*2)+1.075)*20 -> 57.5 | N18: =#REF! -> #REF! | O18: =ROUND(M18*(N17+N18)/2,2) -> #REF! | Y18: =C19+G19+J19+M19+R19+V19 -> 4299.8775 | Z18: =Y18*0.3 -> 1289.9632 | AA18: =Y18/1000 -> 4.2998775
A19: 小計 | C19: =SUM(C4:C18) -> 1148.38 | F19: =SUM(F4:F18) -> 3091.11 | G19: =SUM(G4:G18) -> 203.55 | I19: =SUM(I4:I18) -> #REF! | J19: =SUM(J4:J18) -> 1974 | L19: =SUM(L4:L18) -> #REF! | M19: =SUM(M4:M18) -> 676.4875 | O19: =SUM(O4:O18) -> #REF! | R19: =SUM(R4:R18) -> 231.66 | T19: =SUM(T4:T18) -> 756.34 | V19: =SUM(V4:V18) -> 65.8 | X19: =SUM(X4:X18) -> 125.02 | Y19: =F19+I19+L19+O19+T19+X19 -> #REF! | Z19: =Y19-T19 -> #REF!
A20: 總計 | E20: 回填土方量 | F20: =F19+I19+L19+O19+T19+X19 -> #REF!
B21: 註1: | C21: 單孔箱涵與雙孔箱涵中間回填CLSM，寬度約1.05-1.1M平均1.075M，總長度=7.14+220+6.28=233.42M，1.075*233.42*(1.2+0.3*2)=451.67M3 | R21: 路基整理 | S21: =C19+G19+J19+M19 -> 4002.4175 | Y21: =Y19/0.3 -> #REF! | Z21: =Z19/0.3 -> #REF!
C22: 箱涵上M2 | Y22: =Y21/1000 -> #REF! | Z22: =Z21/1000 -> #REF!
B23: 0
B24: 20 | C24: 159.36
B25: 40 | C25: 265.84
B26: 52.9 | C26: 179.14
B27: 60 | C27: 68.51
B28: 80 | C28: 194.04
B29: 100 | C29: 190.45
B30: 120 | C30: 192.1
B31: 140 | C31: 19.19
B32: 160 | C32: 185.3
B33: 180 | C33: 187.59
B34: 200 | C34: 188.95
B35: 220 | C35: 191.47
... B38: 280 | C38: 195.31
B39: 分界 | C39: 63.66
C41: 渠底高程 | D41: 箱涵頂 | R41: 渠底高程 | S41: 箱涵頂
A42: A0K+ | B42: 0 | C42: 1.75 | D42: =C42+2+0.35 -> 4.1 | P42: B0K+ | Q42: 0 | R42: 1.8 | S42: =R42+1.2+0.3 -> 3.3
B43: 20 | C43: 1.79 | D43: =C43+2+0.35 -> 4.14 | Q43: 20 | R43: 1.84 | S43: =R43+1.2+0.3 -> 3.34
B44: 40 | C44: 2.1 | D44: =C44+2+0.35 -> 4.45 | Q44: 40 | R44: 2.35 | S44: =R44+1.2+0.3 -> 3.85
B45: 60 | C45: 2.14 | D45: =C45+2+0.35 -> 4.49 | Q45: 64.74 | R45: 2.44 | S45: =R45+1.2+0.3 -> 3.94
B46: 80 | C46: 2.16 | D46: =C46+2+0.35 -> 4.51 | Q46: 80 | R46: 2.61 | S46: =R46+1.2+0.3 -> 4.11
B47: 100 | C47: 2.18 | D47: =C47+2+0.35 -> 4.53 | Q47: 100 | R47: 2.68 | S47: =R47+1.2+0.3 -> 4.18
B48: 120 | C48: 2.21 | D48: =C48+2+0.35 -> 4.56 | Q48: 120 | R48: 2.74 | S48: =R48+1.2+0.3 -> 4.24
B49: 140 | C49: 2.23 | D49: =C49+2+0.35 -> 4.58 | Q49: 140 | R49: 2.76 | S49: =R49+1.2+0.3 -> 4.26
B50: 160 | C50: 2.25 | D50: =C50+2+0.35 -> 4.6 | Q50: 160 | R50: 2.79 | S50: =R50+1.2+0.3 -> 4.29
B51: 180 | C51: 2.27 | D51: =C51+2+0.35 -> 4.62 | Q51: 180 | R51: 2.81 | S51: =R51+1.2+0.3 -> 4.31
B52: 200 | C52: 2.29 | D52: =C52+2+0.35 -> 4.64 | Q52: 200 | R52: 2.87 | S52: =R52+1.2+0.3 -> 4.37
B53: 220 | C53: 2.31 | D53: =C53+2+0.35 -> 4.66 | Q53: 220 | R53: 2.89 | S53: =R53+1.2+0.3 -> 4.39
B54: 240 | C54: 2.33 | D54: =C54+2+0.35 -> 4.68 | Q54: 240 | R54: 2.93 | S54: =R54+1.2+0.3 -> 4.43
... B56: 280 | C56: 2.36 | D56: =C56+2+0.35 -> 4.71 | Q56: 280 | R56: 3.02 | S56: =R56+1.2+0.3 -> 4.52
B57: 300 | Q57: 300 | R57: 3.04 | S57: =R57+1.2+0.3 -> 4.54

Sheet 義交
A1: 義交協勤時數明細表 | N1: 45243
A2: 月份 | B2: 日間義交時數 | C2: 夜間義交時數 | D2: 當月時數小計 | E2: 備註 | N2: 45244
A3: 112年10月 | B3: 412.5 | C3: 32 | D3: =B3+C3 -> 444.5 | E3: 實際時數 | G3: =D3 -> 444.5 | N3: 45245
A4: 112年11月 | B4: 1409 | C4: 240 | D4: =B4+C4 -> 1649 | E4: 實際時數 | G4: =G3+D4 -> 2093.5 | N4: 45246
A5: 112年12月 | B5: =1456+451 -> 1907 | C5: =344+192 -> 536 | D5: =B5+C5 -> 2443 | E5: 實際時數 | G5: =G4+D5 -> 4536.5 | N5: 45247
A6: 113年1月 | B6: 1456 | C6: 248 | D6: =B6+C6 -> 1704 | E6: 實際時數 | G6: =G5+D6 -> 6240.5 | N6: 45248
A7: 113年2月 | B7: 1377 | C7: 344 | D7: =B7+C7 -> 1721 | E7: 實際時數，春節2/7-2/14夜間增派2名(8天24H3名) | G7: =G6+D7 -> 7961.5 | N7: 45249
A8: 113年3月 | B8: 1457 | C8: 248 | D8: =B8+C8 -> 1705 | E8: 實際時數 | G8: =G7+D8 -> 9666.5 | N8: 45250
A9: 113年4月 | B9: =3*30*16+30*0.5 -> 1455 | C9: =30*8+30*0.5 -> 255 | D9: =B9+C9 -> 1710 | E9: 實際時數 | G9: =G8+D9 -> 11376.5 | N9: 45251
A10: 113年5月 | B10: 1457 | C10: 248 | D10: =B10+C10 -> 1705 | E10: 實際時數 | G10: =G9+D10 -> 13081.5 | N10: 45252
A11: 113年6月 | B11: 1410 | C11: =1*8*30 -> 240 | D11: =B11+C11 -> 1650 | E11: 實際時數 | I11: (日間單價280(06-22時)、夜間單價350(22-06時) | N11: 45253
A12: 113年7月 | B12: 1361 | C12: 226 | D12: =B12+C12 -> 1587 | E12: 實際時數，凱米颱風無執勤 | N12: 45254
A13: 113年8月 | B13: 1457 | C13: 248 | D13: =B13+C13 -> 1705 | N13: 45255
A14: 113年9月 | N14: 45256
A15: 113年10月 | N15: 45257
A16: 113年11月 | N16: 45258
A17: 113年12月 | N17: 45259
N18: 45260
N19: 45261
A20: 累計 | B20: =SUM(B3:B19) -> 15158.5 | C20: =SUM(C3:C19) -> 2865 | D20: =SUM(D3:D19) -> 18023.5 | N20: 45262
N21: 45263
D22: =D20+1767 -> 19790.5 | N22: 45264
N23: 45265
N24: 45266
N25: 45267
N26: 45268
N27: 45269
N28: 45270
N29: 45271
N30: 45272
N31: 45273
N32: 45274
N33: 45275
N34: 45276
... N432: 45674
N433: 113/11/445
N434: 113/11/446
N435: 113/11/447
N436: 113/11/448
N437: 113/11/449
N438: 113/11/450
N439: 113/11/451
N440: 113/11/452
N441: 113/11/453
N442: 113/11/454
N443: 113/11/455
N444: 113/11/456
... N504: 113/11/516

Sheet 鄰房
A1: 磺港溪工程鄰近建築物現況鑑定
A2: 溪流名稱 | B2: 建物地址 | C2: 建物樓地板面積m2 | E2: 鑑定費用 (56/m2) | F2: 備註
B3: 台北市北投區崇仁路一段155巷2號1~5樓 | C3: 632.77*5+33.17+11.76= | D3: =ROUND(632.77*5+33.17+11.76,2) -> 3208.78 | E3: =ROUND(D3*56,0) -> 179692
B4: 台北市北投區崇仁路一段155巷4號1~5樓
B5: 台北市北投區崇仁路一段155巷6號1~5樓
B6: 台北市北投區崇仁路一段155巷8號1~5樓
B7: 台北市北投區崇仁路一段155巷10號1~5樓
B8: 台北市北投區崇仁路一段155巷12號1~5樓
A9: 合計 | C9: =SUM(D3:D8) -> 3208.78 | E9: =SUM(E3:E8) -> 179692
C12: 社團法人新北市土木技師公會計價
C13: 單元 | D13: 18655.45/100= | E13: =ROUND(C9/100,0) -> 32
C14: 價格 | D14: 20*8,000(級距1) +10*7,200(級距2) +20*6,400(級距3) +50*5,600(級距4) +(187-100)*4,800(級距5)= | E14: =ROUND(8000*20+7200*10+6400*20+5600*50+4800*(E13-100),0) -> 313600

Sheet 試驗統計
A1: 各項試驗統計表
B2: 至9/30 | C2: 個數 | D2: 還沒28天 | E2: 個數 | F2: 備註
A3: CLSM | B3: 12 | C3: =B3*6 -> 72 | D3: 4 | E3: =D3*6 -> 24
A4: 140 | B4: 1 | C4: =B4*5 -> 5
A5: 210 | B5: 35 | C5: =B5*5 -> 175 | F5: 送局品勞抗壓者不計入，因不用付錢
A6: 280 | B6: 8 | C6: =B6*5 -> 40
A7: 280II | B7: 13 | C7: =B7*5 -> 65
A8: 280水中 | B8: 9 | C8: =6*3+3*5 -> 33 | F8: 前6組試體只做3個
B9: 至9/30 | H9: 累計
A10: SD280W | B10: 22 | C10: 3 | H10: =SUM(B10:G10) -> 25
A11: SD420W | B11: 30 | H11: =SUM(B11:G11) -> 30
A12: 工地密度 | B12: 15 | C12: 3 | H12: =SUM(B12:G12) -> 18
A13: 原土 | B13: 1 | H13: =SUM(B13:G13) -> 1
A14: 級配 | B14: 1 | H14: =SUM(B14:G14) -> 1
A15: 級配壓密度 | B15: 1 | H15: =SUM(B15:G15) -> 1
A16: 植筋拉拔 | B16: =4+5 -> 9 | C16: 6 | H16: =SUM(B16:G16) -> 15
A17: 螺栓扭力 | B17: 3 | H17: =SUM(B17:G17) -> 3
A18: 超音波 | B18: =27 -> 27 | C18: =40+10 -> 50 | H18: =SUM(B18:G18) -> 77
A19: 鋼鐵件 | B19: 2 | H19: =SUM(B19:G19) -> 2
A20: 蜂巢格網 | B20: 2 | H20: =SUM(B20:G20) -> 2
A21: 鋼線網 | B21: 1 | H21: =SUM(B21:G21) -> 1
A22: 鍍鋅鋼線網 | B22: 2 | H22: =SUM(B22:G22) -> 2
A23: 鍍鋅格柵蓋 | C23: 2 | H23: =SUM(B23:G23) -> 2
A24: 化學螺栓拉拔 | C24: 3 | H24: =SUM(B24:G24) -> 3
H25: =SUM(B25:G25) -> 0
H26: =SUM(B26:G26) -> 0
A27: 350無收縮砂漿 | B27: 3 | C27: =B27*3 -> 9
A28: 210水泥砂漿 | B28: 5 | C28: =B28*3 -> 15
A29: 420無收縮混凝土 | B29: 6 | C29: =B29*3 -> 18
A30: 盤式支承 | B30: 2
A31: 預力基樁 | B31: 1
A32: RCP | B32: 1
